lat,lon,elev_m
-19.0,-71.0,0.0
-19.0,-70.95,0.0
-19.0,-70.9,0.0
-19.0,-70.85,0.0
-19.0,-70.8,0.0
-19.0,-70.75,0.0
-19.0,-70.7,0.0
-19.0,-70.65,0.0
-19.0,-70.6,0.0
-19.0,-70.55,0.0
-19.0,-70.5,0.0
-19.0,-70.45,0.0
-19.0,-70.4,0.0
-19.0,-70.35,0.0
-19.0,-70.3,839.0
-19.0,-70.25,1039.0
-19.0,-70.2,1078.0
-19.0,-70.15,991.0
-19.0,-70.1,1113.0
-19.0,-70.05,1276.0
-19.0,-70.0,1355.0
-19.0,-69.95,1407.0
-19.0,-69.9,896.0
-19.0,-69.85,774.0
-19.0,-69.8,1550.0
-19.0,-69.75,1586.0
-19.0,-69.7,2187.0
-19.0,-69.65,1949.0
-19.0,-69.6,2524.0
-19.0,-69.55,3014.0
-19.0,-69.5,3281.0
-19.0,-69.45,3611.0
-19.0,-69.4,3773.0
-19.0,-69.35,3589.0
-19.0,-69.3,3835.0
-19.0,-69.25,4001.0
-19.0,-69.2,4044.0
-19.0,-69.15,4487.0
-19.0,-69.1,4811.0
-19.0,-69.05,5004.0
-19.0,-69.0,4689.0
-19.0,-68.95,4309.0
-19.0,-68.9,4293.0
-19.0,-68.85,4770.0
-19.0,-68.8,4442.0
-19.0,-68.75,4203.0
-19.0,-68.7,3980.0
-19.0,-68.65,3849.0
-19.0,-68.6,4261.0
-19.0,-68.55,3891.0
-19.0,-68.5,3754.0
-19.0,-68.45,4288.0
-19.0,-68.4,4142.0
-19.0,-68.35,3699.0
-19.0,-68.3,3692.0
-19.0,-68.25,3685.0
-19.0,-68.2,3679.0
-19.0,-68.15,3682.0
-19.0,-68.1,3681.0
-19.0,-68.05,3681.0
-19.0,-68.0,3678.0
-18.75,-71.0,0.0
-18.75,-70.95,0.0
-18.75,-70.9,0.0
-18.75,-70.85,0.0
-18.75,-70.8,0.0
-18.75,-70.75,0.0
-18.75,-70.7,0.0
-18.75,-70.65,0.0
-18.75,-70.6,0.0
-18.75,-70.55,0.0
-18.75,-70.5,0.0
-18.75,-70.45,0.0
-18.75,-70.4,0.0
-18.75,-70.35,0.0
-18.75,-70.3,649.0
-18.75,-70.25,653.0
-18.75,-70.2,736.0
-18.75,-70.15,831.0
-18.75,-70.1,995.0
-18.75,-70.05,1152.0
-18.75,-70.0,1315.0
-18.75,-69.95,1456.0
-18.75,-69.9,1570.0
-18.75,-69.85,1746.0
-18.75,-69.8,1927.0
-18.75,-69.75,2166.0
-18.75,-69.7,2403.0
-18.75,-69.65,2869.0
-18.75,-69.6,2979.0
-18.75,-69.55,3459.0
-18.75,-69.5,3723.0
-18.75,-69.45,4065.0
-18.75,-69.4,4048.0
-18.75,-69.35,3921.0
-18.75,-69.3,4121.0
-18.75,-69.25,4392.0
-18.75,-69.2,4543.0
-18.75,-69.15,4237.0
-18.75,-69.1,4333.0
-18.75,-69.05,5340.0
-18.75,-69.0,4978.0
-18.75,-68.95,4860.0
-18.75,-68.9,4395.0
-18.75,-68.85,4247.0
-18.75,-68.8,4121.0
-18.75,-68.75,4015.0
-18.75,-68.7,4191.0
-18.75,-68.65,4110.0
-18.75,-68.6,3818.0
-18.75,-68.55,3786.0
-18.75,-68.5,3767.0
-18.75,-68.45,3752.0
-18.75,-68.4,3746.0
-18.75,-68.35,3772.0
-18.75,-68.3,3891.0
-18.75,-68.25,3725.0
-18.75,-68.2,3719.0
-18.75,-68.15,3716.0
-18.75,-68.1,3712.0
-18.75,-68.05,3710.0
-18.75,-68.0,3732.0
-18.5,-71.0,0.0
-18.5,-70.95,0.0
-18.5,-70.9,0.0
-18.5,-70.85,0.0
-18.5,-70.8,0.0
-18.5,-70.75,0.0
-18.5,-70.7,0.0
-18.5,-70.65,0.0
-18.5,-70.6,0.0
-18.5,-70.55,0.0
-18.5,-70.5,0.0
-18.5,-70.45,0.0
-18.5,-70.4,0.0
-18.5,-70.35,0.0
-18.5,-70.3,118.0
-18.5,-70.25,137.0
-18.5,-70.2,417.0
-18.5,-70.15,748.0
-18.5,-70.1,962.0
-18.5,-70.05,1153.0
-18.5,-70.0,1394.0
-18.5,-69.95,1623.0
-18.5,-69.9,1933.0
-18.5,-69.85,2100.0
-18.5,-69.8,2716.0
-18.5,-69.75,2964.0
-18.5,-69.7,2140.0
-18.5,-69.65,3281.0
-18.5,-69.6,3141.0
-18.5,-69.55,3007.0
-18.5,-69.5,3450.0
-18.5,-69.45,4302.0
-18.5,-69.4,4594.0
-18.5,-69.35,4396.0
-18.5,-69.3,4312.0
-18.5,-69.25,4131.0
-18.5,-69.2,4299.0
-18.5,-69.15,4285.0
-18.5,-69.1,4401.0
-18.5,-69.05,4505.0
-18.5,-69.0,4542.0
-18.5,-68.95,4049.0
-18.5,-68.9,3904.0
-18.5,-68.85,3872.0
-18.5,-68.8,3850.0
-18.5,-68.75,3835.0
-18.5,-68.7,3833.0
-18.5,-68.65,3830.0
-18.5,-68.6,3800.0
-18.5,-68.55,3811.0
-18.5,-68.5,3790.0
-18.5,-68.45,3779.0
-18.5,-68.4,3766.0
-18.5,-68.35,3757.0
-18.5,-68.3,3753.0
-18.5,-68.25,3753.0
-18.5,-68.2,3766.0
-18.5,-68.15,3777.0
-18.5,-68.1,3792.0
-18.5,-68.05,3789.0
-18.5,-68.0,3775.0
-18.25,-71.0,0.0
-18.25,-70.95,0.0
-18.25,-70.9,0.0
-18.25,-70.85,0.0
-18.25,-70.8,0.0
-18.25,-70.75,0.0
-18.25,-70.7,0.0
-18.25,-70.65,0.0
-18.25,-70.6,0.0
-18.25,-70.55,0.0
-18.25,-70.5,15.0
-18.25,-70.45,42.0
-18.25,-70.4,69.0
-18.25,-70.35,107.0
-18.25,-70.3,189.0
-18.25,-70.25,404.0
-18.25,-70.2,406.0
-18.25,-70.15,802.0
-18.25,-70.1,975.0
-18.25,-70.05,1142.0
-18.25,-70.0,1203.0
-18.25,-69.95,1734.0
-18.25,-69.9,2308.0
-18.25,-69.85,2589.0
-18.25,-69.8,3256.0
-18.25,-69.75,3475.0
-18.25,-69.7,3449.0
-18.25,-69.65,2406.0
-18.25,-69.6,3131.0
-18.25,-69.55,3660.0
-18.25,-69.5,4285.0
-18.25,-69.45,4839.0
-18.25,-69.4,4517.0
-18.25,-69.35,4447.0
-18.25,-69.3,4494.0
-18.25,-69.25,4864.0
-18.25,-69.2,4774.0
-18.25,-69.15,4556.0
-18.25,-69.1,4775.0
-18.25,-69.05,4847.0
-18.25,-69.0,4273.0
-18.25,-68.95,4165.0
-18.25,-68.9,4138.0
-18.25,-68.85,4369.0
-18.25,-68.8,4381.0
-18.25,-68.75,3989.0
-18.25,-68.7,3877.0
-18.25,-68.65,3882.0
-18.25,-68.6,4136.0
-18.25,-68.55,4787.0
-18.25,-68.5,4807.0
-18.25,-68.45,4224.0
-18.25,-68.4,4091.0
-18.25,-68.35,4003.0
-18.25,-68.3,3894.0
-18.25,-68.25,3896.0
-18.25,-68.2,3819.0
-18.25,-68.15,3812.0
-18.25,-68.1,3824.0
-18.25,-68.05,3926.0
-18.25,-68.0,3864.0
-18.0,-73.0,0.0
-18.0,-72.95,0.0
-18.0,-72.9,0.0
-18.0,-72.85,0.0
-18.0,-72.8,0.0
-18.0,-72.75,0.0
-18.0,-72.7,0.0
-18.0,-72.65,0.0
-18.0,-72.6,0.0
-18.0,-72.55,0.0
-18.0,-72.5,0.0
-18.0,-72.45,0.0
-18.0,-72.4,0.0
-18.0,-72.35,0.0
-18.0,-72.3,0.0
-18.0,-72.25,0.0
-18.0,-72.2,0.0
-18.0,-72.15,0.0
-18.0,-72.1,0.0
-18.0,-72.05,0.0
-18.0,-72.0,0.0
-18.0,-71.95,0.0
-18.0,-71.9,0.0
-18.0,-71.85,0.0
-18.0,-71.8,0.0
-18.0,-71.75,0.0
-18.0,-71.7,0.0
-18.0,-71.65,0.0
-18.0,-71.6,0.0
-18.0,-71.55,0.0
-18.0,-71.5,0.0
-18.0,-71.45,0.0
-18.0,-71.4,0.0
-18.0,-71.35,0.0
-18.0,-71.3,0.0
-18.0,-71.25,0.0
-18.0,-71.2,0.0
-18.0,-71.15,0.0
-18.0,-71.1,0.0
-18.0,-71.05,0.0
-18.0,-71.0,0.0
-18.0,-70.95,0.0
-18.0,-70.9,0.0
-18.0,-70.85,645.0
-18.0,-70.8,552.0
-18.0,-70.75,426.0
-18.0,-70.7,270.0
-18.0,-70.65,191.0
-18.0,-70.6,234.0
-18.0,-70.55,280.0
-18.0,-70.5,325.0
-18.0,-70.45,422.0
-18.0,-70.4,551.0
-18.0,-70.35,661.0
-18.0,-70.3,757.0
-18.0,-70.25,594.0
-18.0,-70.2,707.0
-18.0,-70.15,1021.0
-18.0,-70.1,1105.0
-18.0,-70.05,1281.0
-18.0,-70.0,2023.0
-18.0,-69.95,2174.0
-18.0,-69.9,3294.0
-18.0,-69.85,3619.0
-18.0,-69.8,4050.0
-18.0,-69.75,4032.0
-18.0,-69.7,4058.0
-18.0,-69.65,3902.0
-18.0,-69.6,3895.0
-18.0,-69.55,4015.0
-18.0,-69.5,4142.0
-18.0,-69.45,4187.0
-18.0,-69.4,4319.0
-18.0,-69.35,4639.0
-18.0,-69.3,4421.0
-18.0,-69.25,4291.0
-18.0,-69.2,4472.0
-18.0,-69.15,4801.0
-18.0,-69.1,5079.0
-18.0,-69.05,4987.0
-18.0,-69.0,5214.0
-18.0,-68.95,4576.0
-18.0,-68.9,4579.0
-18.0,-68.85,4308.0
-18.0,-68.8,4211.0
-18.0,-68.75,4309.0
-18.0,-68.7,4099.0
-18.0,-68.65,4170.0
-18.0,-68.6,4015.0
-18.0,-68.55,4079.0
-18.0,-68.5,4223.0
-18.0,-68.45,4427.0
-18.0,-68.4,4195.0
-18.0,-68.35,4113.0
-18.0,-68.3,4115.0
-18.0,-68.25,4103.0
-18.0,-68.2,4268.0
-18.0,-68.15,4007.0
-18.0,-68.1,3983.0
-18.0,-68.05,3926.0
-18.0,-68.0,3954.0
-17.75,-73.0,0.0
-17.75,-72.95,0.0
-17.75,-72.9,0.0
-17.75,-72.85,0.0
-17.75,-72.8,0.0
-17.75,-72.75,0.0
-17.75,-72.7,0.0
-17.75,-72.65,0.0
-17.75,-72.6,0.0
-17.75,-72.55,0.0
-17.75,-72.5,0.0
-17.75,-72.45,0.0
-17.75,-72.4,0.0
-17.75,-72.35,0.0
-17.75,-72.3,0.0
-17.75,-72.25,0.0
-17.75,-72.2,0.0
-17.75,-72.15,0.0
-17.75,-72.1,0.0
-17.75,-72.05,0.0
-17.75,-72.0,0.0
-17.75,-71.95,0.0
-17.75,-71.9,0.0
-17.75,-71.85,0.0
-17.75,-71.8,0.0
-17.75,-71.75,0.0
-17.75,-71.7,0.0
-17.75,-71.65,0.0
-17.75,-71.6,0.0
-17.75,-71.55,0.0
-17.75,-71.5,0.0
-17.75,-71.45,0.0
-17.75,-71.4,0.0
-17.75,-71.35,0.0
-17.75,-71.3,0.0
-17.75,-71.25,0.0
-17.75,-71.2,120.0
-17.75,-71.15,371.0
-17.75,-71.1,1069.0
-17.75,-71.05,1362.0
-17.75,-71.0,535.0
-17.75,-70.95,460.0
-17.75,-70.9,374.0
-17.75,-70.85,734.0
-17.75,-70.8,759.0
-17.75,-70.75,681.0
-17.75,-70.7,684.0
-17.75,-70.65,765.0
-17.75,-70.6,845.0
-17.75,-70.55,801.0
-17.75,-70.5,979.0
-17.75,-70.45,792.0
-17.75,-70.4,928.0
-17.75,-70.35,1095.0
-17.75,-70.3,1309.0
-17.75,-70.25,1490.0
-17.75,-70.2,1779.0
-17.75,-70.15,2018.0
-17.75,-70.1,2308.0
-17.75,-70.05,2093.0
-17.75,-70.0,2945.0
-17.75,-69.95,3238.0
-17.75,-69.9,3789.0
-17.75,-69.85,4507.0
-17.75,-69.8,4462.0
-17.75,-69.75,4498.0
-17.75,-69.7,4123.0
-17.75,-69.65,4705.0
-17.75,-69.6,4743.0
-17.75,-69.55,4472.0
-17.75,-69.5,4685.0
-17.75,-69.45,4682.0
-17.75,-69.4,4164.0
-17.75,-69.35,4089.0
-17.75,-69.3,4131.0
-17.75,-69.25,4157.0
-17.75,-69.2,4222.0
-17.75,-69.15,4591.0
-17.75,-69.1,4328.0
-17.75,-69.05,4408.0
-17.75,-69.0,4310.0
-17.75,-68.95,4208.0
-17.75,-68.9,4114.0
-17.75,-68.85,4096.0
-17.75,-68.8,4078.0
-17.75,-68.75,4059.0
-17.75,-68.7,4108.0
-17.75,-68.65,4164.0
-17.75,-68.6,4114.0
-17.75,-68.55,4083.0
-17.75,-68.5,3993.0
-17.75,-68.45,3905.0
-17.75,-68.4,3894.0
-17.75,-68.35,3871.0
-17.75,-68.3,3904.0
-17.75,-68.25,3956.0
-17.75,-68.2,4049.0
-17.75,-68.15,3968.0
-17.75,-68.1,4116.0
-17.75,-68.05,3958.0
-17.75,-68.0,3855.0
-17.5,-73.0,0.0
-17.5,-72.95,0.0
-17.5,-72.9,0.0
-17.5,-72.85,0.0
-17.5,-72.8,0.0
-17.5,-72.75,0.0
-17.5,-72.7,0.0
-17.5,-72.65,0.0
-17.5,-72.6,0.0
-17.5,-72.55,0.0
-17.5,-72.5,0.0
-17.5,-72.45,0.0
-17.5,-72.4,0.0
-17.5,-72.35,0.0
-17.5,-72.3,0.0
-17.5,-72.25,0.0
-17.5,-72.2,0.0
-17.5,-72.15,0.0
-17.5,-72.1,0.0
-17.5,-72.05,0.0
-17.5,-72.0,0.0
-17.5,-71.95,0.0
-17.5,-71.9,0.0
-17.5,-71.85,0.0
-17.5,-71.8,0.0
-17.5,-71.75,0.0
-17.5,-71.7,0.0
-17.5,-71.65,0.0
-17.5,-71.6,0.0
-17.5,-71.55,0.0
-17.5,-71.5,0.0
-17.5,-71.45,0.0
-17.5,-71.4,0.0
-17.5,-71.35,181.0
-17.5,-71.3,1217.0
-17.5,-71.25,1299.0
-17.5,-71.2,1106.0
-17.5,-71.15,585.0
-17.5,-71.1,1144.0
-17.5,-71.05,1090.0
-17.5,-71.0,1153.0
-17.5,-70.95,845.0
-17.5,-70.9,883.0
-17.5,-70.85,1061.0
-17.5,-70.8,1016.0
-17.5,-70.75,1003.0
-17.5,-70.7,1013.0
-17.5,-70.65,1211.0
-17.5,-70.6,1337.0
-17.5,-70.55,1210.0
-17.5,-70.5,1723.0
-17.5,-70.45,2197.0
-17.5,-70.4,2128.0
-17.5,-70.35,1695.0
-17.5,-70.3,2056.0
-17.5,-70.25,2562.0
-17.5,-70.2,2131.0
-17.5,-70.15,2974.0
-17.5,-70.1,2534.0
-17.5,-70.05,2993.0
-17.5,-70.0,3997.0
-17.5,-69.95,4393.0
-17.5,-69.9,4820.0
-17.5,-69.85,5301.0
-17.5,-69.8,4748.0
-17.5,-69.75,4666.0
-17.5,-69.7,4987.0
-17.5,-69.65,4798.0
-17.5,-69.6,4360.0
-17.5,-69.55,4178.0
-17.5,-69.5,4143.0
-17.5,-69.45,4089.0
-17.5,-69.4,4054.0
-17.5,-69.35,4063.0
-17.5,-69.3,4014.0
-17.5,-69.25,4004.0
-17.5,-69.2,4053.0
-17.5,-69.15,4068.0
-17.5,-69.1,3985.0
-17.5,-69.05,3969.0
-17.5,-69.0,4013.0
-17.5,-68.95,4043.0
-17.5,-68.9,4034.0
-17.5,-68.85,4049.0
-17.5,-68.8,4060.0
-17.5,-68.75,4088.0
-17.5,-68.7,3915.0
-17.5,-68.65,3976.0
-17.5,-68.6,3890.0
-17.5,-68.55,3813.0
-17.5,-68.5,3861.0
-17.5,-68.45,3819.0
-17.5,-68.4,3852.0
-17.5,-68.35,3793.0
-17.5,-68.3,3794.0
-17.5,-68.25,3776.0
-17.5,-68.2,3792.0
-17.5,-68.15,3796.0
-17.5,-68.1,3775.0
-17.5,-68.05,3798.0
-17.5,-68.0,3774.0
-17.25,-73.0,0.0
-17.25,-72.95,0.0
-17.25,-72.9,0.0
-17.25,-72.85,0.0
-17.25,-72.8,0.0
-17.25,-72.75,0.0
-17.25,-72.7,0.0
-17.25,-72.65,0.0
-17.25,-72.6,0.0
-17.25,-72.55,0.0
-17.25,-72.5,0.0
-17.25,-72.45,0.0
-17.25,-72.4,0.0
-17.25,-72.35,0.0
-17.25,-72.3,0.0
-17.25,-72.25,0.0
-17.25,-72.2,0.0
-17.25,-72.15,0.0
-17.25,-72.1,0.0
-17.25,-72.05,0.0
-17.25,-72.0,0.0
-17.25,-71.95,0.0
-17.25,-71.9,0.0
-17.25,-71.85,0.0
-17.25,-71.8,0.0
-17.25,-71.75,0.0
-17.25,-71.7,0.0
-17.25,-71.65,0.0
-17.25,-71.6,0.0
-17.25,-71.55,210.0
-17.25,-71.5,254.0
-17.25,-71.45,1025.0
-17.25,-71.4,1080.0
-17.25,-71.35,1193.0
-17.25,-71.3,1257.0
-17.25,-71.25,1337.0
-17.25,-71.2,1414.0
-17.25,-71.15,1319.0
-17.25,-71.1,1204.0
-17.25,-71.05,1444.0
-17.25,-71.0,1353.0
-17.25,-70.95,1497.0
-17.25,-70.9,1908.0
-17.25,-70.85,2095.0
-17.25,-70.8,2288.0
-17.25,-70.75,2422.0
-17.25,-70.7,2897.0
-17.25,-70.65,3220.0
-17.25,-70.6,3583.0
-17.25,-70.55,3502.0
-17.25,-70.5,3567.0
-17.25,-70.45,3943.0
-17.25,-70.4,3844.0
-17.25,-70.35,3234.0
-17.25,-70.3,3876.0
-17.25,-70.25,3433.0
-17.25,-70.2,3562.0
-17.25,-70.15,3996.0
-17.25,-70.1,4190.0
-17.25,-70.05,4465.0
-17.25,-70.0,4619.0
-17.25,-69.95,4863.0
-17.25,-69.9,4443.0
-17.25,-69.85,4351.0
-17.25,-69.8,4295.0
-17.25,-69.75,4323.0
-17.25,-69.7,4483.0
-17.25,-69.65,4201.0
-17.25,-69.6,4208.0
-17.25,-69.55,4337.0
-17.25,-69.5,4183.0
-17.25,-69.45,4625.0
-17.25,-69.4,4675.0
-17.25,-69.35,4170.0
-17.25,-69.3,4023.0
-17.25,-69.25,4162.0
-17.25,-69.2,4027.0
-17.25,-69.15,4259.0
-17.25,-69.1,4080.0
-17.25,-69.05,4028.0
-17.25,-69.0,4031.0
-17.25,-68.95,3888.0
-17.25,-68.9,3892.0
-17.25,-68.85,3932.0
-17.25,-68.8,3891.0
-17.25,-68.75,3876.0
-17.25,-68.7,3881.0
-17.25,-68.65,3854.0
-17.25,-68.6,3826.0
-17.25,-68.55,3899.0
-17.25,-68.5,3917.0
-17.25,-68.45,3927.0
-17.25,-68.4,4054.0
-17.25,-68.35,4220.0
-17.25,-68.3,4444.0
-17.25,-68.25,4438.0
-17.25,-68.2,4358.0
-17.25,-68.15,4223.0
-17.25,-68.1,3996.0
-17.25,-68.05,3901.0
-17.25,-68.0,3831.0
-17.0,-75.0,0.0
-17.0,-74.95,0.0
-17.0,-74.9,0.0
-17.0,-74.85,0.0
-17.0,-74.8,0.0
-17.0,-74.75,0.0
-17.0,-74.7,0.0
-17.0,-74.65,0.0
-17.0,-74.6,0.0
-17.0,-74.55,0.0
-17.0,-74.5,0.0
-17.0,-74.45,0.0
-17.0,-74.4,0.0
-17.0,-74.35,0.0
-17.0,-74.3,0.0
-17.0,-74.25,0.0
-17.0,-74.2,0.0
-17.0,-74.15,0.0
-17.0,-74.1,0.0
-17.0,-74.05,0.0
-17.0,-74.0,0.0
-17.0,-73.95,0.0
-17.0,-73.9,0.0
-17.0,-73.85,0.0
-17.0,-73.8,0.0
-17.0,-73.75,0.0
-17.0,-73.7,0.0
-17.0,-73.65,0.0
-17.0,-73.6,0.0
-17.0,-73.55,0.0
-17.0,-73.5,0.0
-17.0,-73.45,0.0
-17.0,-73.4,0.0
-17.0,-73.35,0.0
-17.0,-73.3,0.0
-17.0,-73.25,0.0
-17.0,-73.2,0.0
-17.0,-73.15,0.0
-17.0,-73.1,0.0
-17.0,-73.05,0.0
-17.0,-73.0,0.0
-17.0,-72.95,0.0
-17.0,-72.9,0.0
-17.0,-72.85,0.0
-17.0,-72.8,0.0
-17.0,-72.75,0.0
-17.0,-72.7,0.0
-17.0,-72.65,0.0
-17.0,-72.6,0.0
-17.0,-72.55,0.0
-17.0,-72.5,0.0
-17.0,-72.45,0.0
-17.0,-72.4,0.0
-17.0,-72.35,0.0
-17.0,-72.3,0.0
-17.0,-72.25,0.0
-17.0,-72.2,0.0
-17.0,-72.15,0.0
-17.0,-72.1,103.0
-17.0,-72.05,171.0
-17.0,-72.0,304.0
-17.0,-71.95,629.0
-17.0,-71.9,611.0
-17.0,-71.85,851.0
-17.0,-71.8,933.0
-17.0,-71.75,759.0
-17.0,-71.7,580.0
-17.0,-71.65,241.0
-17.0,-71.6,271.0
-17.0,-71.55,607.0
-17.0,-71.5,1180.0
-17.0,-71.45,1153.0
-17.0,-71.4,1147.0
-17.0,-71.35,1520.0
-17.0,-71.3,1771.0
-17.0,-71.25,1993.0
-17.0,-71.2,2087.0
-17.0,-71.15,2034.0
-17.0,-71.1,2274.0
-17.0,-71.05,2253.0
-17.0,-71.0,2606.0
-17.0,-70.95,2896.0
-17.0,-70.9,3208.0
-17.0,-70.85,2642.0
-17.0,-70.8,3461.0
-17.0,-70.75,3623.0
-17.0,-70.7,3867.0
-17.0,-70.65,3895.0
-17.0,-70.6,4281.0
-17.0,-70.55,4800.0
-17.0,-70.5,5011.0
-17.0,-70.45,5315.0
-17.0,-70.4,4821.0
-17.0,-70.35,4956.0
-17.0,-70.3,4591.0
-17.0,-70.25,4480.0
-17.0,-70.2,4654.0
-17.0,-70.15,4991.0
-17.0,-70.1,5294.0
-17.0,-70.05,4605.0
-17.0,-70.0,4556.0
-17.0,-69.95,4502.0
-17.0,-69.9,4496.0
-17.0,-69.85,4699.0
-17.0,-69.8,4880.0
-17.0,-69.75,4686.0
-17.0,-69.7,4145.0
-17.0,-69.65,4112.0
-17.0,-69.6,4212.0
-17.0,-69.55,4474.0
-17.0,-69.5,4478.0
-17.0,-69.45,4340.0
-17.0,-69.4,4237.0
-17.0,-69.35,4277.0
-17.0,-69.3,3939.0
-17.0,-69.25,3880.0
-17.0,-69.2,3870.0
-17.0,-69.15,3868.0
-17.0,-69.1,3861.0
-17.0,-69.05,3864.0
-17.0,-69.0,3965.0
-17.0,-68.95,4060.0
-17.0,-68.9,3876.0
-17.0,-68.85,3821.0
-17.0,-68.8,3830.0
-17.0,-68.75,3856.0
-17.0,-68.7,3854.0
-17.0,-68.65,3889.0
-17.0,-68.6,3927.0
-17.0,-68.55,4050.0
-17.0,-68.5,4207.0
-17.0,-68.45,4409.0
-17.0,-68.4,4214.0
-17.0,-68.35,4215.0
-17.0,-68.3,4436.0
-17.0,-68.25,4347.0
-17.0,-68.2,4026.0
-17.0,-68.15,3989.0
-17.0,-68.1,3960.0
-17.0,-68.05,4008.0
-17.0,-68.0,4205.0
-16.75,-75.0,0.0
-16.75,-74.95,0.0
-16.75,-74.9,0.0
-16.75,-74.85,0.0
-16.75,-74.8,0.0
-16.75,-74.75,0.0
-16.75,-74.7,0.0
-16.75,-74.65,0.0
-16.75,-74.6,0.0
-16.75,-74.55,0.0
-16.75,-74.5,0.0
-16.75,-74.45,0.0
-16.75,-74.4,0.0
-16.75,-74.35,0.0
-16.75,-74.3,0.0
-16.75,-74.25,0.0
-16.75,-74.2,0.0
-16.75,-74.15,0.0
-16.75,-74.1,0.0
-16.75,-74.05,0.0
-16.75,-74.0,0.0
-16.75,-73.95,0.0
-16.75,-73.9,0.0
-16.75,-73.85,0.0
-16.75,-73.8,0.0
-16.75,-73.75,0.0
-16.75,-73.7,0.0
-16.75,-73.65,0.0
-16.75,-73.6,0.0
-16.75,-73.55,0.0
-16.75,-73.5,0.0
-16.75,-73.45,0.0
-16.75,-73.4,0.0
-16.75,-73.35,0.0
-16.75,-73.3,0.0
-16.75,-73.25,0.0
-16.75,-73.2,0.0
-16.75,-73.15,0.0
-16.75,-73.1,0.0
-16.75,-73.05,0.0
-16.75,-73.0,0.0
-16.75,-72.95,0.0
-16.75,-72.9,0.0
-16.75,-72.85,0.0
-16.75,-72.8,0.0
-16.75,-72.75,0.0
-16.75,-72.7,0.0
-16.75,-72.65,0.0
-16.75,-72.6,0.0
-16.75,-72.55,0.0
-16.75,-72.5,0.0
-16.75,-72.45,0.0
-16.75,-72.4,34.0
-16.75,-72.35,312.0
-16.75,-72.3,743.0
-16.75,-72.25,1073.0
-16.75,-72.2,1104.0
-16.75,-72.15,1395.0
-16.75,-72.1,1202.0
-16.75,-72.05,1148.0
-16.75,-72.0,1142.0
-16.75,-71.95,1178.0
-16.75,-71.9,1186.0
-16.75,-71.85,1245.0
-16.75,-71.8,1320.0
-16.75,-71.75,1414.0
-16.75,-71.7,1550.0
-16.75,-71.65,1574.0
-16.75,-71.6,1948.0
-16.75,-71.55,2424.0
-16.75,-71.5,2173.0
-16.75,-71.45,2466.0
-16.75,-71.4,2595.0
-16.75,-71.35,2813.0
-16.75,-71.3,2676.0
-16.75,-71.25,2612.0
-16.75,-71.2,2225.0
-16.75,-71.15,2735.0
-16.75,-71.1,1800.0
-16.75,-71.05,1459.0
-16.75,-71.0,1460.0
-16.75,-70.95,2784.0
-16.75,-70.9,1992.0
-16.75,-70.85,1974.0
-16.75,-70.8,2059.0
-16.75,-70.75,2286.0
-16.75,-70.7,2914.0
-16.75,-70.65,4083.0
-16.75,-70.6,4978.0
-16.75,-70.55,4810.0
-16.75,-70.5,4884.0
-16.75,-70.45,4536.0
-16.75,-70.4,4398.0
-16.75,-70.35,4702.0
-16.75,-70.3,4816.0
-16.75,-70.25,4681.0
-16.75,-70.2,4611.0
-16.75,-70.15,4561.0
-16.75,-70.1,4599.0
-16.75,-70.05,4739.0
-16.75,-70.0,4721.0
-16.75,-69.95,4580.0
-16.75,-69.9,4403.0
-16.75,-69.85,4223.0
-16.75,-69.8,4060.0
-16.75,-69.75,4007.0
-16.75,-69.7,3972.0
-16.75,-69.65,4034.0
-16.75,-69.6,4080.0
-16.75,-69.55,4595.0
-16.75,-69.5,4747.0
-16.75,-69.45,4649.0
-16.75,-69.4,4339.0
-16.75,-69.35,4064.0
-16.75,-69.3,4114.0
-16.75,-69.25,3869.0
-16.75,-69.2,3837.0
-16.75,-69.15,3837.0
-16.75,-69.1,3836.0
-16.75,-69.05,3830.0
-16.75,-69.0,3827.0
-16.75,-68.95,3828.0
-16.75,-68.9,3831.0
-16.75,-68.85,3843.0
-16.75,-68.8,3863.0
-16.75,-68.75,4068.0
-16.75,-68.7,4200.0
-16.75,-68.65,4466.0
-16.75,-68.6,4429.0
-16.75,-68.55,4360.0
-16.75,-68.5,4139.0
-16.75,-68.45,4042.0
-16.75,-68.4,3909.0
-16.75,-68.35,3873.0
-16.75,-68.3,4035.0
-16.75,-68.25,3873.0
-16.75,-68.2,3905.0
-16.75,-68.15,4027.0
-16.75,-68.1,4185.0
-16.75,-68.05,3992.0
-16.75,-68.0,3292.0
-16.5,-75.0,0.0
-16.5,-74.95,0.0
-16.5,-74.9,0.0
-16.5,-74.85,0.0
-16.5,-74.8,0.0
-16.5,-74.75,0.0
-16.5,-74.7,0.0
-16.5,-74.65,0.0
-16.5,-74.6,0.0
-16.5,-74.55,0.0
-16.5,-74.5,0.0
-16.5,-74.45,0.0
-16.5,-74.4,0.0
-16.5,-74.35,0.0
-16.5,-74.3,0.0
-16.5,-74.25,0.0
-16.5,-74.2,0.0
-16.5,-74.15,0.0
-16.5,-74.1,0.0
-16.5,-74.05,0.0
-16.5,-74.0,0.0
-16.5,-73.95,0.0
-16.5,-73.9,0.0
-16.5,-73.85,0.0
-16.5,-73.8,0.0
-16.5,-73.75,0.0
-16.5,-73.7,0.0
-16.5,-73.65,0.0
-16.5,-73.6,0.0
-16.5,-73.55,0.0
-16.5,-73.5,0.0
-16.5,-73.45,0.0
-16.5,-73.4,0.0
-16.5,-73.35,0.0
-16.5,-73.3,0.0
-16.5,-73.25,0.0
-16.5,-73.2,0.0
-16.5,-73.15,0.0
-16.5,-73.1,0.0
-16.5,-73.05,0.0
-16.5,-73.0,303.0
-16.5,-72.95,353.0
-16.5,-72.9,319.0
-16.5,-72.85,184.0
-16.5,-72.8,506.0
-16.5,-72.75,771.0
-16.5,-72.7,874.0
-16.5,-72.65,539.0
-16.5,-72.6,390.0
-16.5,-72.55,1018.0
-16.5,-72.5,939.0
-16.5,-72.45,905.0
-16.5,-72.4,950.0
-16.5,-72.35,1054.0
-16.5,-72.3,1196.0
-16.5,-72.25,1107.0
-16.5,-72.2,1166.0
-16.5,-72.15,1226.0
-16.5,-72.1,1263.0
-16.5,-72.05,1285.0
-16.5,-72.0,1306.0
-16.5,-71.95,1115.0
-16.5,-71.9,1441.0
-16.5,-71.85,1507.0
-16.5,-71.8,1646.0
-16.5,-71.75,1868.0
-16.5,-71.7,2080.0
-16.5,-71.65,2443.0
-16.5,-71.6,2455.0
-16.5,-71.55,2582.0
-16.5,-71.5,2386.0
-16.5,-71.45,2772.0
-16.5,-71.4,2962.0
-16.5,-71.35,3224.0
-16.5,-71.3,3862.0
-16.5,-71.25,4552.0
-16.5,-71.2,4508.0
-16.5,-71.15,4753.0
-16.5,-71.1,4633.0
-16.5,-71.05,4754.0
-16.5,-71.0,5034.0
-16.5,-70.95,4823.0
-16.5,-70.9,4422.0
-16.5,-70.85,3817.0
-16.5,-70.8,3290.0
-16.5,-70.75,4648.0
-16.5,-70.7,3841.0
-16.5,-70.65,4427.0
-16.5,-70.6,5103.0
-16.5,-70.55,4730.0
-16.5,-70.5,4681.0
-16.5,-70.45,4548.0
-16.5,-70.4,4438.0
-16.5,-70.35,4377.0
-16.5,-70.3,4528.0
-16.5,-70.25,4884.0
-16.5,-70.2,4706.0
-16.5,-70.15,4645.0
-16.5,-70.1,4358.0
-16.5,-70.05,4155.0
-16.5,-70.0,4359.0
-16.5,-69.95,4706.0
-16.5,-69.9,4789.0
-16.5,-69.85,4490.0
-16.5,-69.8,4198.0
-16.5,-69.75,4605.0
-16.5,-69.7,4349.0
-16.5,-69.65,3930.0
-16.5,-69.6,4302.0
-16.5,-69.55,4103.0
-16.5,-69.5,4130.0
-16.5,-69.45,4381.0
-16.5,-69.4,3883.0
-16.5,-69.35,4282.0
-16.5,-69.3,4074.0
-16.5,-69.25,3932.0
-16.5,-69.2,3989.0
-16.5,-69.15,3837.0
-16.5,-69.1,3832.0
-16.5,-69.05,3815.0
-16.5,-69.0,3815.0
-16.5,-68.95,3815.0
-16.5,-68.9,3815.0
-16.5,-68.85,3825.0
-16.5,-68.8,3822.0
-16.5,-68.75,3901.0
-16.5,-68.7,4061.0
-16.5,-68.65,4055.0
-16.5,-68.6,3924.0
-16.5,-68.55,3830.0
-16.5,-68.5,3925.0
-16.5,-68.45,3875.0
-16.5,-68.4,3850.0
-16.5,-68.35,3925.0
-16.5,-68.3,3914.0
-16.5,-68.25,3982.0
-16.5,-68.2,4046.0
-16.5,-68.15,3782.0
-16.5,-68.1,3763.0
-16.5,-68.05,3774.0
-16.5,-68.0,4576.0
-16.25,-75.0,0.0
-16.25,-74.95,0.0
-16.25,-74.9,0.0
-16.25,-74.85,0.0
-16.25,-74.8,0.0
-16.25,-74.75,0.0
-16.25,-74.7,0.0
-16.25,-74.65,0.0
-16.25,-74.6,0.0
-16.25,-74.55,0.0
-16.25,-74.5,0.0
-16.25,-74.45,0.0
-16.25,-74.4,0.0
-16.25,-74.35,0.0
-16.25,-74.3,0.0
-16.25,-74.25,0.0
-16.25,-74.2,0.0
-16.25,-74.15,0.0
-16.25,-74.1,0.0
-16.25,-74.05,0.0
-16.25,-74.0,0.0
-16.25,-73.95,0.0
-16.25,-73.9,0.0
-16.25,-73.85,0.0
-16.25,-73.8,0.0
-16.25,-73.75,0.0
-16.25,-73.7,0.0
-16.25,-73.65,0.0
-16.25,-73.6,0.0
-16.25,-73.55,5.0
-16.25,-73.5,736.0
-16.25,-73.45,962.0
-16.25,-73.4,901.0
-16.25,-73.35,779.0
-16.25,-73.3,1163.0
-16.25,-73.25,388.0
-16.25,-73.2,1257.0
-16.25,-73.15,273.0
-16.25,-73.1,1456.0
-16.25,-73.05,1511.0
-16.25,-73.0,1533.0
-16.25,-72.95,1597.0
-16.25,-72.9,1637.0
-16.25,-72.85,1624.0
-16.25,-72.8,1614.0
-16.25,-72.75,1613.0
-16.25,-72.7,1592.0
-16.25,-72.65,1191.0
-16.25,-72.6,1396.0
-16.25,-72.55,1349.0
-16.25,-72.5,709.0
-16.25,-72.45,412.0
-16.25,-72.4,1353.0
-16.25,-72.35,1358.0
-16.25,-72.3,1394.0
-16.25,-72.25,1499.0
-16.25,-72.2,1614.0
-16.25,-72.15,1694.0
-16.25,-72.1,1827.0
-16.25,-72.05,1869.0
-16.25,-72.0,1937.0
-16.25,-71.95,2014.0
-16.25,-71.9,2468.0
-16.25,-71.85,2979.0
-16.25,-71.8,2328.0
-16.25,-71.75,2473.0
-16.25,-71.7,2525.0
-16.25,-71.65,2844.0
-16.25,-71.6,3764.0
-16.25,-71.55,3742.0
-16.25,-71.5,4169.0
-16.25,-71.45,3674.0
-16.25,-71.4,3909.0
-16.25,-71.35,3732.0
-16.25,-71.3,4357.0
-16.25,-71.25,4616.0
-16.25,-71.2,4877.0
-16.25,-71.15,4647.0
-16.25,-71.1,4465.0
-16.25,-71.05,4320.0
-16.25,-71.0,4410.0
-16.25,-70.95,4303.0
-16.25,-70.9,4556.0
-16.25,-70.85,4740.0
-16.25,-70.8,4418.0
-16.25,-70.75,3742.0
-16.25,-70.7,4329.0
-16.25,-70.65,4493.0
-16.25,-70.6,4682.0
-16.25,-70.55,4774.0
-16.25,-70.5,4591.0
-16.25,-70.45,4153.0
-16.25,-70.4,4740.0
-16.25,-70.35,5071.0
-16.25,-70.3,4686.0
-16.25,-70.25,4552.0
-16.25,-70.2,4554.0
-16.25,-70.15,4319.0
-16.25,-70.1,4489.0
-16.25,-70.05,4317.0
-16.25,-70.0,4054.0
-16.25,-69.95,4084.0
-16.25,-69.9,3922.0
-16.25,-69.85,4055.0
-16.25,-69.8,4284.0
-16.25,-69.75,4036.0
-16.25,-69.7,3905.0
-16.25,-69.65,3868.0
-16.25,-69.6,4187.0
-16.25,-69.55,4137.0
-16.25,-69.5,3866.0
-16.25,-69.45,3946.0
-16.25,-69.4,3911.0
-16.25,-69.35,3815.0
-16.25,-69.3,3815.0
-16.25,-69.25,3815.0
-16.25,-69.2,3815.0
-16.25,-69.15,3815.0
-16.25,-69.1,3830.0
-16.25,-69.05,3826.0
-16.25,-69.0,3815.0
-16.25,-68.95,3815.0
-16.25,-68.9,3815.0
-16.25,-68.85,3875.0
-16.25,-68.8,3815.0
-16.25,-68.75,3815.0
-16.25,-68.7,3815.0
-16.25,-68.65,3815.0
-16.25,-68.6,3815.0
-16.25,-68.55,4063.0
-16.25,-68.5,4302.0
-16.25,-68.45,4030.0
-16.25,-68.4,4160.0
-16.25,-68.35,4295.0
-16.25,-68.3,4356.0
-16.25,-68.25,4458.0
-16.25,-68.2,4612.0
-16.25,-68.15,5251.0
-16.25,-68.1,5026.0
-16.25,-68.05,4311.0
-16.25,-68.0,3840.0
-16.0,-76.0,0.0
-16.0,-75.95,0.0
-16.0,-75.9,0.0
-16.0,-75.85,0.0
-16.0,-75.8,0.0
-16.0,-75.75,0.0
-16.0,-75.7,0.0
-16.0,-75.65,0.0
-16.0,-75.6,0.0
-16.0,-75.55,0.0
-16.0,-75.5,0.0
-16.0,-75.45,0.0
-16.0,-75.4,0.0
-16.0,-75.35,0.0
-16.0,-75.3,0.0
-16.0,-75.25,0.0
-16.0,-75.2,0.0
-16.0,-75.15,0.0
-16.0,-75.1,0.0
-16.0,-75.05,0.0
-16.0,-75.0,0.0
-16.0,-74.95,0.0
-16.0,-74.9,0.0
-16.0,-74.85,0.0
-16.0,-74.8,0.0
-16.0,-74.75,0.0
-16.0,-74.7,0.0
-16.0,-74.65,0.0
-16.0,-74.6,0.0
-16.0,-74.55,0.0
-16.0,-74.5,0.0
-16.0,-74.45,0.0
-16.0,-74.4,0.0
-16.0,-74.35,0.0
-16.0,-74.3,0.0
-16.0,-74.25,0.0
-16.0,-74.2,0.0
-16.0,-74.15,0.0
-16.0,-74.1,0.0
-16.0,-74.05,0.0
-16.0,-74.0,149.0
-16.0,-73.95,1068.0
-16.0,-73.9,1388.0
-16.0,-73.85,1568.0
-16.0,-73.8,1571.0
-16.0,-73.75,1587.0
-16.0,-73.7,1699.0
-16.0,-73.65,1710.0
-16.0,-73.6,820.0
-16.0,-73.55,1956.0
-16.0,-73.5,1797.0
-16.0,-73.45,1866.0
-16.0,-73.4,1875.0
-16.0,-73.35,1946.0
-16.0,-73.3,1752.0
-16.0,-73.25,1746.0
-16.0,-73.2,1570.0
-16.0,-73.15,1304.0
-16.0,-73.1,2215.0
-16.0,-73.05,1596.0
-16.0,-73.0,1691.0
-16.0,-72.95,1615.0
-16.0,-72.9,1747.0
-16.0,-72.85,1929.0
-16.0,-72.8,2108.0
-16.0,-72.75,2333.0
-16.0,-72.7,2528.0
-16.0,-72.65,2529.0
-16.0,-72.6,1702.0
-16.0,-72.55,1032.0
-16.0,-72.5,829.0
-16.0,-72.45,837.0
-16.0,-72.4,1387.0
-16.0,-72.35,2117.0
-16.0,-72.3,2984.0
-16.0,-72.25,3351.0
-16.0,-72.2,3698.0
-16.0,-72.15,3357.0
-16.0,-72.1,3784.0
-16.0,-72.05,3539.0
-16.0,-72.0,3531.0
-16.0,-71.95,4000.0
-16.0,-71.9,3525.0
-16.0,-71.85,3748.0
-16.0,-71.8,3704.0
-16.0,-71.75,3915.0
-16.0,-71.7,3922.0
-16.0,-71.65,3527.0
-16.0,-71.6,3676.0
-16.0,-71.55,4277.0
-16.0,-71.5,4487.0
-16.0,-71.45,4219.0
-16.0,-71.4,4124.0
-16.0,-71.35,4048.0
-16.0,-71.3,4290.0
-16.0,-71.25,4394.0
-16.0,-71.2,4635.0
-16.0,-71.15,4710.0
-16.0,-71.1,4737.0
-16.0,-71.05,4621.0
-16.0,-71.0,4551.0
-16.0,-70.95,4616.0
-16.0,-70.9,4652.0
-16.0,-70.85,4723.0
-16.0,-70.8,4562.0
-16.0,-70.75,4526.0
-16.0,-70.7,4025.0
-16.0,-70.65,3912.0
-16.0,-70.6,3986.0
-16.0,-70.55,4250.0
-16.0,-70.5,4386.0
-16.0,-70.45,4528.0
-16.0,-70.4,4669.0
-16.0,-70.35,4570.0
-16.0,-70.3,4423.0
-16.0,-70.25,4595.0
-16.0,-70.2,4652.0
-16.0,-70.15,4348.0
-16.0,-70.1,4168.0
-16.0,-70.05,3989.0
-16.0,-70.0,3903.0
-16.0,-69.95,3898.0
-16.0,-69.9,3891.0
-16.0,-69.85,4105.0
-16.0,-69.8,4051.0
-16.0,-69.75,3831.0
-16.0,-69.7,3897.0
-16.0,-69.65,3932.0
-16.0,-69.6,3821.0
-16.0,-69.55,3821.0
-16.0,-69.5,3821.0
-16.0,-69.45,3823.0
-16.0,-69.4,3815.0
-16.0,-69.35,3815.0
-16.0,-69.3,3815.0
-16.0,-69.25,3815.0
-16.0,-69.2,3815.0
-16.0,-69.15,3815.0
-16.0,-69.1,3815.0
-16.0,-69.05,3815.0
-16.0,-69.0,3815.0
-16.0,-68.95,3815.0
-16.0,-68.9,3815.0
-16.0,-68.85,3815.0
-16.0,-68.8,3815.0
-16.0,-68.75,3815.0
-16.0,-68.7,3826.0
-16.0,-68.65,3836.0
-16.0,-68.6,4050.0
-16.0,-68.55,4487.0
-16.0,-68.5,4821.0
-16.0,-68.45,4985.0
-16.0,-68.4,5357.0
-16.0,-68.35,4785.0
-16.0,-68.3,4637.0
-16.0,-68.25,4397.0
-16.0,-68.2,3861.0
-16.0,-68.15,2569.0
-16.0,-68.1,3075.0
-16.0,-68.05,2654.0
-16.0,-68.0,2084.0
-15.75,-76.0,0.0
-15.75,-75.95,0.0
-15.75,-75.9,0.0
-15.75,-75.85,0.0
-15.75,-75.8,0.0
-15.75,-75.75,0.0
-15.75,-75.7,0.0
-15.75,-75.65,0.0
-15.75,-75.6,0.0
-15.75,-75.55,0.0
-15.75,-75.5,0.0
-15.75,-75.45,0.0
-15.75,-75.4,0.0
-15.75,-75.35,0.0
-15.75,-75.3,0.0
-15.75,-75.25,0.0
-15.75,-75.2,0.0
-15.75,-75.15,0.0
-15.75,-75.1,0.0
-15.75,-75.05,0.0
-15.75,-75.0,0.0
-15.75,-74.95,0.0
-15.75,-74.9,0.0
-15.75,-74.85,0.0
-15.75,-74.8,0.0
-15.75,-74.75,0.0
-15.75,-74.7,0.0
-15.75,-74.65,0.0
-15.75,-74.6,0.0
-15.75,-74.55,0.0
-15.75,-74.5,0.0
-15.75,-74.45,177.0
-15.75,-74.4,1028.0
-15.75,-74.35,670.0
-15.75,-74.3,480.0
-15.75,-74.25,872.0
-15.75,-74.2,356.0
-15.75,-74.15,985.0
-15.75,-74.1,1323.0
-15.75,-74.05,1430.0
-15.75,-74.0,1788.0
-15.75,-73.95,2200.0
-15.75,-73.9,1326.0
-15.75,-73.85,1640.0
-15.75,-73.8,2513.0
-15.75,-73.75,2725.0
-15.75,-73.7,2750.0
-15.75,-73.65,2659.0
-15.75,-73.6,2410.0
-15.75,-73.55,2324.0
-15.75,-73.5,2739.0
-15.75,-73.45,2554.0
-15.75,-73.4,2044.0
-15.75,-73.35,2120.0
-15.75,-73.3,2267.0
-15.75,-73.25,2566.0
-15.75,-73.2,2027.0
-15.75,-73.15,1809.0
-15.75,-73.1,1303.0
-15.75,-73.05,2000.0
-15.75,-73.0,1875.0
-15.75,-72.95,2512.0
-15.75,-72.9,3069.0
-15.75,-72.85,3507.0
-15.75,-72.8,4072.0
-15.75,-72.75,3975.0
-15.75,-72.7,3943.0
-15.75,-72.65,3811.0
-15.75,-72.6,3882.0
-15.75,-72.55,2737.0
-15.75,-72.5,2774.0
-15.75,-72.45,2873.0
-15.75,-72.4,3588.0
-15.75,-72.35,4157.0
-15.75,-72.3,2658.0
-15.75,-72.25,1617.0
-15.75,-72.2,3474.0
-15.75,-72.15,4269.0
-15.75,-72.1,3625.0
-15.75,-72.05,4658.0
-15.75,-72.0,4329.0
-15.75,-71.95,4821.0
-15.75,-71.9,5076.0
-15.75,-71.85,5225.0
-15.75,-71.8,4749.0
-15.75,-71.75,4261.0
-15.75,-71.7,4822.0
-15.75,-71.65,4914.0
-15.75,-71.6,4748.0
-15.75,-71.55,4785.0
-15.75,-71.5,5041.0
-15.75,-71.45,4662.0
-15.75,-71.4,4331.0
-15.75,-71.35,4315.0
-15.75,-71.3,4345.0
-15.75,-71.25,4408.0
-15.75,-71.2,4629.0
-15.75,-71.15,4711.0
-15.75,-71.1,4673.0
-15.75,-71.05,4441.0
-15.75,-71.0,4512.0
-15.75,-70.95,4476.0
-15.75,-70.9,4487.0
-15.75,-70.85,4454.0
-15.75,-70.8,4460.0
-15.75,-70.75,4253.0
-15.75,-70.7,4185.0
-15.75,-70.65,4328.0
-15.75,-70.6,4359.0
-15.75,-70.55,4340.0
-15.75,-70.5,4328.0
-15.75,-70.45,4490.0
-15.75,-70.4,4235.0
-15.75,-70.35,3909.0
-15.75,-70.3,3866.0
-15.75,-70.25,3848.0
-15.75,-70.2,3840.0
-15.75,-70.15,3840.0
-15.75,-70.1,4013.0
-15.75,-70.05,3821.0
-15.75,-70.0,3817.0
-15.75,-69.95,3816.0
-15.75,-69.9,3813.0
-15.75,-69.85,3815.0
-15.75,-69.8,3815.0
-15.75,-69.75,3815.0
-15.75,-69.7,3815.0
-15.75,-69.65,3815.0
-15.75,-69.6,3815.0
-15.75,-69.55,3815.0
-15.75,-69.5,3815.0
-15.75,-69.45,3815.0
-15.75,-69.4,3815.0
-15.75,-69.35,3815.0
-15.75,-69.3,3815.0
-15.75,-69.25,3815.0
-15.75,-69.2,3815.0
-15.75,-69.15,3815.0
-15.75,-69.1,3815.0
-15.75,-69.05,3961.0
-15.75,-69.0,4379.0
-15.75,-68.95,4448.0
-15.75,-68.9,4412.0
-15.75,-68.85,4120.0
-15.75,-68.8,3745.0
-15.75,-68.75,3168.0
-15.75,-68.7,2120.0
-15.75,-68.65,3003.0
-15.75,-68.6,4445.0
-15.75,-68.55,4439.0
-15.75,-68.5,3826.0
-15.75,-68.45,3949.0
-15.75,-68.4,3709.0
-15.75,-68.35,2830.0
-15.75,-68.3,4281.0
-15.75,-68.25,2761.0
-15.75,-68.2,2487.0
-15.75,-68.15,1653.0
-15.75,-68.1,1489.0
-15.75,-68.05,1578.0
-15.75,-68.0,1106.0
-15.5,-76.0,0.0
-15.5,-75.95,0.0
-15.5,-75.9,0.0
-15.5,-75.85,0.0
-15.5,-75.8,0.0
-15.5,-75.75,0.0
-15.5,-75.7,0.0
-15.5,-75.65,0.0
-15.5,-75.6,0.0
-15.5,-75.55,0.0
-15.5,-75.5,0.0
-15.5,-75.45,0.0
-15.5,-75.4,0.0
-15.5,-75.35,0.0
-15.5,-75.3,0.0
-15.5,-75.25,0.0
-15.5,-75.2,0.0
-15.5,-75.15,0.0
-15.5,-75.1,0.0
-15.5,-75.05,0.0
-15.5,-75.0,0.0
-15.5,-74.95,4.0
-15.5,-74.9,121.0
-15.5,-74.85,106.0
-15.5,-74.8,52.0
-15.5,-74.75,147.0
-15.5,-74.7,175.0
-15.5,-74.65,179.0
-15.5,-74.6,601.0
-15.5,-74.55,970.0
-15.5,-74.5,1179.0
-15.5,-74.45,310.0
-15.5,-74.4,1795.0
-15.5,-74.35,1963.0
-15.5,-74.3,2572.0
-15.5,-74.25,2547.0
-15.5,-74.2,2607.0
-15.5,-74.15,2769.0
-15.5,-74.1,2530.0
-15.5,-74.05,2822.0
-15.5,-74.0,2310.0
-15.5,-73.95,3275.0
-15.5,-73.9,3530.0
-15.5,-73.85,3692.0
-15.5,-73.8,3426.0
-15.5,-73.75,3076.0
-15.5,-73.7,2969.0
-15.5,-73.65,3051.0
-15.5,-73.6,3364.0
-15.5,-73.55,3343.0
-15.5,-73.5,3402.0
-15.5,-73.45,3570.0
-15.5,-73.4,3679.0
-15.5,-73.35,4019.0
-15.5,-73.3,3354.0
-15.5,-73.25,2229.0
-15.5,-73.2,1894.0
-15.5,-73.15,3070.0
-15.5,-73.1,2532.0
-15.5,-73.05,2222.0
-15.5,-73.0,3645.0
-15.5,-72.95,2522.0
-15.5,-72.9,4121.0
-15.5,-72.85,3576.0
-15.5,-72.8,4085.0
-15.5,-72.75,4562.0
-15.5,-72.7,4917.0
-15.5,-72.65,5449.0
-15.5,-72.6,5025.0
-15.5,-72.55,4906.0
-15.5,-72.5,4907.0
-15.5,-72.45,4555.0
-15.5,-72.4,3985.0
-15.5,-72.35,3528.0
-15.5,-72.3,3138.0
-15.5,-72.25,3449.0
-15.5,-72.2,4710.0
-15.5,-72.15,4293.0
-15.5,-72.1,4836.0
-15.5,-72.05,4949.0
-15.5,-72.0,4170.0
-15.5,-71.95,5061.0
-15.5,-71.9,5026.0
-15.5,-71.85,4577.0
-15.5,-71.8,4821.0
-15.5,-71.75,5063.0
-15.5,-71.7,4983.0
-15.5,-71.65,4793.0
-15.5,-71.6,4612.0
-15.5,-71.55,4228.0
-15.5,-71.5,4063.0
-15.5,-71.45,3823.0
-15.5,-71.4,3998.0
-15.5,-71.35,4615.0
-15.5,-71.3,4766.0
-15.5,-71.25,4449.0
-15.5,-71.2,4289.0
-15.5,-71.15,4580.0
-15.5,-71.1,4488.0
-15.5,-71.05,4525.0
-15.5,-71.0,4486.0
-15.5,-70.95,4569.0
-15.5,-70.9,4816.0
-15.5,-70.85,4575.0
-15.5,-70.8,4710.0
-15.5,-70.75,4623.0
-15.5,-70.7,4414.0
-15.5,-70.65,4277.0
-15.5,-70.6,4517.0
-15.5,-70.55,4720.0
-15.5,-70.5,4691.0
-15.5,-70.45,4536.0
-15.5,-70.4,4034.0
-15.5,-70.35,3854.0
-15.5,-70.3,3843.0
-15.5,-70.25,3845.0
-15.5,-70.2,4050.0
-15.5,-70.15,3831.0
-15.5,-70.1,3826.0
-15.5,-70.05,3824.0
-15.5,-70.0,3825.0
-15.5,-69.95,3957.0
-15.5,-69.9,3920.0
-15.5,-69.85,3815.0
-15.5,-69.8,3815.0
-15.5,-69.75,3815.0
-15.5,-69.7,3815.0
-15.5,-69.65,3815.0
-15.5,-69.6,3815.0
-15.5,-69.55,3815.0
-15.5,-69.5,3815.0
-15.5,-69.45,3815.0
-15.5,-69.4,3815.0
-15.5,-69.35,3825.0
-15.5,-69.3,4088.0
-15.5,-69.25,3886.0
-15.5,-69.2,4013.0
-15.5,-69.15,3998.0
-15.5,-69.1,4068.0
-15.5,-69.05,4233.0
-15.5,-69.0,3171.0
-15.5,-68.95,2550.0
-15.5,-68.9,2447.0
-15.5,-68.85,2953.0
-15.5,-68.8,2993.0
-15.5,-68.75,2946.0
-15.5,-68.7,1963.0
-15.5,-68.65,2268.0
-15.5,-68.6,1969.0
-15.5,-68.55,3688.0
-15.5,-68.5,2623.0
-15.5,-68.45,1957.0
-15.5,-68.4,1658.0
-15.5,-68.35,1639.0
-15.5,-68.3,1799.0
-15.5,-68.25,1623.0
-15.5,-68.2,1446.0
-15.5,-68.15,1024.0
-15.5,-68.1,735.0
-15.5,-68.05,778.0
-15.5,-68.0,918.0
-15.25,-76.0,0.0
-15.25,-75.95,0.0
-15.25,-75.9,0.0
-15.25,-75.85,0.0
-15.25,-75.8,0.0
-15.25,-75.75,0.0
-15.25,-75.7,0.0
-15.25,-75.65,0.0
-15.25,-75.6,0.0
-15.25,-75.55,0.0
-15.25,-75.5,0.0
-15.25,-75.45,0.0
-15.25,-75.4,0.0
-15.25,-75.35,0.0
-15.25,-75.3,0.0
-15.25,-75.25,0.0
-15.25,-75.2,80.0
-15.25,-75.15,320.0
-15.25,-75.1,806.0
-15.25,-75.05,732.0
-15.25,-75.0,574.0
-15.25,-74.95,628.0
-15.25,-74.9,498.0
-15.25,-74.85,696.0
-15.25,-74.8,1401.0
-15.25,-74.75,1605.0
-15.25,-74.7,1661.0
-15.25,-74.65,1591.0
-15.25,-74.6,1094.0
-15.25,-74.55,637.0
-15.25,-74.5,1847.0
-15.25,-74.45,1847.0
-15.25,-74.4,2076.0
-15.25,-74.35,1911.0
-15.25,-74.3,2192.0
-15.25,-74.25,823.0
-15.25,-74.2,1176.0
-15.25,-74.15,1854.0
-15.25,-74.1,1513.0
-15.25,-74.05,2729.0
-15.25,-74.0,2710.0
-15.25,-73.95,3770.0
-15.25,-73.9,3683.0
-15.25,-73.85,3496.0
-15.25,-73.8,3350.0
-15.25,-73.75,3293.0
-15.25,-73.7,3274.0
-15.25,-73.65,3380.0
-15.25,-73.6,3301.0
-15.25,-73.55,3200.0
-15.25,-73.5,3538.0
-15.25,-73.45,3338.0
-15.25,-73.4,2562.0
-15.25,-73.35,2203.0
-15.25,-73.3,2163.0
-15.25,-73.25,3258.0
-15.25,-73.2,3641.0
-15.25,-73.15,4833.0
-15.25,-73.1,4343.0
-15.25,-73.05,2654.0
-15.25,-73.0,1971.0
-15.25,-72.95,2681.0
-15.25,-72.9,3830.0
-15.25,-72.85,4009.0
-15.25,-72.8,5106.0
-15.25,-72.75,4901.0
-15.25,-72.7,5023.0
-15.25,-72.65,5041.0
-15.25,-72.6,4828.0
-15.25,-72.55,4790.0
-15.25,-72.5,4660.0
-15.25,-72.45,4643.0
-15.25,-72.4,4194.0
-15.25,-72.35,3889.0
-15.25,-72.3,4302.0
-15.25,-72.25,4665.0
-15.25,-72.2,4949.0
-15.25,-72.15,4761.0
-15.25,-72.1,4552.0
-15.25,-72.05,4479.0
-15.25,-72.0,4515.0
-15.25,-71.95,4966.0
-15.25,-71.9,4680.0
-15.25,-71.85,4629.0
-15.25,-71.8,4535.0
-15.25,-71.75,4667.0
-15.25,-71.7,4725.0
-15.25,-71.65,4360.0
-15.25,-71.6,4388.0
-15.25,-71.55,4548.0
-15.25,-71.5,4352.0
-15.25,-71.45,4311.0
-15.25,-71.4,4349.0
-15.25,-71.35,4551.0
-15.25,-71.3,4798.0
-15.25,-71.25,4705.0
-15.25,-71.2,5041.0
-15.25,-71.15,4745.0
-15.25,-71.1,4703.0
-15.25,-71.05,4926.0
-15.25,-71.0,4979.0
-15.25,-70.95,4630.0
-15.25,-70.9,4670.0
-15.25,-70.85,4674.0
-15.25,-70.8,4882.0
-15.25,-70.75,4702.0
-15.25,-70.7,4737.0
-15.25,-70.65,4390.0
-15.25,-70.6,4093.0
-15.25,-70.55,4010.0
-15.25,-70.5,3991.0
-15.25,-70.45,4322.0
-15.25,-70.4,4006.0
-15.25,-70.35,3852.0
-15.25,-70.3,4009.0
-15.25,-70.25,3845.0
-15.25,-70.2,3844.0
-15.25,-70.15,3895.0
-15.25,-70.1,3837.0
-15.25,-70.05,3831.0
-15.25,-70.0,3826.0
-15.25,-69.95,3818.0
-15.25,-69.9,3819.0
-15.25,-69.85,3818.0
-15.25,-69.8,3815.0
-15.25,-69.75,3817.0
-15.25,-69.7,3815.0
-15.25,-69.65,4062.0
-15.25,-69.6,4041.0
-15.25,-69.55,3927.0
-15.25,-69.5,3917.0
-15.25,-69.45,4106.0
-15.25,-69.4,4345.0
-15.25,-69.35,4388.0
-15.25,-69.3,4175.0
-15.25,-69.25,4644.0
-15.25,-69.2,4431.0
-15.25,-69.15,4390.0
-15.25,-69.1,4455.0
-15.25,-69.05,4519.0
-15.25,-69.0,3825.0
-15.25,-68.95,4310.0
-15.25,-68.9,4499.0
-15.25,-68.85,3708.0
-15.25,-68.8,2218.0
-15.25,-68.75,2135.0
-15.25,-68.7,2822.0
-15.25,-68.65,2290.0
-15.25,-68.6,2447.0
-15.25,-68.55,1959.0
-15.25,-68.5,1737.0
-15.25,-68.45,1676.0
-15.25,-68.4,1388.0
-15.25,-68.35,1142.0
-15.25,-68.3,795.0
-15.25,-68.25,850.0
-15.25,-68.2,1138.0
-15.25,-68.15,843.0
-15.25,-68.1,732.0
-15.25,-68.05,1300.0
-15.25,-68.0,1444.0
-15.0,-77.0,0.0
-15.0,-76.95,0.0
-15.0,-76.9,0.0
-15.0,-76.85,0.0
-15.0,-76.8,0.0
-15.0,-76.75,0.0
-15.0,-76.7,0.0
-15.0,-76.65,0.0
-15.0,-76.6,0.0
-15.0,-76.55,0.0
-15.0,-76.5,0.0
-15.0,-76.45,0.0
-15.0,-76.4,0.0
-15.0,-76.35,0.0
-15.0,-76.3,0.0
-15.0,-76.25,0.0
-15.0,-76.2,0.0
-15.0,-76.15,0.0
-15.0,-76.1,0.0
-15.0,-76.05,0.0
-15.0,-76.0,0.0
-15.0,-75.95,0.0
-15.0,-75.9,0.0
-15.0,-75.85,0.0
-15.0,-75.8,0.0
-15.0,-75.75,0.0
-15.0,-75.7,0.0
-15.0,-75.65,0.0
-15.0,-75.6,0.0
-15.0,-75.55,0.0
-15.0,-75.5,0.0
-15.0,-75.45,1.0
-15.0,-75.4,526.0
-15.0,-75.35,829.0
-15.0,-75.3,980.0
-15.0,-75.25,1455.0
-15.0,-75.2,1493.0
-15.0,-75.15,827.0
-15.0,-75.1,505.0
-15.0,-75.05,475.0
-15.0,-75.0,526.0
-15.0,-74.95,546.0
-15.0,-74.9,764.0
-15.0,-74.85,1055.0
-15.0,-74.8,1231.0
-15.0,-74.75,1530.0
-15.0,-74.7,1730.0
-15.0,-74.65,1928.0
-15.0,-74.6,2010.0
-15.0,-74.55,2019.0
-15.0,-74.5,2200.0
-15.0,-74.45,2313.0
-15.0,-74.4,2518.0
-15.0,-74.35,2625.0
-15.0,-74.3,2349.0
-15.0,-74.25,2074.0
-15.0,-74.2,3627.0
-15.0,-74.15,3566.0
-15.0,-74.1,3663.0
-15.0,-74.05,3277.0
-15.0,-74.0,3370.0
-15.0,-73.95,3747.0
-15.0,-73.9,4066.0
-15.0,-73.85,3549.0
-15.0,-73.8,2930.0
-15.0,-73.75,3676.0
-15.0,-73.7,4505.0
-15.0,-73.65,4142.0
-15.0,-73.6,4001.0
-15.0,-73.55,4044.0
-15.0,-73.5,4170.0
-15.0,-73.45,4357.0
-15.0,-73.4,4135.0
-15.0,-73.35,2722.0
-15.0,-73.3,4063.0
-15.0,-73.25,4713.0
-15.0,-73.2,4581.0
-15.0,-73.15,4547.0
-15.0,-73.1,4524.0
-15.0,-73.05,4713.0
-15.0,-73.0,4903.0
-15.0,-72.95,4688.0
-15.0,-72.9,4573.0
-15.0,-72.85,4853.0
-15.0,-72.8,4860.0
-15.0,-72.75,4946.0
-15.0,-72.7,3973.0
-15.0,-72.65,4811.0
-15.0,-72.6,4780.0
-15.0,-72.55,4470.0
-15.0,-72.5,4581.0
-15.0,-72.45,4913.0
-15.0,-72.4,4960.0
-15.0,-72.35,4934.0
-15.0,-72.3,4556.0
-15.0,-72.25,4603.0
-15.0,-72.2,4994.0
-15.0,-72.15,4722.0
-15.0,-72.1,4905.0
-15.0,-72.05,4612.0
-15.0,-72.0,4691.0
-15.0,-71.95,4730.0
-15.0,-71.9,4799.0
-15.0,-71.85,4699.0
-15.0,-71.8,4680.0
-15.0,-71.75,4594.0
-15.0,-71.7,4483.0
-15.0,-71.65,4172.0
-15.0,-71.6,4140.0
-15.0,-71.55,4592.0
-15.0,-71.5,4575.0
-15.0,-71.45,4466.0
-15.0,-71.4,4380.0
-15.0,-71.35,4112.0
-15.0,-71.3,4109.0
-15.0,-71.25,4189.0
-15.0,-71.2,4084.0
-15.0,-71.15,4053.0
-15.0,-71.1,4087.0
-15.0,-71.05,4152.0
-15.0,-71.0,4312.0
-15.0,-70.95,4178.0
-15.0,-70.9,4255.0
-15.0,-70.85,4852.0
-15.0,-70.8,4663.0
-15.0,-70.75,4464.0
-15.0,-70.7,4267.0
-15.0,-70.65,4357.0
-15.0,-70.6,4234.0
-15.0,-70.55,4003.0
-15.0,-70.5,3973.0
-15.0,-70.45,3911.0
-15.0,-70.4,3883.0
-15.0,-70.35,3886.0
-15.0,-70.3,4052.0
-15.0,-70.25,4255.0
-15.0,-70.2,4027.0
-15.0,-70.15,3845.0
-15.0,-70.1,3840.0
-15.0,-70.05,4209.0
-15.0,-70.0,4098.0
-15.0,-69.95,4171.0
-15.0,-69.9,4089.0
-15.0,-69.85,3998.0
-15.0,-69.8,3887.0
-15.0,-69.75,3986.0
-15.0,-69.7,3902.0
-15.0,-69.65,4073.0
-15.0,-69.6,4423.0
-15.0,-69.55,4604.0
-15.0,-69.5,4775.0
-15.0,-69.45,4571.0
-15.0,-69.4,4416.0
-15.0,-69.35,4339.0
-15.0,-69.3,4353.0
-15.0,-69.25,4435.0
-15.0,-69.2,4608.0
-15.0,-69.15,4731.0
-15.0,-69.1,4662.0
-15.0,-69.05,5234.0
-15.0,-69.0,5014.0
-15.0,-68.95,4588.0
-15.0,-68.9,4275.0
-15.0,-68.85,3744.0
-15.0,-68.8,3460.0
-15.0,-68.75,2212.0
-15.0,-68.7,2039.0
-15.0,-68.65,1450.0
-15.0,-68.6,1272.0
-15.0,-68.55,1253.0
-15.0,-68.5,1246.0
-15.0,-68.45,1426.0
-15.0,-68.4,1421.0
-15.0,-68.35,1178.0
-15.0,-68.3,1135.0
-15.0,-68.25,1382.0
-15.0,-68.2,1392.0
-15.0,-68.15,1324.0
-15.0,-68.1,1750.0
-15.0,-68.05,1776.0
-15.0,-68.0,1382.0
-14.75,-77.0,0.0
-14.75,-76.95,0.0
-14.75,-76.9,0.0
-14.75,-76.85,0.0
-14.75,-76.8,0.0
-14.75,-76.75,0.0
-14.75,-76.7,0.0
-14.75,-76.65,0.0
-14.75,-76.6,0.0
-14.75,-76.55,0.0
-14.75,-76.5,0.0
-14.75,-76.45,0.0
-14.75,-76.4,0.0
-14.75,-76.35,0.0
-14.75,-76.3,0.0
-14.75,-76.25,0.0
-14.75,-76.2,0.0
-14.75,-76.15,0.0
-14.75,-76.1,0.0
-14.75,-76.05,0.0
-14.75,-76.0,0.0
-14.75,-75.95,0.0
-14.75,-75.9,0.0
-14.75,-75.85,0.0
-14.75,-75.8,0.0
-14.75,-75.75,394.0
-14.75,-75.7,481.0
-14.75,-75.65,627.0
-14.75,-75.6,423.0
-14.75,-75.55,101.0
-14.75,-75.5,213.0
-14.75,-75.45,588.0
-14.75,-75.4,637.0
-14.75,-75.35,171.0
-14.75,-75.3,342.0
-14.75,-75.25,365.0
-14.75,-75.2,323.0
-14.75,-75.15,420.0
-14.75,-75.1,480.0
-14.75,-75.05,559.0
-14.75,-75.0,695.0
-14.75,-74.95,1055.0
-14.75,-74.9,1065.0
-14.75,-74.85,1641.0
-14.75,-74.8,1141.0
-14.75,-74.75,2255.0
-14.75,-74.7,2117.0
-14.75,-74.65,3059.0
-14.75,-74.6,3306.0
-14.75,-74.55,3431.0
-14.75,-74.5,3657.0
-14.75,-74.45,3729.0
-14.75,-74.4,3845.0
-14.75,-74.35,3926.0
-14.75,-74.3,3977.0
-14.75,-74.25,3870.0
-14.75,-74.2,3563.0
-14.75,-74.15,2302.0
-14.75,-74.1,2746.0
-14.75,-74.05,3938.0
-14.75,-74.0,3958.0
-14.75,-73.95,4177.0
-14.75,-73.9,4291.0
-14.75,-73.85,4375.0
-14.75,-73.8,4516.0
-14.75,-73.75,4493.0
-14.75,-73.7,4765.0
-14.75,-73.65,4495.0
-14.75,-73.6,3947.0
-14.75,-73.55,3978.0
-14.75,-73.5,4373.0
-14.75,-73.45,4200.0
-14.75,-73.4,4394.0
-14.75,-73.35,4441.0
-14.75,-73.3,4508.0
-14.75,-73.25,4498.0
-14.75,-73.2,4350.0
-14.75,-73.15,4678.0
-14.75,-73.1,4207.0
-14.75,-73.05,4641.0
-14.75,-73.0,4717.0
-14.75,-72.95,4405.0
-14.75,-72.9,4925.0
-14.75,-72.85,5033.0
-14.75,-72.8,4794.0
-14.75,-72.75,4511.0
-14.75,-72.7,4861.0
-14.75,-72.65,4724.0
-14.75,-72.6,4951.0
-14.75,-72.55,4610.0
-14.75,-72.5,5030.0
-14.75,-72.45,5043.0
-14.75,-72.4,5083.0
-14.75,-72.35,4567.0
-14.75,-72.3,4563.0
-14.75,-72.25,4882.0
-14.75,-72.2,4559.0
-14.75,-72.15,4603.0
-14.75,-72.1,4636.0
-14.75,-72.05,4112.0
-14.75,-72.0,4592.0
-14.75,-71.95,4465.0
-14.75,-71.9,4600.0
-14.75,-71.85,4566.0
-14.75,-71.8,4251.0
-14.75,-71.75,4234.0
-14.75,-71.7,4066.0
-14.75,-71.65,4015.0
-14.75,-71.6,3935.0
-14.75,-71.55,3939.0
-14.75,-71.5,4084.0
-14.75,-71.45,3889.0
-14.75,-71.4,3888.0
-14.75,-71.35,4004.0
-14.75,-71.3,3980.0
-14.75,-71.25,4013.0
-14.75,-71.2,4029.0
-14.75,-71.15,4140.0
-14.75,-71.1,4549.0
-14.75,-71.05,4654.0
-14.75,-71.0,4732.0
-14.75,-70.95,4511.0
-14.75,-70.9,3974.0
-14.75,-70.85,4125.0
-14.75,-70.8,3938.0
-14.75,-70.75,3921.0
-14.75,-70.7,3946.0
-14.75,-70.65,4218.0
-14.75,-70.6,4136.0
-14.75,-70.55,4307.0
-14.75,-70.5,4188.0
-14.75,-70.45,3897.0
-14.75,-70.4,3884.0
-14.75,-70.35,3923.0
-14.75,-70.3,3876.0
-14.75,-70.25,4170.0
-14.75,-70.2,3942.0
-14.75,-70.15,4046.0
-14.75,-70.1,4051.0
-14.75,-70.05,3974.0
-14.75,-70.0,4112.0
-14.75,-69.95,3947.0
-14.75,-69.9,3959.0
-14.75,-69.85,4278.0
-14.75,-69.8,4231.0
-14.75,-69.75,4711.0
-14.75,-69.7,4720.0
-14.75,-69.65,4678.0
-14.75,-69.6,4831.0
-14.75,-69.55,4921.0
-14.75,-69.5,4838.0
-14.75,-69.45,4849.0
-14.75,-69.4,4582.0
-14.75,-69.35,4769.0
-14.75,-69.3,4766.0
-14.75,-69.25,4711.0
-14.75,-69.2,5354.0
-14.75,-69.15,4941.0
-14.75,-69.1,4659.0
-14.75,-69.05,4212.0
-14.75,-69.0,3474.0
-14.75,-68.95,1945.0
-14.75,-68.9,1717.0
-14.75,-68.85,1889.0
-14.75,-68.8,1758.0
-14.75,-68.75,1839.0
-14.75,-68.7,1684.0
-14.75,-68.65,1972.0
-14.75,-68.6,1771.0
-14.75,-68.55,1441.0
-14.75,-68.5,1436.0
-14.75,-68.45,1451.0
-14.75,-68.4,1424.0
-14.75,-68.35,1438.0
-14.75,-68.3,1969.0
-14.75,-68.25,1879.0
-14.75,-68.2,2127.0
-14.75,-68.15,2295.0
-14.75,-68.1,1738.0
-14.75,-68.05,1063.0
-14.75,-68.0,1108.0
-14.5,-77.0,0.0
-14.5,-76.95,0.0
-14.5,-76.9,0.0
-14.5,-76.85,0.0
-14.5,-76.8,0.0
-14.5,-76.75,0.0
-14.5,-76.7,0.0
-14.5,-76.65,0.0
-14.5,-76.6,0.0
-14.5,-76.55,0.0
-14.5,-76.5,0.0
-14.5,-76.45,0.0
-14.5,-76.4,0.0
-14.5,-76.35,0.0
-14.5,-76.3,0.0
-14.5,-76.25,0.0
-14.5,-76.2,0.0
-14.5,-76.15,0.0
-14.5,-76.1,0.0
-14.5,-76.05,0.0
-14.5,-76.0,0.0
-14.5,-75.95,316.0
-14.5,-75.9,848.0
-14.5,-75.85,815.0
-14.5,-75.8,653.0
-14.5,-75.75,631.0
-14.5,-75.7,496.0
-14.5,-75.65,272.0
-14.5,-75.6,309.0
-14.5,-75.55,328.0
-14.5,-75.5,376.0
-14.5,-75.45,383.0
-14.5,-75.4,432.0
-14.5,-75.35,478.0
-14.5,-75.3,518.0
-14.5,-75.25,521.0
-14.5,-75.2,355.0
-14.5,-75.15,490.0
-14.5,-75.1,929.0
-14.5,-75.05,1513.0
-14.5,-75.0,1846.0
-14.5,-74.95,1921.0
-14.5,-74.9,2105.0
-14.5,-74.85,2545.0
-14.5,-74.8,2269.0
-14.5,-74.75,2601.0
-14.5,-74.7,1823.0
-14.5,-74.65,2527.0
-14.5,-74.6,3232.0
-14.5,-74.55,3406.0
-14.5,-74.5,4129.0
-14.5,-74.45,4240.0
-14.5,-74.4,3835.0
-14.5,-74.35,3699.0
-14.5,-74.3,3509.0
-14.5,-74.25,3692.0
-14.5,-74.2,4143.0
-14.5,-74.15,4352.0
-14.5,-74.1,4144.0
-14.5,-74.05,4370.0
-14.5,-74.0,4344.0
-14.5,-73.95,4179.0
-14.5,-73.9,4496.0
-14.5,-73.85,4441.0
-14.5,-73.8,4341.0
-14.5,-73.75,4280.0
-14.5,-73.7,4313.0
-14.5,-73.65,4378.0
-14.5,-73.6,4384.0
-14.5,-73.55,4479.0
-14.5,-73.5,4514.0
-14.5,-73.45,4368.0
-14.5,-73.4,4331.0
-14.5,-73.35,4071.0
-14.5,-73.3,3735.0
-14.5,-73.25,3705.0
-14.5,-73.2,4319.0
-14.5,-73.15,4649.0
-14.5,-73.1,4690.0
-14.5,-73.05,4523.0
-14.5,-73.0,4598.0
-14.5,-72.95,4647.0
-14.5,-72.9,4055.0
-14.5,-72.85,4680.0
-14.5,-72.8,4520.0
-14.5,-72.75,4549.0
-14.5,-72.7,4801.0
-14.5,-72.65,4755.0
-14.5,-72.6,4733.0
-14.5,-72.55,4776.0
-14.5,-72.5,4808.0
-14.5,-72.45,4841.0
-14.5,-72.4,4582.0
-14.5,-72.35,4618.0
-14.5,-72.3,4401.0
-14.5,-72.25,4520.0
-14.5,-72.2,4331.0
-14.5,-72.15,4025.0
-14.5,-72.1,3836.0
-14.5,-72.05,4082.0
-14.5,-72.0,4295.0
-14.5,-71.95,3954.0
-14.5,-71.9,3835.0
-14.5,-71.85,4005.0
-14.5,-71.8,4115.0
-14.5,-71.75,4131.0
-14.5,-71.7,4294.0
-14.5,-71.65,4687.0
-14.5,-71.6,4609.0
-14.5,-71.55,4421.0
-14.5,-71.5,4025.0
-14.5,-71.45,3858.0
-14.5,-71.4,4028.0
-14.5,-71.35,4048.0
-14.5,-71.3,4158.0
-14.5,-71.25,4086.0
-14.5,-71.2,3956.0
-14.5,-71.15,3973.0
-14.5,-71.1,4156.0
-14.5,-71.05,4331.0
-14.5,-71.0,5034.0
-14.5,-70.95,4192.0
-14.5,-70.9,4671.0
-14.5,-70.85,4756.0
-14.5,-70.8,4437.0
-14.5,-70.75,4428.0
-14.5,-70.7,4265.0
-14.5,-70.65,4015.0
-14.5,-70.6,3977.0
-14.5,-70.55,4006.0
-14.5,-70.5,4036.0
-14.5,-70.45,4160.0
-14.5,-70.4,4239.0
-14.5,-70.35,4048.0
-14.5,-70.3,4634.0
-14.5,-70.25,4118.0
-14.5,-70.2,4362.0
-14.5,-70.15,4626.0
-14.5,-70.1,4727.0
-14.5,-70.05,4332.0
-14.5,-70.0,4659.0
-14.5,-69.95,4301.0
-14.5,-69.9,4488.0
-14.5,-69.85,4628.0
-14.5,-69.8,4527.0
-14.5,-69.75,4358.0
-14.5,-69.7,4451.0
-14.5,-69.65,4605.0
-14.5,-69.6,4403.0
-14.5,-69.55,3885.0
-14.5,-69.5,4458.0
-14.5,-69.45,4457.0
-14.5,-69.4,4483.0
-14.5,-69.35,3944.0
-14.5,-69.3,4160.0
-14.5,-69.25,4091.0
-14.5,-69.2,3745.0
-14.5,-69.15,3944.0
-14.5,-69.1,3891.0
-14.5,-69.05,2990.0
-14.5,-69.0,2257.0
-14.5,-68.95,2255.0
-14.5,-68.9,2118.0
-14.5,-68.85,2374.0
-14.5,-68.8,1688.0
-14.5,-68.75,1044.0
-14.5,-68.7,1301.0
-14.5,-68.65,865.0
-14.5,-68.6,1471.0
-14.5,-68.55,1396.0
-14.5,-68.5,1040.0
-14.5,-68.45,2262.0
-14.5,-68.4,2041.0
-14.5,-68.35,2010.0
-14.5,-68.3,2175.0
-14.5,-68.25,1948.0
-14.5,-68.2,2087.0
-14.5,-68.15,1510.0
-14.5,-68.1,1390.0
-14.5,-68.05,963.0
-14.5,-68.0,799.0
-14.25,-77.0,0.0
-14.25,-76.95,0.0
-14.25,-76.9,0.0
-14.25,-76.85,0.0
-14.25,-76.8,0.0
-14.25,-76.75,0.0
-14.25,-76.7,0.0
-14.25,-76.65,0.0
-14.25,-76.6,0.0
-14.25,-76.55,0.0
-14.25,-76.5,0.0
-14.25,-76.45,0.0
-14.25,-76.4,0.0
-14.25,-76.35,0.0
-14.25,-76.3,0.0
-14.25,-76.25,0.0
-14.25,-76.2,0.0
-14.25,-76.15,0.0
-14.25,-76.1,365.0
-14.25,-76.05,662.0
-14.25,-76.0,663.0
-14.25,-75.95,610.0
-14.25,-75.9,502.0
-14.25,-75.85,624.0
-14.25,-75.8,676.0
-14.25,-75.75,434.0
-14.25,-75.7,350.0
-14.25,-75.65,380.0
-14.25,-75.6,414.0
-14.25,-75.55,562.0
-14.25,-75.5,646.0
-14.25,-75.45,862.0
-14.25,-75.4,1753.0
-14.25,-75.35,1979.0
-14.25,-75.3,1989.0
-14.25,-75.25,2321.0
-14.25,-75.2,1765.0
-14.25,-75.15,1938.0
-14.25,-75.1,1506.0
-14.25,-75.05,2387.0
-14.25,-75.0,2412.0
-14.25,-74.95,2886.0
-14.25,-74.9,3359.0
-14.25,-74.85,3627.0
-14.25,-74.8,3849.0
-14.25,-74.75,3929.0
-14.25,-74.7,4307.0
-14.25,-74.65,4206.0
-14.25,-74.6,4301.0
-14.25,-74.55,4223.0
-14.25,-74.5,4193.0
-14.25,-74.45,4095.0
-14.25,-74.4,4065.0
-14.25,-74.35,4119.0
-14.25,-74.3,4250.0
-14.25,-74.25,4447.0
-14.25,-74.2,4217.0
-14.25,-74.15,4265.0
-14.25,-74.1,4158.0
-14.25,-74.05,3201.0
-14.25,-74.0,2943.0
-14.25,-73.95,3024.0
-14.25,-73.9,4173.0
-14.25,-73.85,4414.0
-14.25,-73.8,4375.0
-14.25,-73.75,4156.0
-14.25,-73.7,4277.0
-14.25,-73.65,3985.0
-14.25,-73.6,3764.0
-14.25,-73.55,3708.0
-14.25,-73.5,3760.0
-14.25,-73.45,3564.0
-14.25,-73.4,3766.0
-14.25,-73.35,3898.0
-14.25,-73.3,2969.0
-14.25,-73.25,3819.0
-14.25,-73.2,4226.0
-14.25,-73.15,3592.0
-14.25,-73.1,4279.0
-14.25,-73.05,2800.0
-14.25,-73.0,3947.0
-14.25,-72.95,3978.0
-14.25,-72.9,4464.0
-14.25,-72.85,4629.0
-14.25,-72.8,4660.0
-14.25,-72.75,4622.0
-14.25,-72.7,4377.0
-14.25,-72.65,4232.0
-14.25,-72.6,3550.0
-14.25,-72.55,3917.0
-14.25,-72.5,4684.0
-14.25,-72.45,4367.0
-14.25,-72.4,4391.0
-14.25,-72.35,4144.0
-14.25,-72.3,4375.0
-14.25,-72.25,3867.0
-14.25,-72.2,3556.0
-14.25,-72.15,4215.0
-14.25,-72.1,3566.0
-14.25,-72.05,3485.0
-14.25,-72.0,4014.0
-14.25,-71.95,4096.0
-14.25,-71.9,3940.0
-14.25,-71.85,4081.0
-14.25,-71.8,4067.0
-14.25,-71.75,4223.0
-14.25,-71.7,3916.0
-14.25,-71.65,3909.0
-14.25,-71.6,4232.0
-14.25,-71.55,4472.0
-14.25,-71.5,4040.0
-14.25,-71.45,3966.0
-14.25,-71.4,4029.0
-14.25,-71.35,3973.0
-14.25,-71.3,4055.0
-14.25,-71.25,3612.0
-14.25,-71.2,3672.0
-14.25,-71.15,4399.0
-14.25,-71.1,4148.0
-14.25,-71.05,4393.0
-14.25,-71.0,4323.0
-14.25,-70.95,4456.0
-14.25,-70.9,4805.0
-14.25,-70.85,4543.0
-14.25,-70.8,4525.0
-14.25,-70.75,4959.0
-14.25,-70.7,4602.0
-14.25,-70.65,4548.0
-14.25,-70.6,4697.0
-14.25,-70.55,4456.0
-14.25,-70.5,4834.0
-14.25,-70.45,4597.0
-14.25,-70.4,4476.0
-14.25,-70.35,4563.0
-14.25,-70.3,4463.0
-14.25,-70.25,4280.0
-14.25,-70.2,4294.0
-14.25,-70.15,4534.0
-14.25,-70.1,4597.0
-14.25,-70.05,4430.0
-14.25,-70.0,4862.0
-14.25,-69.95,4742.0
-14.25,-69.9,4431.0
-14.25,-69.85,4930.0
-14.25,-69.8,4623.0
-14.25,-69.75,4793.0
-14.25,-69.7,4297.0
-14.25,-69.65,3644.0
-14.25,-69.6,3124.0
-14.25,-69.55,3579.0
-14.25,-69.5,3653.0
-14.25,-69.45,2712.0
-14.25,-69.4,2615.0
-14.25,-69.35,2922.0
-14.25,-69.3,2378.0
-14.25,-69.25,2663.0
-14.25,-69.2,1807.0
-14.25,-69.15,1656.0
-14.25,-69.1,1956.0
-14.25,-69.05,1740.0
-14.25,-69.0,2048.0
-14.25,-68.95,2071.0
-14.25,-68.9,1903.0
-14.25,-68.85,1704.0
-14.25,-68.8,2016.0
-14.25,-68.75,1798.0
-14.25,-68.7,1243.0
-14.25,-68.65,1040.0
-14.25,-68.6,874.0
-14.25,-68.55,704.0
-14.25,-68.5,1357.0
-14.25,-68.45,1105.0
-14.25,-68.4,1352.0
-14.25,-68.35,1091.0
-14.25,-68.3,991.0
-14.25,-68.25,1470.0
-14.25,-68.2,749.0
-14.25,-68.15,677.0
-14.25,-68.1,892.0
-14.25,-68.05,401.0
-14.25,-68.0,485.0
-14.0,-77.0,0.0
-14.0,-76.95,0.0
-14.0,-76.9,0.0
-14.0,-76.85,0.0
-14.0,-76.8,0.0
-14.0,-76.75,0.0
-14.0,-76.7,0.0
-14.0,-76.65,0.0
-14.0,-76.6,0.0
-14.0,-76.55,0.0
-14.0,-76.5,0.0
-14.0,-76.45,0.0
-14.0,-76.4,0.0
-14.0,-76.35,0.0
-14.0,-76.3,0.0
-14.0,-76.25,-4.0
-14.0,-76.2,136.0
-14.0,-76.15,413.0
-14.0,-76.1,269.0
-14.0,-76.05,310.0
-14.0,-76.0,462.0
-14.0,-75.95,523.0
-14.0,-75.9,505.0
-14.0,-75.85,445.0
-14.0,-75.8,480.0
-14.0,-75.75,431.0
-14.0,-75.7,456.0
-14.0,-75.65,655.0
-14.0,-75.6,1392.0
-14.0,-75.55,1300.0
-14.0,-75.5,1684.0
-14.0,-75.45,1911.0
-14.0,-75.4,2289.0
-14.0,-75.35,1820.0
-14.0,-75.3,2608.0
-14.0,-75.25,3342.0
-14.0,-75.2,3472.0
-14.0,-75.15,3599.0
-14.0,-75.1,3570.0
-14.0,-75.05,3127.0
-14.0,-75.0,2619.0
-14.0,-74.95,3307.0
-14.0,-74.9,3635.0
-14.0,-74.85,3829.0
-14.0,-74.8,4252.0
-14.0,-74.75,4209.0
-14.0,-74.7,4008.0
-14.0,-74.65,4048.0
-14.0,-74.6,4210.0
-14.0,-74.55,4086.0
-14.0,-74.5,4232.0
-14.0,-74.45,4180.0
-14.0,-74.4,3897.0
-14.0,-74.35,3843.0
-14.0,-74.3,3936.0
-14.0,-74.25,4087.0
-14.0,-74.2,4323.0
-14.0,-74.15,4333.0
-14.0,-74.1,4315.0
-14.0,-74.05,4363.0
-14.0,-74.0,4288.0
-14.0,-73.95,3566.0
-14.0,-73.9,2496.0
-14.0,-73.85,3534.0
-14.0,-73.8,3893.0
-14.0,-73.75,4044.0
-14.0,-73.7,4206.0
-14.0,-73.65,3446.0
-14.0,-73.6,3507.0
-14.0,-73.55,3825.0
-14.0,-73.5,3995.0
-14.0,-73.45,3852.0
-14.0,-73.4,4115.0
-14.0,-73.35,4474.0
-14.0,-73.3,3418.0
-14.0,-73.25,3458.0
-14.0,-73.2,3370.0
-14.0,-73.15,2904.0
-14.0,-73.1,3168.0
-14.0,-73.05,4073.0
-14.0,-73.0,3769.0
-14.0,-72.95,4013.0
-14.0,-72.9,3870.0
-14.0,-72.85,4171.0
-14.0,-72.8,4575.0
-14.0,-72.75,4304.0
-14.0,-72.7,4728.0
-14.0,-72.65,4147.0
-14.0,-72.6,3944.0
-14.0,-72.55,3533.0
-14.0,-72.5,4036.0
-14.0,-72.45,3971.0
-14.0,-72.4,4095.0
-14.0,-72.35,4380.0
-14.0,-72.3,4034.0
-14.0,-72.25,3960.0
-14.0,-72.2,3996.0
-14.0,-72.15,4094.0
-14.0,-72.1,3301.0
-14.0,-72.05,3010.0
-14.0,-72.0,3592.0
-14.0,-71.95,4142.0
-14.0,-71.9,3862.0
-14.0,-71.85,2926.0
-14.0,-71.8,4323.0
-14.0,-71.75,3693.0
-14.0,-71.7,4114.0
-14.0,-71.65,4386.0
-14.0,-71.6,3742.0
-14.0,-71.55,3665.0
-14.0,-71.5,3686.0
-14.0,-71.45,3891.0
-14.0,-71.4,4238.0
-14.0,-71.35,4683.0
-14.0,-71.3,4691.0
-14.0,-71.25,4465.0
-14.0,-71.2,4809.0
-14.0,-71.15,4992.0
-14.0,-71.1,4893.0
-14.0,-71.05,4972.0
-14.0,-71.0,4663.0
-14.0,-70.95,4819.0
-14.0,-70.9,4988.0
-14.0,-70.85,5191.0
-14.0,-70.8,4735.0
-14.0,-70.75,4529.0
-14.0,-70.7,4809.0
-14.0,-70.65,4677.0
-14.0,-70.6,4637.0
-14.0,-70.55,4422.0
-14.0,-70.5,4365.0
-14.0,-70.45,4387.0
-14.0,-70.4,4588.0
-14.0,-70.35,4730.0
-14.0,-70.3,4697.0
-14.0,-70.25,4385.0
-14.0,-70.2,4502.0
-14.0,-70.15,4570.0
-14.0,-70.1,4326.0
-14.0,-70.05,4103.0
-14.0,-70.0,4138.0
-14.0,-69.95,4399.0
-14.0,-69.9,4795.0
-14.0,-69.85,4171.0
-14.0,-69.8,3754.0
-14.0,-69.75,2545.0
-14.0,-69.7,3187.0
-14.0,-69.65,3242.0
-14.0,-69.6,3064.0
-14.0,-69.55,1906.0
-14.0,-69.5,1611.0
-14.0,-69.45,1212.0
-14.0,-69.4,1271.0
-14.0,-69.35,1764.0
-14.0,-69.3,1543.0
-14.0,-69.25,1468.0
-14.0,-69.2,1385.0
-14.0,-69.15,1979.0
-14.0,-69.1,1787.0
-14.0,-69.05,1595.0
-14.0,-69.0,1141.0
-14.0,-68.95,828.0
-14.0,-68.9,1359.0
-14.0,-68.85,1490.0
-14.0,-68.8,1561.0
-14.0,-68.75,1144.0
-14.0,-68.7,1446.0
-14.0,-68.65,1397.0
-14.0,-68.6,1489.0
-14.0,-68.55,977.0
-14.0,-68.5,1022.0
-14.0,-68.45,1284.0
-14.0,-68.4,1030.0
-14.0,-68.35,767.0
-14.0,-68.3,617.0
-14.0,-68.25,983.0
-14.0,-68.2,754.0
-14.0,-68.15,562.0
-14.0,-68.1,628.0
-14.0,-68.05,730.0
-14.0,-68.0,370.0
-13.75,-77.0,0.0
-13.75,-76.95,0.0
-13.75,-76.9,0.0
-13.75,-76.85,0.0
-13.75,-76.8,0.0
-13.75,-76.75,0.0
-13.75,-76.7,0.0
-13.75,-76.65,0.0
-13.75,-76.6,0.0
-13.75,-76.55,0.0
-13.75,-76.5,0.0
-13.75,-76.45,0.0
-13.75,-76.4,0.0
-13.75,-76.35,0.0
-13.75,-76.3,0.0
-13.75,-76.25,0.0
-13.75,-76.2,30.0
-13.75,-76.15,142.0
-13.75,-76.1,175.0
-13.75,-76.05,247.0
-13.75,-76.0,257.0
-13.75,-75.95,318.0
-13.75,-75.9,412.0
-13.75,-75.85,960.0
-13.75,-75.8,1018.0
-13.75,-75.75,1029.0
-13.75,-75.7,1391.0
-13.75,-75.65,2047.0
-13.75,-75.6,2580.0
-13.75,-75.55,2871.0
-13.75,-75.5,2146.0
-13.75,-75.45,2169.0
-13.75,-75.4,2801.0
-13.75,-75.35,2154.0
-13.75,-75.3,3238.0
-13.75,-75.25,3921.0
-13.75,-75.2,4057.0
-13.75,-75.15,4081.0
-13.75,-75.1,3863.0
-13.75,-75.05,4195.0
-13.75,-75.0,4226.0
-13.75,-74.95,4308.0
-13.75,-74.9,4317.0
-13.75,-74.85,4283.0
-13.75,-74.8,4461.0
-13.75,-74.75,4570.0
-13.75,-74.7,4452.0
-13.75,-74.65,4423.0
-13.75,-74.6,4476.0
-13.75,-74.55,4306.0
-13.75,-74.5,4100.0
-13.75,-74.45,4097.0
-13.75,-74.4,4146.0
-13.75,-74.35,3966.0
-13.75,-74.3,3357.0
-13.75,-74.25,4238.0
-13.75,-74.2,4438.0
-13.75,-74.15,3968.0
-13.75,-74.1,3934.0
-13.75,-74.05,3688.0
-13.75,-74.0,3222.0
-13.75,-73.95,3115.0
-13.75,-73.9,3939.0
-13.75,-73.85,3456.0
-13.75,-73.8,3022.0
-13.75,-73.75,2288.0
-13.75,-73.7,2121.0
-13.75,-73.65,2711.0
-13.75,-73.6,3287.0
-13.75,-73.55,2951.0
-13.75,-73.5,3609.0
-13.75,-73.45,3698.0
-13.75,-73.4,3564.0
-13.75,-73.35,3675.0
-13.75,-73.3,4184.0
-13.75,-73.25,4227.0
-13.75,-73.2,4436.0
-13.75,-73.15,4166.0
-13.75,-73.1,4347.0
-13.75,-73.05,4246.0
-13.75,-73.0,3378.0
-13.75,-72.95,2959.0
-13.75,-72.9,2310.0
-13.75,-72.85,3595.0
-13.75,-72.8,4260.0
-13.75,-72.75,4020.0
-13.75,-72.7,4514.0
-13.75,-72.65,4438.0
-13.75,-72.6,4463.0
-13.75,-72.55,4444.0
-13.75,-72.5,4234.0
-13.75,-72.45,2353.0
-13.75,-72.4,4082.0
-13.75,-72.35,3164.0
-13.75,-72.3,3966.0
-13.75,-72.25,3423.0
-13.75,-72.2,3103.0
-13.75,-72.15,2718.0
-13.75,-72.1,3178.0
-13.75,-72.05,3064.0
-13.75,-72.0,3430.0
-13.75,-71.95,3722.0
-13.75,-71.9,3921.0
-13.75,-71.85,3245.0
-13.75,-71.8,3578.0
-13.75,-71.75,4367.0
-13.75,-71.7,4491.0
-13.75,-71.65,4258.0
-13.75,-71.6,3370.0
-13.75,-71.55,3522.0
-13.75,-71.5,4281.0
-13.75,-71.45,4498.0
-13.75,-71.4,4073.0
-13.75,-71.35,4211.0
-13.75,-71.3,4399.0
-13.75,-71.25,4620.0
-13.75,-71.2,4747.0
-13.75,-71.15,5188.0
-13.75,-71.1,5591.0
-13.75,-71.05,5517.0
-13.75,-71.0,5385.0
-13.75,-70.95,4468.0
-13.75,-70.9,5259.0
-13.75,-70.85,4700.0
-13.75,-70.8,4590.0
-13.75,-70.75,5045.0
-13.75,-70.7,5156.0
-13.75,-70.65,4867.0
-13.75,-70.6,4461.0
-13.75,-70.55,4347.0
-13.75,-70.5,3962.0
-13.75,-70.45,2784.0
-13.75,-70.4,4158.0
-13.75,-70.35,4045.0
-13.75,-70.3,3587.0
-13.75,-70.25,3204.0
-13.75,-70.2,2986.0
-13.75,-70.15,2623.0
-13.75,-70.1,3363.0
-13.75,-70.05,3411.0
-13.75,-70.0,2310.0
-13.75,-69.95,2408.0
-13.75,-69.9,1883.0
-13.75,-69.85,1378.0
-13.75,-69.8,1175.0
-13.75,-69.75,1002.0
-13.75,-69.7,1015.0
-13.75,-69.65,1170.0
-13.75,-69.6,1570.0
-13.75,-69.55,1075.0
-13.75,-69.5,1299.0
-13.75,-69.45,1164.0
-13.75,-69.4,1250.0
-13.75,-69.35,1254.0
-13.75,-69.3,1234.0
-13.75,-69.25,1707.0
-13.75,-69.2,1155.0
-13.75,-69.15,839.0
-13.75,-69.1,970.0
-13.75,-69.05,1322.0
-13.75,-69.0,992.0
-13.75,-68.95,1042.0
-13.75,-68.9,807.0
-13.75,-68.85,467.0
-13.75,-68.8,549.0
-13.75,-68.75,662.0
-13.75,-68.7,827.0
-13.75,-68.65,529.0
-13.75,-68.6,371.0
-13.75,-68.55,363.0
-13.75,-68.5,449.0
-13.75,-68.45,766.0
-13.75,-68.4,762.0
-13.75,-68.35,313.0
-13.75,-68.3,312.0
-13.75,-68.25,300.0
-13.75,-68.2,291.0
-13.75,-68.15,258.0
-13.75,-68.1,255.0
-13.75,-68.05,254.0
-13.75,-68.0,245.0
-13.5,-77.0,0.0
-13.5,-76.95,0.0
-13.5,-76.9,0.0
-13.5,-76.85,0.0
-13.5,-76.8,0.0
-13.5,-76.75,0.0
-13.5,-76.7,0.0
-13.5,-76.65,0.0
-13.5,-76.6,0.0
-13.5,-76.55,0.0
-13.5,-76.5,0.0
-13.5,-76.45,0.0
-13.5,-76.4,0.0
-13.5,-76.35,0.0
-13.5,-76.3,0.0
-13.5,-76.25,0.0
-13.5,-76.2,0.0
-13.5,-76.15,43.0
-13.5,-76.1,94.0
-13.5,-76.05,160.0
-13.5,-76.0,372.0
-13.5,-75.95,686.0
-13.5,-75.9,1162.0
-13.5,-75.85,1362.0
-13.5,-75.8,2168.0
-13.5,-75.75,2564.0
-13.5,-75.7,1964.0
-13.5,-75.65,1876.0
-13.5,-75.6,2375.0
-13.5,-75.55,3046.0
-13.5,-75.5,2488.0
-13.5,-75.45,3015.0
-13.5,-75.4,3618.0
-13.5,-75.35,4088.0
-13.5,-75.3,3401.0
-13.5,-75.25,3549.0
-13.5,-75.2,4078.0
-13.5,-75.15,4510.0
-13.5,-75.1,4418.0
-13.5,-75.05,4526.0
-13.5,-75.0,4537.0
-13.5,-74.95,4170.0
-13.5,-74.9,4360.0
-13.5,-74.85,3656.0
-13.5,-74.8,4087.0
-13.5,-74.75,4104.0
-13.5,-74.7,4496.0
-13.5,-74.65,4414.0
-13.5,-74.6,4343.0
-13.5,-74.55,4370.0
-13.5,-74.5,4355.0
-13.5,-74.45,4293.0
-13.5,-74.4,4241.0
-13.5,-74.35,4185.0
-13.5,-74.3,4013.0
-13.5,-74.25,4013.0
-13.5,-74.2,3658.0
-13.5,-74.15,3434.0
-13.5,-74.1,3437.0
-13.5,-74.05,3555.0
-13.5,-74.0,3918.0
-13.5,-73.95,4048.0
-13.5,-73.9,3589.0
-13.5,-73.85,2622.0
-13.5,-73.8,2195.0
-13.5,-73.75,3022.0
-13.5,-73.7,3264.0
-13.5,-73.65,4246.0
-13.5,-73.6,4081.0
-13.5,-73.55,3113.0
-13.5,-73.5,2024.0
-13.5,-73.45,2962.0
-13.5,-73.4,2170.0
-13.5,-73.35,2983.0
-13.5,-73.3,2710.0
-13.5,-73.25,2605.0
-13.5,-73.2,3528.0
-13.5,-73.15,3092.0
-13.5,-73.1,1216.0
-13.5,-73.05,3066.0
-13.5,-73.0,3362.0
-13.5,-72.95,3565.0
-13.5,-72.9,3172.0
-13.5,-72.85,3531.0
-13.5,-72.8,3078.0
-13.5,-72.75,2480.0
-13.5,-72.7,2091.0
-13.5,-72.65,2903.0
-13.5,-72.6,2547.0
-13.5,-72.55,3294.0
-13.5,-72.5,2374.0
-13.5,-72.45,2847.0
-13.5,-72.4,3706.0
-13.5,-72.35,4125.0
-13.5,-72.3,3778.0
-13.5,-72.25,3510.0
-13.5,-72.2,3332.0
-13.5,-72.15,3671.0
-13.5,-72.1,3889.0
-13.5,-72.05,3643.0
-13.5,-72.0,3633.0
-13.5,-71.95,3604.0
-13.5,-71.9,3850.0
-13.5,-71.85,4257.0
-13.5,-71.8,3990.0
-13.5,-71.75,3680.0
-13.5,-71.7,3847.0
-13.5,-71.65,3825.0
-13.5,-71.6,3572.0
-13.5,-71.55,3755.0
-13.5,-71.5,4035.0
-13.5,-71.45,3814.0
-13.5,-71.4,4228.0
-13.5,-71.35,4499.0
-13.5,-71.3,4727.0
-13.5,-71.25,4756.0
-13.5,-71.2,4580.0
-13.5,-71.15,4691.0
-13.5,-71.1,4487.0
-13.5,-71.05,3867.0
-13.5,-71.0,3263.0
-13.5,-70.95,3289.0
-13.5,-70.9,1693.0
-13.5,-70.85,3864.0
-13.5,-70.8,3789.0
-13.5,-70.75,2749.0
-13.5,-70.7,4196.0
-13.5,-70.65,3126.0
-13.5,-70.6,2308.0
-13.5,-70.55,2244.0
-13.5,-70.5,2051.0
-13.5,-70.45,1656.0
-13.5,-70.4,1187.0
-13.5,-70.35,1762.0
-13.5,-70.3,1691.0
-13.5,-70.25,953.0
-13.5,-70.2,558.0
-13.5,-70.15,1362.0
-13.5,-70.1,1364.0
-13.5,-70.05,1017.0
-13.5,-70.0,1118.0
-13.5,-69.95,790.0
-13.5,-69.9,382.0
-13.5,-69.85,356.0
-13.5,-69.8,338.0
-13.5,-69.75,382.0
-13.5,-69.7,333.0
-13.5,-69.65,855.0
-13.5,-69.6,898.0
-13.5,-69.55,627.0
-13.5,-69.5,590.0
-13.5,-69.45,471.0
-13.5,-69.4,596.0
-13.5,-69.35,420.0
-13.5,-69.3,484.0
-13.5,-69.25,430.0
-13.5,-69.2,409.0
-13.5,-69.15,413.0
-13.5,-69.1,368.0
-13.5,-69.05,324.0
-13.5,-69.0,276.0
-13.5,-68.95,260.0
-13.5,-68.9,253.0
-13.5,-68.85,254.0
-13.5,-68.8,249.0
-13.5,-68.75,255.0
-13.5,-68.7,249.0
-13.5,-68.65,241.0
-13.5,-68.6,241.0
-13.5,-68.55,248.0
-13.5,-68.5,253.0
-13.5,-68.45,247.0
-13.5,-68.4,247.0
-13.5,-68.35,249.0
-13.5,-68.3,249.0
-13.5,-68.25,247.0
-13.5,-68.2,235.0
-13.5,-68.15,232.0
-13.5,-68.1,234.0
-13.5,-68.05,225.0
-13.5,-68.0,220.0
-13.25,-77.0,0.0
-13.25,-76.95,0.0
-13.25,-76.9,0.0
-13.25,-76.85,0.0
-13.25,-76.8,0.0
-13.25,-76.75,0.0
-13.25,-76.7,0.0
-13.25,-76.65,0.0
-13.25,-76.6,0.0
-13.25,-76.55,0.0
-13.25,-76.5,0.0
-13.25,-76.45,0.0
-13.25,-76.4,0.0
-13.25,-76.35,0.0
-13.25,-76.3,121.0
-13.25,-76.25,155.0
-13.25,-76.2,223.0
-13.25,-76.15,370.0
-13.25,-76.1,639.0
-13.25,-76.05,1137.0
-13.25,-76.0,1245.0
-13.25,-75.95,1236.0
-13.25,-75.9,1519.0
-13.25,-75.85,2382.0
-13.25,-75.8,2523.0
-13.25,-75.75,3420.0
-13.25,-75.7,3864.0
-13.25,-75.65,2184.0
-13.25,-75.6,2722.0
-13.25,-75.55,3514.0
-13.25,-75.5,3927.0
-13.25,-75.45,4039.0
-13.25,-75.4,4189.0
-13.25,-75.35,4393.0
-13.25,-75.3,4446.0
-13.25,-75.25,4630.0
-13.25,-75.2,4754.0
-13.25,-75.15,4766.0
-13.25,-75.1,4626.0
-13.25,-75.05,4678.0
-13.25,-75.0,4657.0
-13.25,-74.95,4548.0
-13.25,-74.9,4726.0
-13.25,-74.85,4562.0
-13.25,-74.8,4724.0
-13.25,-74.75,4555.0
-13.25,-74.7,4467.0
-13.25,-74.65,4597.0
-13.25,-74.6,4535.0
-13.25,-74.55,4156.0
-13.25,-74.5,4276.0
-13.25,-74.45,3888.0
-13.25,-74.4,3671.0
-13.25,-74.35,3383.0
-13.25,-74.3,3983.0
-13.25,-74.25,3450.0
-13.25,-74.2,3133.0
-13.25,-74.15,3791.0
-13.25,-74.1,3469.0
-13.25,-74.05,3426.0
-13.25,-74.0,3181.0
-13.25,-73.95,4071.0
-13.25,-73.9,3622.0
-13.25,-73.85,2400.0
-13.25,-73.8,2232.0
-13.25,-73.75,2430.0
-13.25,-73.7,2472.0
-13.25,-73.65,3238.0
-13.25,-73.6,3600.0
-13.25,-73.55,3825.0
-13.25,-73.5,3542.0
-13.25,-73.45,3665.0
-13.25,-73.4,2139.0
-13.25,-73.35,2449.0
-13.25,-73.3,1899.0
-13.25,-73.25,3476.0
-13.25,-73.2,4204.0
-13.25,-73.15,4531.0
-13.25,-73.1,4669.0
-13.25,-73.05,4361.0
-13.25,-73.0,4031.0
-13.25,-72.95,4679.0
-13.25,-72.9,4582.0
-13.25,-72.85,4765.0
-13.25,-72.8,4732.0
-13.25,-72.75,4487.0
-13.25,-72.7,4205.0
-13.25,-72.65,2785.0
-13.25,-72.6,3294.0
-13.25,-72.55,3133.0
-13.25,-72.5,4336.0
-13.25,-72.45,3564.0
-13.25,-72.4,3959.0
-13.25,-72.35,4108.0
-13.25,-72.3,2933.0
-13.25,-72.25,3087.0
-13.25,-72.2,3473.0
-13.25,-72.15,4457.0
-13.25,-72.1,4166.0
-13.25,-72.05,4902.0
-13.25,-72.0,4711.0
-13.25,-71.95,3915.0
-13.25,-71.9,3990.0
-13.25,-71.85,4427.0
-13.25,-71.8,3849.0
-13.25,-71.75,3657.0
-13.25,-71.7,3550.0
-13.25,-71.65,3345.0
-13.25,-71.6,3943.0
-13.25,-71.55,4047.0
-13.25,-71.5,3329.0
-13.25,-71.45,2974.0
-13.25,-71.4,2999.0
-13.25,-71.35,3231.0
-13.25,-71.3,3442.0
-13.25,-71.25,2884.0
-13.25,-71.2,1771.0
-13.25,-71.15,2208.0
-13.25,-71.1,2412.0
-13.25,-71.05,2782.0
-13.25,-71.0,1751.0
-13.25,-70.95,1111.0
-13.25,-70.9,1385.0
-13.25,-70.85,1208.0
-13.25,-70.8,851.0
-13.25,-70.75,810.0
-13.25,-70.7,576.0
-13.25,-70.65,509.0
-13.25,-70.6,489.0
-13.25,-70.55,515.0
-13.25,-70.5,534.0
-13.25,-70.45,526.0
-13.25,-70.4,528.0
-13.25,-70.35,437.0
-13.25,-70.3,765.0
-13.25,-70.25,581.0
-13.25,-70.2,676.0
-13.25,-70.15,840.0
-13.25,-70.1,997.0
-13.25,-70.05,403.0
-13.25,-70.0,365.0
-13.25,-69.95,288.0
-13.25,-69.9,281.0
-13.25,-69.85,269.0
-13.25,-69.8,312.0
-13.25,-69.75,425.0
-13.25,-69.7,313.0
-13.25,-69.65,253.0
-13.25,-69.6,267.0
-13.25,-69.55,309.0
-13.25,-69.5,291.0
-13.25,-69.45,275.0
-13.25,-69.4,267.0
-13.25,-69.35,265.0
-13.25,-69.3,265.0
-13.25,-69.25,255.0
-13.25,-69.2,261.0
-13.25,-69.15,257.0
-13.25,-69.1,255.0
-13.25,-69.05,247.0
-13.25,-69.0,238.0
-13.25,-68.95,237.0
-13.25,-68.9,227.0
-13.25,-68.85,231.0
-13.25,-68.8,228.0
-13.25,-68.75,227.0
-13.25,-68.7,226.0
-13.25,-68.65,227.0
-13.25,-68.6,226.0
-13.25,-68.55,229.0
-13.25,-68.5,224.0
-13.25,-68.45,225.0
-13.25,-68.4,221.0
-13.25,-68.35,219.0
-13.25,-68.3,209.0
-13.25,-68.25,210.0
-13.25,-68.2,203.0
-13.25,-68.15,197.0
-13.25,-68.1,205.0
-13.25,-68.05,190.0
-13.25,-68.0,195.0
-13.0,-78.0,0.0
-13.0,-77.95,0.0
-13.0,-77.9,0.0
-13.0,-77.85,0.0
-13.0,-77.8,0.0
-13.0,-77.75,0.0
-13.0,-77.7,0.0
-13.0,-77.65,0.0
-13.0,-77.6,0.0
-13.0,-77.55,0.0
-13.0,-77.5,0.0
-13.0,-77.45,0.0
-13.0,-77.4,0.0
-13.0,-77.35,0.0
-13.0,-77.3,0.0
-13.0,-77.25,0.0
-13.0,-77.2,0.0
-13.0,-77.15,0.0
-13.0,-77.1,0.0
-13.0,-77.05,0.0
-13.0,-77.0,0.0
-13.0,-76.95,0.0
-13.0,-76.9,0.0
-13.0,-76.85,0.0
-13.0,-76.8,0.0
-13.0,-76.75,0.0
-13.0,-76.7,0.0
-13.0,-76.65,0.0
-13.0,-76.6,0.0
-13.0,-76.55,0.0
-13.0,-76.5,0.0
-13.0,-76.45,39.0
-13.0,-76.4,86.0
-13.0,-76.35,156.0
-13.0,-76.3,458.0
-13.0,-76.25,812.0
-13.0,-76.2,618.0
-13.0,-76.15,515.0
-13.0,-76.1,1106.0
-13.0,-76.05,2183.0
-13.0,-76.0,3062.0
-13.0,-75.95,3422.0
-13.0,-75.9,3559.0
-13.0,-75.85,3758.0
-13.0,-75.8,3884.0
-13.0,-75.75,3804.0
-13.0,-75.7,3959.0
-13.0,-75.65,4353.0
-13.0,-75.6,4491.0
-13.0,-75.55,3936.0
-13.0,-75.5,4347.0
-13.0,-75.45,4612.0
-13.0,-75.4,4681.0
-13.0,-75.35,4816.0
-13.0,-75.3,4732.0
-13.0,-75.25,4335.0
-13.0,-75.2,4842.0
-13.0,-75.15,4901.0
-13.0,-75.1,4654.0
-13.0,-75.05,4706.0
-13.0,-75.0,4733.0
-13.0,-74.95,4584.0
-13.0,-74.9,4318.0
-13.0,-74.85,4036.0
-13.0,-74.8,3746.0
-13.0,-74.75,3310.0
-13.0,-74.7,3998.0
-13.0,-74.65,4350.0
-13.0,-74.6,4046.0
-13.0,-74.55,4180.0
-13.0,-74.5,3726.0
-13.0,-74.45,2952.0
-13.0,-74.4,3438.0
-13.0,-74.35,3122.0
-13.0,-74.3,2446.0
-13.0,-74.25,2877.0
-13.0,-74.2,3013.0
-13.0,-74.15,3571.0
-13.0,-74.1,4014.0
-13.0,-74.05,4142.0
-13.0,-74.0,3275.0
-13.0,-73.95,3220.0
-13.0,-73.9,3574.0
-13.0,-73.85,4107.0
-13.0,-73.8,3889.0
-13.0,-73.75,3536.0
-13.0,-73.7,2811.0
-13.0,-73.65,2852.0
-13.0,-73.6,2136.0
-13.0,-73.55,1327.0
-13.0,-73.5,753.0
-13.0,-73.45,1762.0
-13.0,-73.4,2318.0
-13.0,-73.35,3733.0
-13.0,-73.3,4135.0
-13.0,-73.25,3987.0
-13.0,-73.2,3223.0
-13.0,-73.15,2075.0
-13.0,-73.1,3403.0
-13.0,-73.05,2948.0
-13.0,-73.0,3860.0
-13.0,-72.95,3816.0
-13.0,-72.9,3922.0
-13.0,-72.85,3517.0
-13.0,-72.8,2796.0
-13.0,-72.75,2665.0
-13.0,-72.7,2868.0
-13.0,-72.65,1129.0
-13.0,-72.6,1478.0
-13.0,-72.55,1747.0
-13.0,-72.5,2207.0
-13.0,-72.45,3356.0
-13.0,-72.4,4150.0
-13.0,-72.35,3421.0
-13.0,-72.3,3954.0
-13.0,-72.25,4650.0
-13.0,-72.2,4688.0
-13.0,-72.15,3654.0
-13.0,-72.1,3788.0
-13.0,-72.05,3227.0
-13.0,-72.0,3473.0
-13.0,-71.95,3907.0
-13.0,-71.9,3699.0
-13.0,-71.85,2981.0
-13.0,-71.8,3155.0
-13.0,-71.75,2859.0
-13.0,-71.7,3127.0
-13.0,-71.65,2253.0
-13.0,-71.6,1208.0
-13.0,-71.55,1184.0
-13.0,-71.5,1416.0
-13.0,-71.45,946.0
-13.0,-71.4,693.0
-13.0,-71.35,694.0
-13.0,-71.3,660.0
-13.0,-71.25,745.0
-13.0,-71.2,853.0
-13.0,-71.15,978.0
-13.0,-71.1,791.0
-13.0,-71.05,550.0
-13.0,-71.0,785.0
-13.0,-70.95,873.0
-13.0,-70.9,550.0
-13.0,-70.85,946.0
-13.0,-70.8,539.0
-13.0,-70.75,344.0
-13.0,-70.7,374.0
-13.0,-70.65,337.0
-13.0,-70.6,432.0
-13.0,-70.55,392.0
-13.0,-70.5,429.0
-13.0,-70.45,530.0
-13.0,-70.4,556.0
-13.0,-70.35,310.0
-13.0,-70.3,420.0
-13.0,-70.25,352.0
-13.0,-70.2,284.0
-13.0,-70.15,282.0
-13.0,-70.1,265.0
-13.0,-70.05,264.0
-13.0,-70.0,254.0
-13.0,-69.95,251.0
-13.0,-69.9,245.0
-13.0,-69.85,242.0
-13.0,-69.8,236.0
-13.0,-69.75,227.0
-13.0,-69.7,229.0
-13.0,-69.65,234.0
-13.0,-69.6,226.0
-13.0,-69.55,218.0
-13.0,-69.5,213.0
-13.0,-69.45,215.0
-13.0,-69.4,222.0
-13.0,-69.35,240.0
-13.0,-69.3,240.0
-13.0,-69.25,239.0
-13.0,-69.2,241.0
-13.0,-69.15,235.0
-13.0,-69.1,230.0
-13.0,-69.05,228.0
-13.0,-69.0,225.0
-13.0,-68.95,216.0
-13.0,-68.9,212.0
-13.0,-68.85,213.0
-13.0,-68.8,216.0
-13.0,-68.75,203.0
-13.0,-68.7,211.0
-13.0,-68.65,204.0
-13.0,-68.6,212.0
-13.0,-68.55,204.0
-13.0,-68.5,203.0
-13.0,-68.45,204.0
-13.0,-68.4,203.0
-13.0,-68.35,206.0
-13.0,-68.3,197.0
-13.0,-68.25,193.0
-13.0,-68.2,191.0
-13.0,-68.15,198.0
-13.0,-68.1,196.0
-13.0,-68.05,191.0
-13.0,-68.0,195.0
-12.75,-78.0,0.0
-12.75,-77.95,0.0
-12.75,-77.9,0.0
-12.75,-77.85,0.0
-12.75,-77.8,0.0
-12.75,-77.75,0.0
-12.75,-77.7,0.0
-12.75,-77.65,0.0
-12.75,-77.6,0.0
-12.75,-77.55,0.0
-12.75,-77.5,0.0
-12.75,-77.45,0.0
-12.75,-77.4,0.0
-12.75,-77.35,0.0
-12.75,-77.3,0.0
-12.75,-77.25,0.0
-12.75,-77.2,0.0
-12.75,-77.15,0.0
-12.75,-77.1,0.0
-12.75,-77.05,0.0
-12.75,-77.0,0.0
-12.75,-76.95,0.0
-12.75,-76.9,0.0
-12.75,-76.85,0.0
-12.75,-76.8,0.0
-12.75,-76.75,0.0
-12.75,-76.7,0.0
-12.75,-76.65,0.0
-12.75,-76.6,73.0
-12.75,-76.55,133.0
-12.75,-76.5,253.0
-12.75,-76.45,552.0
-12.75,-76.4,1035.0
-12.75,-76.35,1557.0
-12.75,-76.3,2081.0
-12.75,-76.25,2643.0
-12.75,-76.2,1756.0
-12.75,-76.15,2262.0
-12.75,-76.1,3270.0
-12.75,-76.05,2697.0
-12.75,-76.0,3223.0
-12.75,-75.95,1547.0
-12.75,-75.9,1884.0
-12.75,-75.85,2666.0
-12.75,-75.8,3337.0
-12.75,-75.75,4701.0
-12.75,-75.7,4532.0
-12.75,-75.65,4487.0
-12.75,-75.6,4009.0
-12.75,-75.55,4780.0
-12.75,-75.5,4560.0
-12.75,-75.45,4428.0
-12.75,-75.4,4698.0
-12.75,-75.35,4350.0
-12.75,-75.3,4381.0
-12.75,-75.25,4616.0
-12.75,-75.2,4669.0
-12.75,-75.15,4692.0
-12.75,-75.1,4580.0
-12.75,-75.05,4606.0
-12.75,-75.0,4521.0
-12.75,-74.95,4329.0
-12.75,-74.9,4168.0
-12.75,-74.85,3572.0
-12.75,-74.8,4111.0
-12.75,-74.75,3943.0
-12.75,-74.7,3896.0
-12.75,-74.65,3787.0
-12.75,-74.6,4003.0
-12.75,-74.55,2991.0
-12.75,-74.5,2842.0
-12.75,-74.45,3146.0
-12.75,-74.4,3046.0
-12.75,-74.35,3300.0
-12.75,-74.3,2153.0
-12.75,-74.25,3301.0
-12.75,-74.2,4354.0
-12.75,-74.15,4018.0
-12.75,-74.1,4081.0
-12.75,-74.05,2677.0
-12.75,-74.0,2579.0
-12.75,-73.95,2939.0
-12.75,-73.9,2667.0
-12.75,-73.85,2618.0
-12.75,-73.8,1497.0
-12.75,-73.75,1741.0
-12.75,-73.7,927.0
-12.75,-73.65,642.0
-12.75,-73.6,1284.0
-12.75,-73.55,1914.0
-12.75,-73.5,2380.0
-12.75,-73.45,1459.0
-12.75,-73.4,1682.0
-12.75,-73.35,1751.0
-12.75,-73.3,1484.0
-12.75,-73.25,1204.0
-12.75,-73.2,1209.0
-12.75,-73.15,1287.0
-12.75,-73.1,1755.0
-12.75,-73.05,2165.0
-12.75,-73.0,1893.0
-12.75,-72.95,1650.0
-12.75,-72.9,1984.0
-12.75,-72.85,2077.0
-12.75,-72.8,2048.0
-12.75,-72.75,2110.0
-12.75,-72.7,2559.0
-12.75,-72.65,2029.0
-12.75,-72.6,2176.0
-12.75,-72.55,1572.0
-12.75,-72.5,1983.0
-12.75,-72.45,3033.0
-12.75,-72.4,1176.0
-12.75,-72.35,2005.0
-12.75,-72.3,1884.0
-12.75,-72.25,2903.0
-12.75,-72.2,1945.0
-12.75,-72.15,2636.0
-12.75,-72.1,3530.0
-12.75,-72.05,2552.0
-12.75,-72.0,1779.0
-12.75,-71.95,3670.0
-12.75,-71.9,3746.0
-12.75,-71.85,2192.0
-12.75,-71.8,1763.0
-12.75,-71.75,1965.0
-12.75,-71.7,1062.0
-12.75,-71.65,950.0
-12.75,-71.6,1012.0
-12.75,-71.55,947.0
-12.75,-71.5,669.0
-12.75,-71.45,1228.0
-12.75,-71.4,515.0
-12.75,-71.35,492.0
-12.75,-71.3,578.0
-12.75,-71.25,527.0
-12.75,-71.2,490.0
-12.75,-71.15,515.0
-12.75,-71.1,466.0
-12.75,-71.05,441.0
-12.75,-71.0,376.0
-12.75,-70.95,365.0
-12.75,-70.9,357.0
-12.75,-70.85,347.0
-12.75,-70.8,332.0
-12.75,-70.75,318.0
-12.75,-70.7,309.0
-12.75,-70.65,296.0
-12.75,-70.6,277.0
-12.75,-70.55,296.0
-12.75,-70.5,270.0
-12.75,-70.45,300.0
-12.75,-70.4,292.0
-12.75,-70.35,284.0
-12.75,-70.3,286.0
-12.75,-70.25,282.0
-12.75,-70.2,272.0
-12.75,-70.15,270.0
-12.75,-70.1,259.0
-12.75,-70.05,253.0
-12.75,-70.0,243.0
-12.75,-69.95,242.0
-12.75,-69.9,239.0
-12.75,-69.85,222.0
-12.75,-69.8,219.0
-12.75,-69.75,219.0
-12.75,-69.7,243.0
-12.75,-69.65,258.0
-12.75,-69.6,244.0
-12.75,-69.55,240.0
-12.75,-69.5,240.0
-12.75,-69.45,250.0
-12.75,-69.4,240.0
-12.75,-69.35,238.0
-12.75,-69.3,213.0
-12.75,-69.25,207.0
-12.75,-69.2,203.0
-12.75,-69.15,227.0
-12.75,-69.1,223.0
-12.75,-69.05,229.0
-12.75,-69.0,221.0
-12.75,-68.95,227.0
-12.75,-68.9,215.0
-12.75,-68.85,206.0
-12.75,-68.8,200.0
-12.75,-68.75,201.0
-12.75,-68.7,209.0
-12.75,-68.65,211.0
-12.75,-68.6,227.0
-12.75,-68.55,207.0
-12.75,-68.5,210.0
-12.75,-68.45,221.0
-12.75,-68.4,190.0
-12.75,-68.35,202.0
-12.75,-68.3,197.0
-12.75,-68.25,195.0
-12.75,-68.2,201.0
-12.75,-68.15,193.0
-12.75,-68.1,193.0
-12.75,-68.05,194.0
-12.75,-68.0,197.0
-12.5,-78.0,0.0
-12.5,-77.95,0.0
-12.5,-77.9,0.0
-12.5,-77.85,0.0
-12.5,-77.8,0.0
-12.5,-77.75,0.0
-12.5,-77.7,0.0
-12.5,-77.65,0.0
-12.5,-77.6,0.0
-12.5,-77.55,0.0
-12.5,-77.5,0.0
-12.5,-77.45,0.0
-12.5,-77.4,0.0
-12.5,-77.35,0.0
-12.5,-77.3,0.0
-12.5,-77.25,0.0
-12.5,-77.2,0.0
-12.5,-77.15,0.0
-12.5,-77.1,0.0
-12.5,-77.05,0.0
-12.5,-77.0,0.0
-12.5,-76.95,0.0
-12.5,-76.9,0.0
-12.5,-76.85,0.0
-12.5,-76.8,1.0
-12.5,-76.75,18.0
-12.5,-76.7,135.0
-12.5,-76.65,812.0
-12.5,-76.6,1149.0
-12.5,-76.55,784.0
-12.5,-76.5,1120.0
-12.5,-76.45,990.0
-12.5,-76.4,1535.0
-12.5,-76.35,2265.0
-12.5,-76.3,1956.0
-12.5,-76.25,2301.0
-12.5,-76.2,3166.0
-12.5,-76.15,4242.0
-12.5,-76.1,4224.0
-12.5,-76.05,4398.0
-12.5,-76.0,4401.0
-12.5,-75.95,4120.0
-12.5,-75.9,2626.0
-12.5,-75.85,4185.0
-12.5,-75.8,4646.0
-12.5,-75.75,3929.0
-12.5,-75.7,4621.0
-12.5,-75.65,4460.0
-12.5,-75.6,4696.0
-12.5,-75.55,4648.0
-12.5,-75.5,4395.0
-12.5,-75.45,4256.0
-12.5,-75.4,4416.0
-12.5,-75.35,4472.0
-12.5,-75.3,4547.0
-12.5,-75.25,4469.0
-12.5,-75.2,3857.0
-12.5,-75.15,3949.0
-12.5,-75.1,4505.0
-12.5,-75.05,3938.0
-12.5,-75.0,2927.0
-12.5,-74.95,3653.0
-12.5,-74.9,3309.0
-12.5,-74.85,3120.0
-12.5,-74.8,3921.0
-12.5,-74.75,2973.0
-12.5,-74.7,2926.0
-12.5,-74.65,4149.0
-12.5,-74.6,3739.0
-12.5,-74.55,3199.0
-12.5,-74.5,3485.0
-12.5,-74.45,4036.0
-12.5,-74.4,1910.0
-12.5,-74.35,3690.0
-12.5,-74.3,2766.0
-12.5,-74.25,2463.0
-12.5,-74.2,3789.0
-12.5,-74.15,3373.0
-12.5,-74.1,1616.0
-12.5,-74.05,2285.0
-12.5,-74.0,1702.0
-12.5,-73.95,1115.0
-12.5,-73.9,1110.0
-12.5,-73.85,533.0
-12.5,-73.8,1263.0
-12.5,-73.75,1749.0
-12.5,-73.7,2665.0
-12.5,-73.65,3557.0
-12.5,-73.6,3390.0
-12.5,-73.55,2930.0
-12.5,-73.5,3281.0
-12.5,-73.45,3573.0
-12.5,-73.4,2950.0
-12.5,-73.35,1821.0
-12.5,-73.3,1213.0
-12.5,-73.25,2398.0
-12.5,-73.2,1465.0
-12.5,-73.15,1650.0
-12.5,-73.1,1245.0
-12.5,-73.05,1060.0
-12.5,-73.0,652.0
-12.5,-72.95,1089.0
-12.5,-72.9,1161.0
-12.5,-72.85,1104.0
-12.5,-72.8,1513.0
-12.5,-72.75,1423.0
-12.5,-72.7,1351.0
-12.5,-72.65,1906.0
-12.5,-72.6,1976.0
-12.5,-72.55,2083.0
-12.5,-72.5,2121.0
-12.5,-72.45,2118.0
-12.5,-72.4,2469.0
-12.5,-72.35,1547.0
-12.5,-72.3,1665.0
-12.5,-72.25,1672.0
-12.5,-72.2,3082.0
-12.5,-72.15,3258.0
-12.5,-72.1,3701.0
-12.5,-72.05,3596.0
-12.5,-72.0,2318.0
-12.5,-71.95,2452.0
-12.5,-71.9,1945.0
-12.5,-71.85,2248.0
-12.5,-71.8,2355.0
-12.5,-71.75,907.0
-12.5,-71.7,1797.0
-12.5,-71.65,1315.0
-12.5,-71.6,1344.0
-12.5,-71.55,1285.0
-12.5,-71.5,744.0
-12.5,-71.45,880.0
-12.5,-71.4,1210.0
-12.5,-71.35,487.0
-12.5,-71.3,424.0
-12.5,-71.25,393.0
-12.5,-71.2,372.0
-12.5,-71.15,358.0
-12.5,-71.1,369.0
-12.5,-71.05,359.0
-12.5,-71.0,347.0
-12.5,-70.95,343.0
-12.5,-70.9,337.0
-12.5,-70.85,334.0
-12.5,-70.8,320.0
-12.5,-70.75,313.0
-12.5,-70.7,313.0
-12.5,-70.65,307.0
-12.5,-70.6,259.0
-12.5,-70.55,267.0
-12.5,-70.5,259.0
-12.5,-70.45,258.0
-12.5,-70.4,252.0
-12.5,-70.35,276.0
-12.5,-70.3,293.0
-12.5,-70.25,299.0
-12.5,-70.2,274.0
-12.5,-70.15,253.0
-12.5,-70.1,305.0
-12.5,-70.05,309.0
-12.5,-70.0,290.0
-12.5,-69.95,269.0
-12.5,-69.9,300.0
-12.5,-69.85,276.0
-12.5,-69.8,287.0
-12.5,-69.75,302.0
-12.5,-69.7,278.0
-12.5,-69.65,295.0
-12.5,-69.6,294.0
-12.5,-69.55,286.0
-12.5,-69.5,255.0
-12.5,-69.45,283.0
-12.5,-69.4,262.0
-12.5,-69.35,207.0
-12.5,-69.3,257.0
-12.5,-69.25,205.0
-12.5,-69.2,187.0
-12.5,-69.15,196.0
-12.5,-69.1,226.0
-12.5,-69.05,208.0
-12.5,-69.0,207.0
-12.5,-68.95,178.0
-12.5,-68.9,191.0
-12.5,-68.85,196.0
-12.5,-68.8,196.0
-12.5,-68.75,184.0
-12.5,-68.7,178.0
-12.5,-68.65,159.0
-12.5,-68.6,185.0
-12.5,-68.55,180.0
-12.5,-68.5,202.0
-12.5,-68.45,195.0
-12.5,-68.4,194.0
-12.5,-68.35,201.0
-12.5,-68.3,219.0
-12.5,-68.25,183.0
-12.5,-68.2,213.0
-12.5,-68.15,206.0
-12.5,-68.1,208.0
-12.5,-68.05,184.0
-12.5,-68.0,202.0
-12.25,-78.0,0.0
-12.25,-77.95,0.0
-12.25,-77.9,0.0
-12.25,-77.85,0.0
-12.25,-77.8,0.0
-12.25,-77.75,0.0
-12.25,-77.7,0.0
-12.25,-77.65,0.0
-12.25,-77.6,0.0
-12.25,-77.55,0.0
-12.25,-77.5,0.0
-12.25,-77.45,0.0
-12.25,-77.4,0.0
-12.25,-77.35,0.0
-12.25,-77.3,0.0
-12.25,-77.25,0.0
-12.25,-77.2,0.0
-12.25,-77.15,0.0
-12.25,-77.1,0.0
-12.25,-77.05,0.0
-12.25,-77.0,0.0
-12.25,-76.95,0.0
-12.25,-76.9,53.0
-12.25,-76.85,73.0
-12.25,-76.8,323.0
-12.25,-76.75,452.0
-12.25,-76.7,795.0
-12.25,-76.65,931.0
-12.25,-76.6,1052.0
-12.25,-76.55,1785.0
-12.25,-76.5,1853.0
-12.25,-76.45,2618.0
-12.25,-76.4,3425.0
-12.25,-76.35,3696.0
-12.25,-76.3,3785.0
-12.25,-76.25,2628.0
-12.25,-76.2,3338.0
-12.25,-76.15,4391.0
-12.25,-76.1,4696.0
-12.25,-76.05,4562.0
-12.25,-76.0,4813.0
-12.25,-75.95,5428.0
-12.25,-75.9,4573.0
-12.25,-75.85,4508.0
-12.25,-75.8,4002.0
-12.25,-75.75,3983.0
-12.25,-75.7,4376.0
-12.25,-75.65,4567.0
-12.25,-75.6,4510.0
-12.25,-75.55,4243.0
-12.25,-75.5,4144.0
-12.25,-75.45,4006.0
-12.25,-75.4,4062.0
-12.25,-75.35,3828.0
-12.25,-75.3,3965.0
-12.25,-75.25,4291.0
-12.25,-75.2,3380.0
-12.25,-75.15,3769.0
-12.25,-75.1,4113.0
-12.25,-75.05,3953.0
-12.25,-75.0,3755.0
-12.25,-74.95,2768.0
-12.25,-74.9,2469.0
-12.25,-74.85,3277.0
-12.25,-74.8,2619.0
-12.25,-74.75,2460.0
-12.25,-74.7,2018.0
-12.25,-74.65,3831.0
-12.25,-74.6,4012.0
-12.25,-74.55,4282.0
-12.25,-74.5,3513.0
-12.25,-74.45,3518.0
-12.25,-74.4,2337.0
-12.25,-74.35,1978.0
-12.25,-74.3,1061.0
-12.25,-74.25,1107.0
-12.25,-74.2,1911.0
-12.25,-74.15,1394.0
-12.25,-74.1,837.0
-12.25,-74.05,614.0
-12.25,-74.0,596.0
-12.25,-73.95,581.0
-12.25,-73.9,1175.0
-12.25,-73.85,1139.0
-12.25,-73.8,2016.0
-12.25,-73.75,2916.0
-12.25,-73.7,2586.0
-12.25,-73.65,2298.0
-12.25,-73.6,2576.0
-12.25,-73.55,3259.0
-12.25,-73.5,3303.0
-12.25,-73.45,2550.0
-12.25,-73.4,2585.0
-12.25,-73.35,1408.0
-12.25,-73.3,1542.0
-12.25,-73.25,1555.0
-12.25,-73.2,1516.0
-12.25,-73.15,1196.0
-12.25,-73.1,1452.0
-12.25,-73.05,1463.0
-12.25,-73.0,861.0
-12.25,-72.95,1258.0
-12.25,-72.9,916.0
-12.25,-72.85,535.0
-12.25,-72.8,657.0
-12.25,-72.75,814.0
-12.25,-72.7,1087.0
-12.25,-72.65,1806.0
-12.25,-72.6,969.0
-12.25,-72.55,841.0
-12.25,-72.5,1426.0
-12.25,-72.45,1076.0
-12.25,-72.4,1934.0
-12.25,-72.35,1849.0
-12.25,-72.3,1440.0
-12.25,-72.25,2070.0
-12.25,-72.2,1390.0
-12.25,-72.15,1717.0
-12.25,-72.1,2205.0
-12.25,-72.05,2652.0
-12.25,-72.0,1448.0
-12.25,-71.95,1447.0
-12.25,-71.9,1143.0
-12.25,-71.85,1032.0
-12.25,-71.8,839.0
-12.25,-71.75,1001.0
-12.25,-71.7,698.0
-12.25,-71.65,668.0
-12.25,-71.6,497.0
-12.25,-71.55,458.0
-12.25,-71.5,418.0
-12.25,-71.45,475.0
-12.25,-71.4,450.0
-12.25,-71.35,418.0
-12.25,-71.3,434.0
-12.25,-71.25,370.0
-12.25,-71.2,352.0
-12.25,-71.15,330.0
-12.25,-71.1,321.0
-12.25,-71.05,314.0
-12.25,-71.0,302.0
-12.25,-70.95,313.0
-12.25,-70.9,302.0
-12.25,-70.85,316.0
-12.25,-70.8,337.0
-12.25,-70.75,377.0
-12.25,-70.7,371.0
-12.25,-70.65,336.0
-12.25,-70.6,325.0
-12.25,-70.55,344.0
-12.25,-70.5,367.0
-12.25,-70.45,345.0
-12.25,-70.4,366.0
-12.25,-70.35,323.0
-12.25,-70.3,296.0
-12.25,-70.25,321.0
-12.25,-70.2,313.0
-12.25,-70.15,323.0
-12.25,-70.1,351.0
-12.25,-70.05,309.0
-12.25,-70.0,322.0
-12.25,-69.95,325.0
-12.25,-69.9,306.0
-12.25,-69.85,306.0
-12.25,-69.8,302.0
-12.25,-69.75,286.0
-12.25,-69.7,300.0
-12.25,-69.65,327.0
-12.25,-69.6,307.0
-12.25,-69.55,315.0
-12.25,-69.5,282.0
-12.25,-69.45,267.0
-12.25,-69.4,273.0
-12.25,-69.35,239.0
-12.25,-69.3,222.0
-12.25,-69.25,249.0
-12.25,-69.2,280.0
-12.25,-69.15,258.0
-12.25,-69.1,269.0
-12.25,-69.05,267.0
-12.25,-69.0,266.0
-12.25,-68.95,257.0
-12.25,-68.9,242.0
-12.25,-68.85,246.0
-12.25,-68.8,247.0
-12.25,-68.75,243.0
-12.25,-68.7,256.0
-12.25,-68.65,255.0
-12.25,-68.6,240.0
-12.25,-68.55,237.0
-12.25,-68.5,237.0
-12.25,-68.45,240.0
-12.25,-68.4,159.0
-12.25,-68.35,180.0
-12.25,-68.3,183.0
-12.25,-68.25,185.0
-12.25,-68.2,181.0
-12.25,-68.15,226.0
-12.25,-68.1,223.0
-12.25,-68.05,224.0
-12.25,-68.0,213.0
-12.0,-78.0,0.0
-12.0,-77.95,0.0
-12.0,-77.9,0.0
-12.0,-77.85,0.0
-12.0,-77.8,0.0
-12.0,-77.75,0.0
-12.0,-77.7,0.0
-12.0,-77.65,0.0
-12.0,-77.6,0.0
-12.0,-77.55,0.0
-12.0,-77.5,0.0
-12.0,-77.45,0.0
-12.0,-77.4,0.0
-12.0,-77.35,0.0
-12.0,-77.3,0.0
-12.0,-77.25,0.0
-12.0,-77.2,0.0
-12.0,-77.15,0.0
-12.0,-77.1,35.0
-12.0,-77.05,99.0
-12.0,-77.0,218.0
-12.0,-76.95,542.0
-12.0,-76.9,388.0
-12.0,-76.85,482.0
-12.0,-76.8,1058.0
-12.0,-76.75,1466.0
-12.0,-76.7,1450.0
-12.0,-76.65,1440.0
-12.0,-76.6,1537.0
-12.0,-76.55,2459.0
-12.0,-76.5,3692.0
-12.0,-76.45,3744.0
-12.0,-76.4,3015.0
-12.0,-76.35,4566.0
-12.0,-76.3,4542.0
-12.0,-76.25,4366.0
-12.0,-76.2,4661.0
-12.0,-76.15,4538.0
-12.0,-76.1,4238.0
-12.0,-76.05,4798.0
-12.0,-76.0,5098.0
-12.0,-75.95,4811.0
-12.0,-75.9,4678.0
-12.0,-75.85,4591.0
-12.0,-75.8,4471.0
-12.0,-75.75,4448.0
-12.0,-75.7,4373.0
-12.0,-75.65,4134.0
-12.0,-75.6,3789.0
-12.0,-75.55,3897.0
-12.0,-75.5,3660.0
-12.0,-75.45,3482.0
-12.0,-75.4,3861.0
-12.0,-75.35,3495.0
-12.0,-75.3,3287.0
-12.0,-75.25,3242.0
-12.0,-75.2,3443.0
-12.0,-75.15,3729.0
-12.0,-75.1,4111.0
-12.0,-75.05,4697.0
-12.0,-75.0,4289.0
-12.0,-74.95,3641.0
-12.0,-74.9,2889.0
-12.0,-74.85,2723.0
-12.0,-74.8,3616.0
-12.0,-74.75,3960.0
-12.0,-74.7,1990.0
-12.0,-74.65,1697.0
-12.0,-74.6,1181.0
-12.0,-74.55,1154.0
-12.0,-74.5,2113.0
-12.0,-74.45,1445.0
-12.0,-74.4,3542.0
-12.0,-74.35,3081.0
-12.0,-74.3,2147.0
-12.0,-74.25,1810.0
-12.0,-74.2,1628.0
-12.0,-74.15,1177.0
-12.0,-74.1,849.0
-12.0,-74.05,479.0
-12.0,-74.0,422.0
-12.0,-73.95,416.0
-12.0,-73.9,581.0
-12.0,-73.85,1180.0
-12.0,-73.8,1330.0
-12.0,-73.75,1649.0
-12.0,-73.7,1708.0
-12.0,-73.65,2001.0
-12.0,-73.6,2271.0
-12.0,-73.55,1743.0
-12.0,-73.5,2526.0
-12.0,-73.45,2634.0
-12.0,-73.4,2525.0
-12.0,-73.35,1953.0
-12.0,-73.3,1230.0
-12.0,-73.25,702.0
-12.0,-73.2,484.0
-12.0,-73.15,547.0
-12.0,-73.1,577.0
-12.0,-73.05,713.0
-12.0,-73.0,726.0
-12.0,-72.95,544.0
-12.0,-72.9,409.0
-12.0,-72.85,496.0
-12.0,-72.8,538.0
-12.0,-72.75,551.0
-12.0,-72.7,762.0
-12.0,-72.65,1778.0
-12.0,-72.6,1574.0
-12.0,-72.55,2046.0
-12.0,-72.5,1901.0
-12.0,-72.45,1331.0
-12.0,-72.4,815.0
-12.0,-72.35,825.0
-12.0,-72.3,1254.0
-12.0,-72.25,1247.0
-12.0,-72.2,1012.0
-12.0,-72.15,1357.0
-12.0,-72.1,669.0
-12.0,-72.05,647.0
-12.0,-72.0,818.0
-12.0,-71.95,899.0
-12.0,-71.9,534.0
-12.0,-71.85,493.0
-12.0,-71.8,573.0
-12.0,-71.75,409.0
-12.0,-71.7,431.0
-12.0,-71.65,438.0
-12.0,-71.6,408.0
-12.0,-71.55,367.0
-12.0,-71.5,404.0
-12.0,-71.45,366.0
-12.0,-71.4,385.0
-12.0,-71.35,371.0
-12.0,-71.3,336.0
-12.0,-71.25,338.0
-12.0,-71.2,337.0
-12.0,-71.15,347.0
-12.0,-71.1,387.0
-12.0,-71.05,412.0
-12.0,-71.0,414.0
-12.0,-70.95,378.0
-12.0,-70.9,379.0
-12.0,-70.85,379.0
-12.0,-70.8,369.0
-12.0,-70.75,327.0
-12.0,-70.7,331.0
-12.0,-70.65,331.0
-12.0,-70.6,377.0
-12.0,-70.55,346.0
-12.0,-70.5,380.0
-12.0,-70.45,362.0
-12.0,-70.4,381.0
-12.0,-70.35,383.0
-12.0,-70.3,372.0
-12.0,-70.25,363.0
-12.0,-70.2,354.0
-12.0,-70.15,361.0
-12.0,-70.1,313.0
-12.0,-70.05,314.0
-12.0,-70.0,278.0
-12.0,-69.95,311.0
-12.0,-69.9,295.0
-12.0,-69.85,348.0
-12.0,-69.8,342.0
-12.0,-69.75,347.0
-12.0,-69.7,288.0
-12.0,-69.65,264.0
-12.0,-69.6,277.0
-12.0,-69.55,289.0
-12.0,-69.5,290.0
-12.0,-69.45,304.0
-12.0,-69.4,301.0
-12.0,-69.35,277.0
-12.0,-69.3,287.0
-12.0,-69.25,301.0
-12.0,-69.2,290.0
-12.0,-69.15,286.0
-12.0,-69.1,294.0
-12.0,-69.05,298.0
-12.0,-69.0,274.0
-12.0,-68.95,268.0
-12.0,-68.9,251.0
-12.0,-68.85,261.0
-12.0,-68.8,246.0
-12.0,-68.75,246.0
-12.0,-68.7,235.0
-12.0,-68.65,228.0
-12.0,-68.6,253.0
-12.0,-68.55,253.0
-12.0,-68.5,251.0
-12.0,-68.45,245.0
-12.0,-68.4,251.0
-12.0,-68.35,239.0
-12.0,-68.3,243.0
-12.0,-68.25,242.0
-12.0,-68.2,225.0
-12.0,-68.15,174.0
-12.0,-68.1,188.0
-12.0,-68.05,179.0
-12.0,-68.0,233.0
-11.75,-78.0,0.0
-11.75,-77.95,0.0
-11.75,-77.9,0.0
-11.75,-77.85,0.0
-11.75,-77.8,0.0
-11.75,-77.75,0.0
-11.75,-77.7,0.0
-11.75,-77.65,0.0
-11.75,-77.6,0.0
-11.75,-77.55,0.0
-11.75,-77.5,0.0
-11.75,-77.45,0.0
-11.75,-77.4,0.0
-11.75,-77.35,0.0
-11.75,-77.3,0.0
-11.75,-77.25,0.0
-11.75,-77.2,0.0
-11.75,-77.15,48.0
-11.75,-77.1,299.0
-11.75,-77.05,1223.0
-11.75,-77.0,869.0
-11.75,-76.95,1189.0
-11.75,-76.9,1143.0
-11.75,-76.85,1924.0
-11.75,-76.8,2627.0
-11.75,-76.75,2510.0
-11.75,-76.7,3409.0
-11.75,-76.65,3488.0
-11.75,-76.6,2855.0
-11.75,-76.55,4349.0
-11.75,-76.5,4748.0
-11.75,-76.45,4596.0
-11.75,-76.4,4475.0
-11.75,-76.35,4153.0
-11.75,-76.3,3558.0
-11.75,-76.25,3775.0
-11.75,-76.2,4920.0
-11.75,-76.15,4829.0
-11.75,-76.1,4336.0
-11.75,-76.05,4790.0
-11.75,-76.0,4406.0
-11.75,-75.95,4612.0
-11.75,-75.9,4341.0
-11.75,-75.85,4540.0
-11.75,-75.8,4360.0
-11.75,-75.75,3908.0
-11.75,-75.7,4162.0
-11.75,-75.65,4272.0
-11.75,-75.6,3799.0
-11.75,-75.55,3468.0
-11.75,-75.5,3363.0
-11.75,-75.45,3468.0
-11.75,-75.4,4149.0
-11.75,-75.35,4184.0
-11.75,-75.3,4403.0
-11.75,-75.25,4557.0
-11.75,-75.2,4296.0
-11.75,-75.15,4501.0
-11.75,-75.1,4379.0
-11.75,-75.05,4225.0
-11.75,-75.0,4093.0
-11.75,-74.95,4259.0
-11.75,-74.9,3460.0
-11.75,-74.85,3678.0
-11.75,-74.8,2759.0
-11.75,-74.75,2606.0
-11.75,-74.7,3534.0
-11.75,-74.65,3859.0
-11.75,-74.6,3441.0
-11.75,-74.55,2754.0
-11.75,-74.5,2209.0
-11.75,-74.45,2067.0
-11.75,-74.4,1806.0
-11.75,-74.35,1490.0
-11.75,-74.3,1371.0
-11.75,-74.25,1366.0
-11.75,-74.2,1116.0
-11.75,-74.15,575.0
-11.75,-74.1,694.0
-11.75,-74.05,518.0
-11.75,-74.0,411.0
-11.75,-73.95,501.0
-11.75,-73.9,941.0
-11.75,-73.85,1178.0
-11.75,-73.8,1375.0
-11.75,-73.75,1769.0
-11.75,-73.7,2318.0
-11.75,-73.65,1843.0
-11.75,-73.6,3018.0
-11.75,-73.55,2472.0
-11.75,-73.5,1682.0
-11.75,-73.45,1242.0
-11.75,-73.4,1002.0
-11.75,-73.35,904.0
-11.75,-73.3,767.0
-11.75,-73.25,461.0
-11.75,-73.2,426.0
-11.75,-73.15,542.0
-11.75,-73.1,429.0
-11.75,-73.05,463.0
-11.75,-73.0,449.0
-11.75,-72.95,371.0
-11.75,-72.9,410.0
-11.75,-72.85,423.0
-11.75,-72.8,428.0
-11.75,-72.75,432.0
-11.75,-72.7,464.0
-11.75,-72.65,462.0
-11.75,-72.6,493.0
-11.75,-72.55,405.0
-11.75,-72.5,403.0
-11.75,-72.45,439.0
-11.75,-72.4,467.0
-11.75,-72.35,446.0
-11.75,-72.3,430.0
-11.75,-72.25,407.0
-11.75,-72.2,386.0
-11.75,-72.15,439.0
-11.75,-72.1,449.0
-11.75,-72.05,413.0
-11.75,-72.0,432.0
-11.75,-71.95,411.0
-11.75,-71.9,431.0
-11.75,-71.85,465.0
-11.75,-71.8,450.0
-11.75,-71.75,426.0
-11.75,-71.7,382.0
-11.75,-71.65,431.0
-11.75,-71.6,358.0
-11.75,-71.55,388.0
-11.75,-71.5,404.0
-11.75,-71.45,407.0
-11.75,-71.4,403.0
-11.75,-71.35,406.0
-11.75,-71.3,404.0
-11.75,-71.25,430.0
-11.75,-71.2,460.0
-11.75,-71.15,402.0
-11.75,-71.1,419.0
-11.75,-71.05,433.0
-11.75,-71.0,487.0
-11.75,-70.95,460.0
-11.75,-70.9,419.0
-11.75,-70.85,441.0
-11.75,-70.8,409.0
-11.75,-70.75,409.0
-11.75,-70.7,397.0
-11.75,-70.65,378.0
-11.75,-70.6,358.0
-11.75,-70.55,379.0
-11.75,-70.5,347.0
-11.75,-70.45,358.0
-11.75,-70.4,337.0
-11.75,-70.35,310.0
-11.75,-70.3,296.0
-11.75,-70.25,343.0
-11.75,-70.2,360.0
-11.75,-70.15,390.0
-11.75,-70.1,370.0
-11.75,-70.05,369.0
-11.75,-70.0,371.0
-11.75,-69.95,356.0
-11.75,-69.9,335.0
-11.75,-69.85,389.0
-11.75,-69.8,375.0
-11.75,-69.75,354.0
-11.75,-69.7,326.0
-11.75,-69.65,315.0
-11.75,-69.6,303.0
-11.75,-69.55,319.0
-11.75,-69.5,341.0
-11.75,-69.45,349.0
-11.75,-69.4,335.0
-11.75,-69.35,341.0
-11.75,-69.3,332.0
-11.75,-69.25,326.0
-11.75,-69.2,324.0
-11.75,-69.15,305.0
-11.75,-69.1,284.0
-11.75,-69.05,302.0
-11.75,-69.0,306.0
-11.75,-68.95,297.0
-11.75,-68.9,296.0
-11.75,-68.85,250.0
-11.75,-68.8,259.0
-11.75,-68.75,264.0
-11.75,-68.7,274.0
-11.75,-68.65,231.0
-11.75,-68.6,236.0
-11.75,-68.55,236.0
-11.75,-68.5,244.0
-11.75,-68.45,209.0
-11.75,-68.4,190.0
-11.75,-68.35,235.0
-11.75,-68.3,240.0
-11.75,-68.25,244.0
-11.75,-68.2,251.0
-11.75,-68.15,221.0
-11.75,-68.1,218.0
-11.75,-68.05,196.0
-11.75,-68.0,168.0
-11.5,-78.0,0.0
-11.5,-77.95,0.0
-11.5,-77.9,0.0
-11.5,-77.85,0.0
-11.5,-77.8,0.0
-11.5,-77.75,0.0
-11.5,-77.7,0.0
-11.5,-77.65,0.0
-11.5,-77.6,0.0
-11.5,-77.55,0.0
-11.5,-77.5,0.0
-11.5,-77.45,0.0
-11.5,-77.4,0.0
-11.5,-77.35,0.0
-11.5,-77.3,42.0
-11.5,-77.25,118.0
-11.5,-77.2,190.0
-11.5,-77.15,256.0
-11.5,-77.1,409.0
-11.5,-77.05,494.0
-11.5,-77.0,788.0
-11.5,-76.95,965.0
-11.5,-76.9,1809.0
-11.5,-76.85,2728.0
-11.5,-76.8,3086.0
-11.5,-76.75,3376.0
-11.5,-76.7,3489.0
-11.5,-76.65,2307.0
-11.5,-76.6,3641.0
-11.5,-76.55,4467.0
-11.5,-76.5,4659.0
-11.5,-76.45,4560.0
-11.5,-76.4,4851.0
-11.5,-76.35,5060.0
-11.5,-76.3,4400.0
-11.5,-76.25,4753.0
-11.5,-76.2,4596.0
-11.5,-76.15,4564.0
-11.5,-76.1,4425.0
-11.5,-76.05,4540.0
-11.5,-76.0,4255.0
-11.5,-75.95,4078.0
-11.5,-75.9,4229.0
-11.5,-75.85,4387.0
-11.5,-75.8,4277.0
-11.5,-75.75,4227.0
-11.5,-75.7,3780.0
-11.5,-75.65,3772.0
-11.5,-75.6,4171.0
-11.5,-75.55,3659.0
-11.5,-75.5,4211.0
-11.5,-75.45,4088.0
-11.5,-75.4,4280.0
-11.5,-75.35,4080.0
-11.5,-75.3,2856.0
-11.5,-75.25,2656.0
-11.5,-75.2,3387.0
-11.5,-75.15,2143.0
-11.5,-75.1,3574.0
-11.5,-75.05,3547.0
-11.5,-75.0,4068.0
-11.5,-74.95,4255.0
-11.5,-74.9,3666.0
-11.5,-74.85,3472.0
-11.5,-74.8,2559.0
-11.5,-74.75,3238.0
-11.5,-74.7,2228.0
-11.5,-74.65,2475.0
-11.5,-74.6,2275.0
-11.5,-74.55,1426.0
-11.5,-74.5,1232.0
-11.5,-74.45,898.0
-11.5,-74.4,1193.0
-11.5,-74.35,1038.0
-11.5,-74.3,1252.0
-11.5,-74.25,1444.0
-11.5,-74.2,809.0
-11.5,-74.15,553.0
-11.5,-74.1,689.0
-11.5,-74.05,515.0
-11.5,-74.0,858.0
-11.5,-73.95,1637.0
-11.5,-73.9,1882.0
-11.5,-73.85,2271.0
-11.5,-73.8,2995.0
-11.5,-73.75,2263.0
-11.5,-73.7,2204.0
-11.5,-73.65,1962.0
-11.5,-73.6,1036.0
-11.5,-73.55,1064.0
-11.5,-73.5,626.0
-11.5,-73.45,827.0
-11.5,-73.4,557.0
-11.5,-73.35,529.0
-11.5,-73.3,486.0
-11.5,-73.25,405.0
-11.5,-73.2,389.0
-11.5,-73.15,309.0
-11.5,-73.1,306.0
-11.5,-73.05,350.0
-11.5,-73.0,429.0
-11.5,-72.95,347.0
-11.5,-72.9,364.0
-11.5,-72.85,382.0
-11.5,-72.8,429.0
-11.5,-72.75,388.0
-11.5,-72.7,446.0
-11.5,-72.65,408.0
-11.5,-72.6,402.0
-11.5,-72.55,401.0
-11.5,-72.5,395.0
-11.5,-72.45,429.0
-11.5,-72.4,411.0
-11.5,-72.35,475.0
-11.5,-72.3,535.0
-11.5,-72.25,512.0
-11.5,-72.2,477.0
-11.5,-72.15,464.0
-11.5,-72.1,480.0
-11.5,-72.05,450.0
-11.5,-72.0,449.0
-11.5,-71.95,422.0
-11.5,-71.9,447.0
-11.5,-71.85,458.0
-11.5,-71.8,416.0
-11.5,-71.75,403.0
-11.5,-71.7,429.0
-11.5,-71.65,426.0
-11.5,-71.6,423.0
-11.5,-71.55,435.0
-11.5,-71.5,455.0
-11.5,-71.45,497.0
-11.5,-71.4,459.0
-11.5,-71.35,484.0
-11.5,-71.3,506.0
-11.5,-71.25,488.0
-11.5,-71.2,508.0
-11.5,-71.15,445.0
-11.5,-71.1,484.0
-11.5,-71.05,462.0
-11.5,-71.0,465.0
-11.5,-70.95,437.0
-11.5,-70.9,432.0
-11.5,-70.85,436.0
-11.5,-70.8,376.0
-11.5,-70.75,380.0
-11.5,-70.7,364.0
-11.5,-70.65,377.0
-11.5,-70.6,335.0
-11.5,-70.55,355.0
-11.5,-70.5,366.0
-11.5,-70.45,465.0
-11.5,-70.4,441.0
-11.5,-70.35,436.0
-11.5,-70.3,430.0
-11.5,-70.25,413.0
-11.5,-70.2,437.0
-11.5,-70.15,406.0
-11.5,-70.1,409.0
-11.5,-70.05,366.0
-11.5,-70.0,374.0
-11.5,-69.95,368.0
-11.5,-69.9,347.0
-11.5,-69.85,413.0
-11.5,-69.8,359.0
-11.5,-69.75,337.0
-11.5,-69.7,333.0
-11.5,-69.65,317.0
-11.5,-69.6,318.0
-11.5,-69.55,322.0
-11.5,-69.5,309.0
-11.5,-69.45,301.0
-11.5,-69.4,296.0
-11.5,-69.35,299.0
-11.5,-69.3,272.0
-11.5,-69.25,290.0
-11.5,-69.2,292.0
-11.5,-69.15,278.0
-11.5,-69.1,282.0
-11.5,-69.05,249.0
-11.5,-69.0,273.0
-11.5,-68.95,275.0
-11.5,-68.9,285.0
-11.5,-68.85,279.0
-11.5,-68.8,292.0
-11.5,-68.75,260.0
-11.5,-68.7,270.0
-11.5,-68.65,243.0
-11.5,-68.6,250.0
-11.5,-68.55,241.0
-11.5,-68.5,239.0
-11.5,-68.45,248.0
-11.5,-68.4,236.0
-11.5,-68.35,222.0
-11.5,-68.3,239.0
-11.5,-68.25,220.0
-11.5,-68.2,199.0
-11.5,-68.15,218.0
-11.5,-68.1,192.0
-11.5,-68.05,185.0
-11.5,-68.0,214.0
-11.25,-78.0,0.0
-11.25,-77.95,0.0
-11.25,-77.9,0.0
-11.25,-77.85,0.0
-11.25,-77.8,0.0
-11.25,-77.75,0.0
-11.25,-77.7,0.0
-11.25,-77.65,0.0
-11.25,-77.6,61.0
-11.25,-77.55,42.0
-11.25,-77.5,320.0
-11.25,-77.45,488.0
-11.25,-77.4,420.0
-11.25,-77.35,428.0
-11.25,-77.3,722.0
-11.25,-77.25,627.0
-11.25,-77.2,967.0
-11.25,-77.15,1416.0
-11.25,-77.1,1684.0
-11.25,-77.05,1882.0
-11.25,-77.0,1876.0
-11.25,-76.95,2548.0
-11.25,-76.9,2796.0
-11.25,-76.85,2622.0
-11.25,-76.8,2575.0
-11.25,-76.75,2608.0
-11.25,-76.7,2669.0
-11.25,-76.65,3465.0
-11.25,-76.6,4503.0
-11.25,-76.55,4412.0
-11.25,-76.5,4839.0
-11.25,-76.45,4503.0
-11.25,-76.4,4506.0
-11.25,-76.35,4620.0
-11.25,-76.3,4250.0
-11.25,-76.25,4188.0
-11.25,-76.2,4080.0
-11.25,-76.15,4199.0
-11.25,-76.1,4433.0
-11.25,-76.05,4466.0
-11.25,-76.0,4315.0
-11.25,-75.95,4193.0
-11.25,-75.9,4244.0
-11.25,-75.85,3981.0
-11.25,-75.8,4155.0
-11.25,-75.75,4163.0
-11.25,-75.7,3749.0
-11.25,-75.65,3282.0
-11.25,-75.6,3229.0
-11.25,-75.55,2132.0
-11.25,-75.5,2693.0
-11.25,-75.45,3285.0
-11.25,-75.4,2585.0
-11.25,-75.35,1628.0
-11.25,-75.3,1672.0
-11.25,-75.25,2374.0
-11.25,-75.2,3275.0
-11.25,-75.15,3741.0
-11.25,-75.1,3844.0
-11.25,-75.05,3285.0
-11.25,-75.0,3171.0
-11.25,-74.95,2733.0
-11.25,-74.9,1970.0
-11.25,-74.85,1477.0
-11.25,-74.8,1342.0
-11.25,-74.75,977.0
-11.25,-74.7,1117.0
-11.25,-74.65,896.0
-11.25,-74.6,856.0
-11.25,-74.55,1242.0
-11.25,-74.5,1656.0
-11.25,-74.45,789.0
-11.25,-74.4,1067.0
-11.25,-74.35,1116.0
-11.25,-74.3,895.0
-11.25,-74.25,366.0
-11.25,-74.2,744.0
-11.25,-74.15,1078.0
-11.25,-74.1,1543.0
-11.25,-74.05,1260.0
-11.25,-74.0,1180.0
-11.25,-73.95,732.0
-11.25,-73.9,712.0
-11.25,-73.85,447.0
-11.25,-73.8,566.0
-11.25,-73.75,943.0
-11.25,-73.7,341.0
-11.25,-73.65,331.0
-11.25,-73.6,372.0
-11.25,-73.55,386.0
-11.25,-73.5,427.0
-11.25,-73.45,433.0
-11.25,-73.4,453.0
-11.25,-73.35,432.0
-11.25,-73.3,414.0
-11.25,-73.25,394.0
-11.25,-73.2,372.0
-11.25,-73.15,363.0
-11.25,-73.1,347.0
-11.25,-73.05,346.0
-11.25,-73.0,283.0
-11.25,-72.95,347.0
-11.25,-72.9,383.0
-11.25,-72.85,374.0
-11.25,-72.8,385.0
-11.25,-72.75,381.0
-11.25,-72.7,366.0
-11.25,-72.65,393.0
-11.25,-72.6,389.0
-11.25,-72.55,386.0
-11.25,-72.5,412.0
-11.25,-72.45,423.0
-11.25,-72.4,455.0
-11.25,-72.35,423.0
-11.25,-72.3,468.0
-11.25,-72.25,565.0
-11.25,-72.2,558.0
-11.25,-72.15,565.0
-11.25,-72.1,542.0
-11.25,-72.05,515.0
-11.25,-72.0,570.0
-11.25,-71.95,516.0
-11.25,-71.9,482.0
-11.25,-71.85,506.0
-11.25,-71.8,521.0
-11.25,-71.75,490.0
-11.25,-71.7,539.0
-11.25,-71.65,511.0
-11.25,-71.6,478.0
-11.25,-71.55,446.0
-11.25,-71.5,446.0
-11.25,-71.45,485.0
-11.25,-71.4,450.0
-11.25,-71.35,433.0
-11.25,-71.3,439.0
-11.25,-71.25,419.0
-11.25,-71.2,438.0
-11.25,-71.15,399.0
-11.25,-71.1,377.0
-11.25,-71.05,364.0
-11.25,-71.0,376.0
-11.25,-70.95,378.0
-11.25,-70.9,396.0
-11.25,-70.85,408.0
-11.25,-70.8,406.0
-11.25,-70.75,390.0
-11.25,-70.7,385.0
-11.25,-70.65,379.0
-11.25,-70.6,401.0
-11.25,-70.55,369.0
-11.25,-70.5,350.0
-11.25,-70.45,367.0
-11.25,-70.4,328.0
-11.25,-70.35,328.0
-11.25,-70.3,355.0
-11.25,-70.25,360.0
-11.25,-70.2,373.0
-11.25,-70.15,375.0
-11.25,-70.1,351.0
-11.25,-70.05,319.0
-11.25,-70.0,339.0
-11.25,-69.95,352.0
-11.25,-69.9,334.0
-11.25,-69.85,337.0
-11.25,-69.8,336.0
-11.25,-69.75,335.0
-11.25,-69.7,314.0
-11.25,-69.65,326.0
-11.25,-69.6,328.0
-11.25,-69.55,317.0
-11.25,-69.5,316.0
-11.25,-69.45,308.0
-11.25,-69.4,320.0
-11.25,-69.35,302.0
-11.25,-69.3,299.0
-11.25,-69.25,292.0
-11.25,-69.2,256.0
-11.25,-69.15,264.0
-11.25,-69.1,286.0
-11.25,-69.05,275.0
-11.25,-69.0,276.0
-11.25,-68.95,290.0
-11.25,-68.9,293.0
-11.25,-68.85,274.0
-11.25,-68.8,251.0
-11.25,-68.75,256.0
-11.25,-68.7,220.0
-11.25,-68.65,228.0
-11.25,-68.6,230.0
-11.25,-68.55,222.0
-11.25,-68.5,225.0
-11.25,-68.45,221.0
-11.25,-68.4,216.0
-11.25,-68.35,210.0
-11.25,-68.3,209.0
-11.25,-68.25,214.0
-11.25,-68.2,208.0
-11.25,-68.15,205.0
-11.25,-68.1,201.0
-11.25,-68.05,197.0
-11.25,-68.0,186.0
-11.0,-79.0,0.0
-11.0,-78.95,0.0
-11.0,-78.9,0.0
-11.0,-78.85,0.0
-11.0,-78.8,0.0
-11.0,-78.75,0.0
-11.0,-78.7,0.0
-11.0,-78.65,0.0
-11.0,-78.6,0.0
-11.0,-78.55,0.0
-11.0,-78.5,0.0
-11.0,-78.45,0.0
-11.0,-78.4,0.0
-11.0,-78.35,0.0
-11.0,-78.3,0.0
-11.0,-78.25,0.0
-11.0,-78.2,0.0
-11.0,-78.15,0.0
-11.0,-78.1,0.0
-11.0,-78.05,0.0
-11.0,-78.0,0.0
-11.0,-77.95,0.0
-11.0,-77.9,0.0
-11.0,-77.85,0.0
-11.0,-77.8,0.0
-11.0,-77.75,0.0
-11.0,-77.7,0.0
-11.0,-77.65,0.0
-11.0,-77.6,123.0
-11.0,-77.55,420.0
-11.0,-77.5,618.0
-11.0,-77.45,601.0
-11.0,-77.4,832.0
-11.0,-77.35,1829.0
-11.0,-77.3,1486.0
-11.0,-77.25,2133.0
-11.0,-77.2,2157.0
-11.0,-77.15,1836.0
-11.0,-77.1,2107.0
-11.0,-77.05,1958.0
-11.0,-77.0,2495.0
-11.0,-76.95,4588.0
-11.0,-76.9,4357.0
-11.0,-76.85,4793.0
-11.0,-76.8,4725.0
-11.0,-76.75,4547.0
-11.0,-76.7,4177.0
-11.0,-76.65,4598.0
-11.0,-76.6,4583.0
-11.0,-76.55,4781.0
-11.0,-76.5,4645.0
-11.0,-76.45,4601.0
-11.0,-76.4,4452.0
-11.0,-76.35,4405.0
-11.0,-76.3,4335.0
-11.0,-76.25,4138.0
-11.0,-76.2,4083.0
-11.0,-76.15,4080.0
-11.0,-76.1,4080.0
-11.0,-76.05,4081.0
-11.0,-76.0,4139.0
-11.0,-75.95,4565.0
-11.0,-75.9,4423.0
-11.0,-75.85,4176.0
-11.0,-75.8,3732.0
-11.0,-75.75,3271.0
-11.0,-75.7,3638.0
-11.0,-75.65,3836.0
-11.0,-75.6,3256.0
-11.0,-75.55,3273.0
-11.0,-75.5,3240.0
-11.0,-75.45,2421.0
-11.0,-75.4,2139.0
-11.0,-75.35,1239.0
-11.0,-75.3,1174.0
-11.0,-75.25,1193.0
-11.0,-75.2,1355.0
-11.0,-75.15,1501.0
-11.0,-75.1,1843.0
-11.0,-75.05,1391.0
-11.0,-75.0,969.0
-11.0,-74.95,818.0
-11.0,-74.9,1121.0
-11.0,-74.85,1389.0
-11.0,-74.8,1173.0
-11.0,-74.75,485.0
-11.0,-74.7,655.0
-11.0,-74.65,631.0
-11.0,-74.6,972.0
-11.0,-74.55,526.0
-11.0,-74.5,719.0
-11.0,-74.45,1661.0
-11.0,-74.4,1507.0
-11.0,-74.35,1442.0
-11.0,-74.3,1400.0
-11.0,-74.25,1193.0
-11.0,-74.2,1853.0
-11.0,-74.15,1556.0
-11.0,-74.1,1339.0
-11.0,-74.05,1111.0
-11.0,-74.0,1811.0
-11.0,-73.95,1368.0
-11.0,-73.9,859.0
-11.0,-73.85,1234.0
-11.0,-73.8,616.0
-11.0,-73.75,246.0
-11.0,-73.7,281.0
-11.0,-73.65,374.0
-11.0,-73.6,382.0
-11.0,-73.55,370.0
-11.0,-73.5,388.0
-11.0,-73.45,360.0
-11.0,-73.4,364.0
-11.0,-73.35,318.0
-11.0,-73.3,318.0
-11.0,-73.25,323.0
-11.0,-73.2,374.0
-11.0,-73.15,315.0
-11.0,-73.1,269.0
-11.0,-73.05,310.0
-11.0,-73.0,341.0
-11.0,-72.95,339.0
-11.0,-72.9,393.0
-11.0,-72.85,423.0
-11.0,-72.8,408.0
-11.0,-72.75,400.0
-11.0,-72.7,360.0
-11.0,-72.65,364.0
-11.0,-72.6,392.0
-11.0,-72.55,381.0
-11.0,-72.5,399.0
-11.0,-72.45,387.0
-11.0,-72.4,440.0
-11.0,-72.35,410.0
-11.0,-72.3,439.0
-11.0,-72.25,439.0
-11.0,-72.2,460.0
-11.0,-72.15,530.0
-11.0,-72.1,535.0
-11.0,-72.05,521.0
-11.0,-72.0,517.0
-11.0,-71.95,428.0
-11.0,-71.9,485.0
-11.0,-71.85,486.0
-11.0,-71.8,500.0
-11.0,-71.75,481.0
-11.0,-71.7,484.0
-11.0,-71.65,473.0
-11.0,-71.6,452.0
-11.0,-71.55,450.0
-11.0,-71.5,467.0
-11.0,-71.45,505.0
-11.0,-71.4,480.0
-11.0,-71.35,470.0
-11.0,-71.3,460.0
-11.0,-71.25,473.0
-11.0,-71.2,450.0
-11.0,-71.15,446.0
-11.0,-71.1,437.0
-11.0,-71.05,431.0
-11.0,-71.0,391.0
-11.0,-70.95,402.0
-11.0,-70.9,379.0
-11.0,-70.85,388.0
-11.0,-70.8,363.0
-11.0,-70.75,369.0
-11.0,-70.7,392.0
-11.0,-70.65,395.0
-11.0,-70.6,415.0
-11.0,-70.55,368.0
-11.0,-70.5,388.0
-11.0,-70.45,346.0
-11.0,-70.4,343.0
-11.0,-70.35,360.0
-11.0,-70.3,330.0
-11.0,-70.25,332.0
-11.0,-70.2,352.0
-11.0,-70.15,306.0
-11.0,-70.1,280.0
-11.0,-70.05,310.0
-11.0,-70.0,292.0
-11.0,-69.95,331.0
-11.0,-69.9,305.0
-11.0,-69.85,301.0
-11.0,-69.8,318.0
-11.0,-69.75,299.0
-11.0,-69.7,284.0
-11.0,-69.65,277.0
-11.0,-69.6,265.0
-11.0,-69.55,287.0
-11.0,-69.5,300.0
-11.0,-69.45,306.0
-11.0,-69.4,296.0
-11.0,-69.35,288.0
-11.0,-69.3,269.0
-11.0,-69.25,283.0
-11.0,-69.2,263.0
-11.0,-69.15,261.0
-11.0,-69.1,251.0
-11.0,-69.05,238.0
-11.0,-69.0,204.0
-11.0,-68.95,208.0
-11.0,-68.9,257.0
-11.0,-68.85,215.0
-11.0,-68.8,212.0
-11.0,-68.75,200.0
-11.0,-68.7,207.0
-11.0,-68.65,237.0
-11.0,-68.6,220.0
-11.0,-68.55,294.0
-11.0,-68.5,293.0
-11.0,-68.45,282.0
-11.0,-68.4,254.0
-11.0,-68.35,220.0
-11.0,-68.3,203.0
-11.0,-68.25,216.0
-11.0,-68.2,231.0
-11.0,-68.15,224.0
-11.0,-68.1,186.0
-11.0,-68.05,209.0
-11.0,-68.0,197.0
-10.75,-79.0,0.0
-10.75,-78.95,0.0
-10.75,-78.9,0.0
-10.75,-78.85,0.0
-10.75,-78.8,0.0
-10.75,-78.75,0.0
-10.75,-78.7,0.0
-10.75,-78.65,0.0
-10.75,-78.6,0.0
-10.75,-78.55,0.0
-10.75,-78.5,0.0
-10.75,-78.45,0.0
-10.75,-78.4,0.0
-10.75,-78.35,0.0
-10.75,-78.3,0.0
-10.75,-78.25,0.0
-10.75,-78.2,0.0
-10.75,-78.15,0.0
-10.75,-78.1,0.0
-10.75,-78.05,0.0
-10.75,-78.0,0.0
-10.75,-77.95,0.0
-10.75,-77.9,0.0
-10.75,-77.85,0.0
-10.75,-77.8,0.0
-10.75,-77.75,84.0
-10.75,-77.7,355.0
-10.75,-77.65,255.0
-10.75,-77.6,331.0
-10.75,-77.55,388.0
-10.75,-77.5,783.0
-10.75,-77.45,1116.0
-10.75,-77.4,1622.0
-10.75,-77.35,1935.0
-10.75,-77.3,2661.0
-10.75,-77.25,2194.0
-10.75,-77.2,3633.0
-10.75,-77.15,4733.0
-10.75,-77.1,4765.0
-10.75,-77.05,4683.0
-10.75,-77.0,4208.0
-10.75,-76.95,4751.0
-10.75,-76.9,4214.0
-10.75,-76.85,3273.0
-10.75,-76.8,4598.0
-10.75,-76.75,4528.0
-10.75,-76.7,4680.0
-10.75,-76.65,4744.0
-10.75,-76.6,4826.0
-10.75,-76.55,4463.0
-10.75,-76.5,4493.0
-10.75,-76.45,4447.0
-10.75,-76.4,4334.0
-10.75,-76.35,4271.0
-10.75,-76.3,4180.0
-10.75,-76.25,4279.0
-10.75,-76.2,4365.0
-10.75,-76.15,4442.0
-10.75,-76.1,4436.0
-10.75,-76.05,4527.0
-10.75,-76.0,4198.0
-10.75,-75.95,4294.0
-10.75,-75.9,4319.0
-10.75,-75.85,3385.0
-10.75,-75.8,3681.0
-10.75,-75.75,3314.0
-10.75,-75.7,2674.0
-10.75,-75.65,3091.0
-10.75,-75.6,2638.0
-10.75,-75.55,1902.0
-10.75,-75.5,1630.0
-10.75,-75.45,1097.0
-10.75,-75.4,1455.0
-10.75,-75.35,1312.0
-10.75,-75.3,1753.0
-10.75,-75.25,1393.0
-10.75,-75.2,1575.0
-10.75,-75.15,1118.0
-10.75,-75.1,1670.0
-10.75,-75.05,1149.0
-10.75,-75.0,1111.0
-10.75,-74.95,1236.0
-10.75,-74.9,1031.0
-10.75,-74.85,1473.0
-10.75,-74.8,1320.0
-10.75,-74.75,747.0
-10.75,-74.7,715.0
-10.75,-74.65,1373.0
-10.75,-74.6,1399.0
-10.75,-74.55,1446.0
-10.75,-74.5,1157.0
-10.75,-74.45,1030.0
-10.75,-74.4,1031.0
-10.75,-74.35,1261.0
-10.75,-74.3,1259.0
-10.75,-74.25,1142.0
-10.75,-74.2,1187.0
-10.75,-74.15,1806.0
-10.75,-74.1,1574.0
-10.75,-74.05,942.0
-10.75,-74.0,956.0
-10.75,-73.95,608.0
-10.75,-73.9,480.0
-10.75,-73.85,811.0
-10.75,-73.8,532.0
-10.75,-73.75,218.0
-10.75,-73.7,208.0
-10.75,-73.65,258.0
-10.75,-73.6,231.0
-10.75,-73.55,276.0
-10.75,-73.5,305.0
-10.75,-73.45,252.0
-10.75,-73.4,259.0
-10.75,-73.35,252.0
-10.75,-73.3,267.0
-10.75,-73.25,289.0
-10.75,-73.2,285.0
-10.75,-73.15,305.0
-10.75,-73.1,287.0
-10.75,-73.05,333.0
-10.75,-73.0,341.0
-10.75,-72.95,360.0
-10.75,-72.9,355.0
-10.75,-72.85,390.0
-10.75,-72.8,361.0
-10.75,-72.75,401.0
-10.75,-72.7,402.0
-10.75,-72.65,421.0
-10.75,-72.6,409.0
-10.75,-72.55,437.0
-10.75,-72.5,434.0
-10.75,-72.45,488.0
-10.75,-72.4,474.0
-10.75,-72.35,419.0
-10.75,-72.3,485.0
-10.75,-72.25,429.0
-10.75,-72.2,451.0
-10.75,-72.15,424.0
-10.75,-72.1,411.0
-10.75,-72.05,399.0
-10.75,-72.0,417.0
-10.75,-71.95,415.0
-10.75,-71.9,345.0
-10.75,-71.85,336.0
-10.75,-71.8,332.0
-10.75,-71.75,339.0
-10.75,-71.7,356.0
-10.75,-71.65,363.0
-10.75,-71.6,369.0
-10.75,-71.55,358.0
-10.75,-71.5,349.0
-10.75,-71.45,348.0
-10.75,-71.4,359.0
-10.75,-71.35,363.0
-10.75,-71.3,357.0
-10.75,-71.25,403.0
-10.75,-71.2,417.0
-10.75,-71.15,389.0
-10.75,-71.1,406.0
-10.75,-71.05,400.0
-10.75,-71.0,355.0
-10.75,-70.95,390.0
-10.75,-70.9,371.0
-10.75,-70.85,357.0
-10.75,-70.8,328.0
-10.75,-70.75,290.0
-10.75,-70.7,315.0
-10.75,-70.65,322.0
-10.75,-70.6,345.0
-10.75,-70.55,338.0
-10.75,-70.5,322.0
-10.75,-70.45,297.0
-10.75,-70.4,283.0
-10.75,-70.35,311.0
-10.75,-70.3,277.0
-10.75,-70.25,306.0
-10.75,-70.2,303.0
-10.75,-70.15,298.0
-10.75,-70.1,315.0
-10.75,-70.05,328.0
-10.75,-70.0,307.0
-10.75,-69.95,306.0
-10.75,-69.9,306.0
-10.75,-69.85,307.0
-10.75,-69.8,314.0
-10.75,-69.75,334.0
-10.75,-69.7,307.0
-10.75,-69.65,318.0
-10.75,-69.6,289.0
-10.75,-69.55,308.0
-10.75,-69.5,306.0
-10.75,-69.45,290.0
-10.75,-69.4,289.0
-10.75,-69.35,287.0
-10.75,-69.3,284.0
-10.75,-69.25,262.0
-10.75,-69.2,293.0
-10.75,-69.15,268.0
-10.75,-69.1,243.0
-10.75,-69.05,281.0
-10.75,-69.0,260.0
-10.75,-68.95,265.0
-10.75,-68.9,263.0
-10.75,-68.85,210.0
-10.75,-68.8,258.0
-10.75,-68.75,255.0
-10.75,-68.7,261.0
-10.75,-68.65,263.0
-10.75,-68.6,214.0
-10.75,-68.55,206.0
-10.75,-68.5,218.0
-10.75,-68.45,223.0
-10.75,-68.4,186.0
-10.75,-68.35,238.0
-10.75,-68.3,240.0
-10.75,-68.25,207.0
-10.75,-68.2,179.0
-10.75,-68.15,181.0
-10.75,-68.1,177.0
-10.75,-68.05,196.0
-10.75,-68.0,230.0
-10.5,-79.0,0.0
-10.5,-78.95,0.0
-10.5,-78.9,0.0
-10.5,-78.85,0.0
-10.5,-78.8,0.0
-10.5,-78.75,0.0
-10.5,-78.7,0.0
-10.5,-78.65,0.0
-10.5,-78.6,0.0
-10.5,-78.55,0.0
-10.5,-78.5,0.0
-10.5,-78.45,0.0
-10.5,-78.4,0.0
-10.5,-78.35,0.0
-10.5,-78.3,0.0
-10.5,-78.25,0.0
-10.5,-78.2,0.0
-10.5,-78.15,0.0
-10.5,-78.1,0.0
-10.5,-78.05,0.0
-10.5,-78.0,0.0
-10.5,-77.95,18.0
-10.5,-77.9,149.0
-10.5,-77.85,561.0
-10.5,-77.8,475.0
-10.5,-77.75,238.0
-10.5,-77.7,759.0
-10.5,-77.65,894.0
-10.5,-77.6,1078.0
-10.5,-77.55,1075.0
-10.5,-77.5,1554.0
-10.5,-77.45,2454.0
-10.5,-77.4,2429.0
-10.5,-77.35,3541.0
-10.5,-77.3,1948.0
-10.5,-77.25,2220.0
-10.5,-77.2,3244.0
-10.5,-77.15,2011.0
-10.5,-77.1,3353.0
-10.5,-77.05,3638.0
-10.5,-77.0,4054.0
-10.5,-76.95,4141.0
-10.5,-76.9,4985.0
-10.5,-76.85,4878.0
-10.5,-76.8,4601.0
-10.5,-76.75,4274.0
-10.5,-76.7,4690.0
-10.5,-76.65,4286.0
-10.5,-76.6,4326.0
-10.5,-76.55,3662.0
-10.5,-76.5,3727.0
-10.5,-76.45,3926.0
-10.5,-76.4,4152.0
-10.5,-76.35,4148.0
-10.5,-76.3,4220.0
-10.5,-76.25,4104.0
-10.5,-76.2,3900.0
-10.5,-76.15,3726.0
-10.5,-76.1,3758.0
-10.5,-76.05,4533.0
-10.5,-76.0,4672.0
-10.5,-75.95,4128.0
-10.5,-75.9,4115.0
-10.5,-75.85,4076.0
-10.5,-75.8,4194.0
-10.5,-75.75,3021.0
-10.5,-75.7,2684.0
-10.5,-75.65,2116.0
-10.5,-75.6,2792.0
-10.5,-75.55,2477.0
-10.5,-75.5,2226.0
-10.5,-75.45,1965.0
-10.5,-75.4,2131.0
-10.5,-75.35,2626.0
-10.5,-75.3,1919.0
-10.5,-75.25,1546.0
-10.5,-75.2,1282.0
-10.5,-75.15,1579.0
-10.5,-75.1,809.0
-10.5,-75.05,710.0
-10.5,-75.0,968.0
-10.5,-74.95,621.0
-10.5,-74.9,378.0
-10.5,-74.85,287.0
-10.5,-74.8,398.0
-10.5,-74.75,966.0
-10.5,-74.7,1011.0
-10.5,-74.65,486.0
-10.5,-74.6,1072.0
-10.5,-74.55,1176.0
-10.5,-74.5,1156.0
-10.5,-74.45,1215.0
-10.5,-74.4,1294.0
-10.5,-74.35,1300.0
-10.5,-74.3,1354.0
-10.5,-74.25,1411.0
-10.5,-74.2,1754.0
-10.5,-74.15,1098.0
-10.5,-74.1,422.0
-10.5,-74.05,242.0
-10.5,-74.0,197.0
-10.5,-73.95,216.0
-10.5,-73.9,221.0
-10.5,-73.85,261.0
-10.5,-73.8,308.0
-10.5,-73.75,344.0
-10.5,-73.7,374.0
-10.5,-73.65,349.0
-10.5,-73.6,367.0
-10.5,-73.55,450.0
-10.5,-73.5,351.0
-10.5,-73.45,343.0
-10.5,-73.4,309.0
-10.5,-73.35,311.0
-10.5,-73.3,335.0
-10.5,-73.25,282.0
-10.5,-73.2,307.0
-10.5,-73.15,320.0
-10.5,-73.1,301.0
-10.5,-73.05,302.0
-10.5,-73.0,323.0
-10.5,-72.95,336.0
-10.5,-72.9,314.0
-10.5,-72.85,306.0
-10.5,-72.8,348.0
-10.5,-72.75,337.0
-10.5,-72.7,360.0
-10.5,-72.65,362.0
-10.5,-72.6,380.0
-10.5,-72.55,376.0
-10.5,-72.5,384.0
-10.5,-72.45,482.0
-10.5,-72.4,445.0
-10.5,-72.35,495.0
-10.5,-72.3,491.0
-10.5,-72.25,463.0
-10.5,-72.2,474.0
-10.5,-72.15,419.0
-10.5,-72.1,456.0
-10.5,-72.05,468.0
-10.5,-72.0,413.0
-10.5,-71.95,428.0
-10.5,-71.9,369.0
-10.5,-71.85,421.0
-10.5,-71.8,372.0
-10.5,-71.75,354.0
-10.5,-71.7,379.0
-10.5,-71.65,388.0
-10.5,-71.6,376.0
-10.5,-71.55,344.0
-10.5,-71.5,303.0
-10.5,-71.45,325.0
-10.5,-71.4,290.0
-10.5,-71.35,321.0
-10.5,-71.3,331.0
-10.5,-71.25,365.0
-10.5,-71.2,303.0
-10.5,-71.15,334.0
-10.5,-71.1,376.0
-10.5,-71.05,343.0
-10.5,-71.0,318.0
-10.5,-70.95,338.0
-10.5,-70.9,312.0
-10.5,-70.85,304.0
-10.5,-70.8,328.0
-10.5,-70.75,309.0
-10.5,-70.7,333.0
-10.5,-70.65,308.0
-10.5,-70.6,304.0
-10.5,-70.55,310.0
-10.5,-70.5,349.0
-10.5,-70.45,340.0
-10.5,-70.4,311.0
-10.5,-70.35,327.0
-10.5,-70.3,319.0
-10.5,-70.25,331.0
-10.5,-70.2,284.0
-10.5,-70.15,305.0
-10.5,-70.1,290.0
-10.5,-70.05,284.0
-10.5,-70.0,278.0
-10.5,-69.95,312.0
-10.5,-69.9,283.0
-10.5,-69.85,279.0
-10.5,-69.8,215.0
-10.5,-69.75,250.0
-10.5,-69.7,279.0
-10.5,-69.65,252.0
-10.5,-69.6,272.0
-10.5,-69.55,254.0
-10.5,-69.5,312.0
-10.5,-69.45,331.0
-10.5,-69.4,309.0
-10.5,-69.35,280.0
-10.5,-69.3,296.0
-10.5,-69.25,247.0
-10.5,-69.2,270.0
-10.5,-69.15,268.0
-10.5,-69.1,265.0
-10.5,-69.05,283.0
-10.5,-69.0,245.0
-10.5,-68.95,251.0
-10.5,-68.9,233.0
-10.5,-68.85,246.0
-10.5,-68.8,226.0
-10.5,-68.75,249.0
-10.5,-68.7,230.0
-10.5,-68.65,250.0
-10.5,-68.6,243.0
-10.5,-68.55,271.0
-10.5,-68.5,257.0
-10.5,-68.45,232.0
-10.5,-68.4,253.0
-10.5,-68.35,218.0
-10.5,-68.3,219.0
-10.5,-68.25,235.0
-10.5,-68.2,221.0
-10.5,-68.15,191.0
-10.5,-68.1,182.0
-10.5,-68.05,172.0
-10.5,-68.0,182.0
-10.25,-79.0,0.0
-10.25,-78.95,0.0
-10.25,-78.9,0.0
-10.25,-78.85,0.0
-10.25,-78.8,0.0
-10.25,-78.75,0.0
-10.25,-78.7,0.0
-10.25,-78.65,0.0
-10.25,-78.6,0.0
-10.25,-78.55,0.0
-10.25,-78.5,0.0
-10.25,-78.45,0.0
-10.25,-78.4,0.0
-10.25,-78.35,0.0
-10.25,-78.3,0.0
-10.25,-78.25,0.0
-10.25,-78.2,0.0
-10.25,-78.15,0.0
-10.25,-78.1,0.0
-10.25,-78.05,200.0
-10.25,-78.0,276.0
-10.25,-77.95,528.0
-10.25,-77.9,691.0
-10.25,-77.85,813.0
-10.25,-77.8,1877.0
-10.25,-77.75,2087.0
-10.25,-77.7,2972.0
-10.25,-77.65,1728.0
-10.25,-77.6,1270.0
-10.25,-77.55,1890.0
-10.25,-77.5,2300.0
-10.25,-77.45,3448.0
-10.25,-77.4,3772.0
-10.25,-77.35,4479.0
-10.25,-77.3,4512.0
-10.25,-77.25,4783.0
-10.25,-77.2,3770.0
-10.25,-77.15,3150.0
-10.25,-77.1,3813.0
-10.25,-77.05,4276.0
-10.25,-77.0,4473.0
-10.25,-76.95,4753.0
-10.25,-76.9,5432.0
-10.25,-76.85,4561.0
-10.25,-76.8,4422.0
-10.25,-76.75,4317.0
-10.25,-76.7,4224.0
-10.25,-76.65,3765.0
-10.25,-76.6,3814.0
-10.25,-76.55,4332.0
-10.25,-76.5,4189.0
-10.25,-76.45,3880.0
-10.25,-76.4,3482.0
-10.25,-76.35,3835.0
-10.25,-76.3,2262.0
-10.25,-76.25,2467.0
-10.25,-76.2,3889.0
-10.25,-76.15,2572.0
-10.25,-76.1,3670.0
-10.25,-76.05,4021.0
-10.25,-76.0,4128.0
-10.25,-75.95,3230.0
-10.25,-75.9,2891.0
-10.25,-75.85,2813.0
-10.25,-75.8,2105.0
-10.25,-75.75,2644.0
-10.25,-75.7,2851.0
-10.25,-75.65,2470.0
-10.25,-75.6,2500.0
-10.25,-75.55,2546.0
-10.25,-75.5,2063.0
-10.25,-75.45,1470.0
-10.25,-75.4,886.0
-10.25,-75.35,501.0
-10.25,-75.3,415.0
-10.25,-75.25,376.0
-10.25,-75.2,321.0
-10.25,-75.15,323.0
-10.25,-75.1,322.0
-10.25,-75.05,910.0
-10.25,-75.0,269.0
-10.25,-74.95,274.0
-10.25,-74.9,305.0
-10.25,-74.85,277.0
-10.25,-74.8,316.0
-10.25,-74.75,317.0
-10.25,-74.7,474.0
-10.25,-74.65,782.0
-10.25,-74.6,733.0
-10.25,-74.55,1138.0
-10.25,-74.5,1222.0
-10.25,-74.45,1334.0
-10.25,-74.4,1249.0
-10.25,-74.35,1268.0
-10.25,-74.3,1435.0
-10.25,-74.25,1885.0
-10.25,-74.2,854.0
-10.25,-74.15,373.0
-10.25,-74.1,194.0
-10.25,-74.05,194.0
-10.25,-74.0,192.0
-10.25,-73.95,202.0
-10.25,-73.9,230.0
-10.25,-73.85,247.0
-10.25,-73.8,284.0
-10.25,-73.75,309.0
-10.25,-73.7,345.0
-10.25,-73.65,363.0
-10.25,-73.6,417.0
-10.25,-73.55,380.0
-10.25,-73.5,294.0
-10.25,-73.45,324.0
-10.25,-73.4,305.0
-10.25,-73.35,367.0
-10.25,-73.3,321.0
-10.25,-73.25,379.0
-10.25,-73.2,366.0
-10.25,-73.15,416.0
-10.25,-73.1,443.0
-10.25,-73.05,348.0
-10.25,-73.0,351.0
-10.25,-72.95,347.0
-10.25,-72.9,334.0
-10.25,-72.85,367.0
-10.25,-72.8,321.0
-10.25,-72.75,352.0
-10.25,-72.7,358.0
-10.25,-72.65,377.0
-10.25,-72.6,389.0
-10.25,-72.55,367.0
-10.25,-72.5,362.0
-10.25,-72.45,377.0
-10.25,-72.4,440.0
-10.25,-72.35,395.0
-10.25,-72.3,381.0
-10.25,-72.25,353.0
-10.25,-72.2,434.0
-10.25,-72.15,417.0
-10.25,-72.1,404.0
-10.25,-72.05,376.0
-10.25,-72.0,434.0
-10.25,-71.95,402.0
-10.25,-71.9,395.0
-10.25,-71.85,385.0
-10.25,-71.8,372.0
-10.25,-71.75,371.0
-10.25,-71.7,383.0
-10.25,-71.65,388.0
-10.25,-71.6,350.0
-10.25,-71.55,337.0
-10.25,-71.5,367.0
-10.25,-71.45,312.0
-10.25,-71.4,311.0
-10.25,-71.35,288.0
-10.25,-71.3,316.0
-10.25,-71.25,332.0
-10.25,-71.2,304.0
-10.25,-71.15,333.0
-10.25,-71.1,329.0
-10.25,-71.05,271.0
-10.25,-71.0,269.0
-10.25,-70.95,317.0
-10.25,-70.9,309.0
-10.25,-70.85,336.0
-10.25,-70.8,322.0
-10.25,-70.75,300.0
-10.25,-70.7,314.0
-10.25,-70.65,287.0
-10.25,-70.6,285.0
-10.25,-70.55,265.0
-10.25,-70.5,251.0
-10.25,-70.45,286.0
-10.25,-70.4,294.0
-10.25,-70.35,300.0
-10.25,-70.3,258.0
-10.25,-70.25,265.0
-10.25,-70.2,285.0
-10.25,-70.15,273.0
-10.25,-70.1,253.0
-10.25,-70.05,263.0
-10.25,-70.0,259.0
-10.25,-69.95,266.0
-10.25,-69.9,282.0
-10.25,-69.85,240.0
-10.25,-69.8,261.0
-10.25,-69.75,282.0
-10.25,-69.7,265.0
-10.25,-69.65,279.0
-10.25,-69.6,253.0
-10.25,-69.55,256.0
-10.25,-69.5,223.0
-10.25,-69.45,212.0
-10.25,-69.4,229.0
-10.25,-69.35,249.0
-10.25,-69.3,221.0
-10.25,-69.25,244.0
-10.25,-69.2,250.0
-10.25,-69.15,253.0
-10.25,-69.1,279.0
-10.25,-69.05,261.0
-10.25,-69.0,226.0
-10.25,-68.95,255.0
-10.25,-68.9,264.0
-10.25,-68.85,274.0
-10.25,-68.8,274.0
-10.25,-68.75,216.0
-10.25,-68.7,221.0
-10.25,-68.65,222.0
-10.25,-68.6,239.0
-10.25,-68.55,212.0
-10.25,-68.5,205.0
-10.25,-68.45,207.0
-10.25,-68.4,206.0
-10.25,-68.35,217.0
-10.25,-68.3,215.0
-10.25,-68.25,212.0
-10.25,-68.2,198.0
-10.25,-68.15,193.0
-10.25,-68.1,193.0
-10.25,-68.05,186.0
-10.25,-68.0,184.0
-10.0,-79.0,0.0
-10.0,-78.95,0.0
-10.0,-78.9,0.0
-10.0,-78.85,0.0
-10.0,-78.8,0.0
-10.0,-78.75,0.0
-10.0,-78.7,0.0
-10.0,-78.65,0.0
-10.0,-78.6,0.0
-10.0,-78.55,0.0
-10.0,-78.5,0.0
-10.0,-78.45,0.0
-10.0,-78.4,0.0
-10.0,-78.35,0.0
-10.0,-78.3,0.0
-10.0,-78.25,0.0
-10.0,-78.2,0.0
-10.0,-78.15,132.0
-10.0,-78.1,548.0
-10.0,-78.05,286.0
-10.0,-78.0,322.0
-10.0,-77.95,425.0
-10.0,-77.9,534.0
-10.0,-77.85,846.0
-10.0,-77.8,1374.0
-10.0,-77.75,1383.0
-10.0,-77.7,2378.0
-10.0,-77.65,2976.0
-10.0,-77.6,3296.0
-10.0,-77.55,3939.0
-10.0,-77.5,3922.0
-10.0,-77.45,4420.0
-10.0,-77.4,4612.0
-10.0,-77.35,4149.0
-10.0,-77.3,4140.0
-10.0,-77.25,4452.0
-10.0,-77.2,4420.0
-10.0,-77.15,4327.0
-10.0,-77.1,4753.0
-10.0,-77.05,4768.0
-10.0,-77.0,4720.0
-10.0,-76.95,4423.0
-10.0,-76.9,4313.0
-10.0,-76.85,4019.0
-10.0,-76.8,4235.0
-10.0,-76.75,4283.0
-10.0,-76.7,3629.0
-10.0,-76.65,3774.0
-10.0,-76.6,4218.0
-10.0,-76.55,4016.0
-10.0,-76.5,3533.0
-10.0,-76.45,3050.0
-10.0,-76.4,3447.0
-10.0,-76.35,3861.0
-10.0,-76.3,2830.0
-10.0,-76.25,2075.0
-10.0,-76.2,2533.0
-10.0,-76.15,3637.0
-10.0,-76.1,3927.0
-10.0,-76.05,3170.0
-10.0,-76.0,3466.0
-10.0,-75.95,3599.0
-10.0,-75.9,3556.0
-10.0,-75.85,2711.0
-10.0,-75.8,2118.0
-10.0,-75.75,1560.0
-10.0,-75.7,1328.0
-10.0,-75.65,1840.0
-10.0,-75.6,1175.0
-10.0,-75.55,1663.0
-10.0,-75.5,816.0
-10.0,-75.45,1504.0
-10.0,-75.4,620.0
-10.0,-75.35,385.0
-10.0,-75.3,280.0
-10.0,-75.25,306.0
-10.0,-75.2,306.0
-10.0,-75.15,279.0
-10.0,-75.1,264.0
-10.0,-75.05,252.0
-10.0,-75.0,268.0
-10.0,-74.95,263.0
-10.0,-74.9,286.0
-10.0,-74.85,254.0
-10.0,-74.8,275.0
-10.0,-74.75,355.0
-10.0,-74.7,404.0
-10.0,-74.65,454.0
-10.0,-74.6,738.0
-10.0,-74.55,739.0
-10.0,-74.5,799.0
-10.0,-74.45,1034.0
-10.0,-74.4,1199.0
-10.0,-74.35,1080.0
-10.0,-74.3,860.0
-10.0,-74.25,771.0
-10.0,-74.2,223.0
-10.0,-74.15,179.0
-10.0,-74.1,177.0
-10.0,-74.05,183.0
-10.0,-74.0,168.0
-10.0,-73.95,170.0
-10.0,-73.9,207.0
-10.0,-73.85,224.0
-10.0,-73.8,260.0
-10.0,-73.75,286.0
-10.0,-73.7,293.0
-10.0,-73.65,342.0
-10.0,-73.6,355.0
-10.0,-73.55,370.0
-10.0,-73.5,307.0
-10.0,-73.45,299.0
-10.0,-73.4,299.0
-10.0,-73.35,307.0
-10.0,-73.3,354.0
-10.0,-73.25,344.0
-10.0,-73.2,381.0
-10.0,-73.15,361.0
-10.0,-73.1,342.0
-10.0,-73.05,340.0
-10.0,-73.0,336.0
-10.0,-72.95,344.0
-10.0,-72.9,295.0
-10.0,-72.85,299.0
-10.0,-72.8,317.0
-10.0,-72.75,313.0
-10.0,-72.7,312.0
-10.0,-72.65,348.0
-10.0,-72.6,344.0
-10.0,-72.55,357.0
-10.0,-72.5,282.0
-10.0,-72.45,325.0
-10.0,-72.4,352.0
-10.0,-72.35,354.0
-10.0,-72.3,338.0
-10.0,-72.25,359.0
-10.0,-72.2,344.0
-10.0,-72.15,431.0
-10.0,-72.1,394.0
-10.0,-72.05,395.0
-10.0,-72.0,364.0
-10.0,-71.95,363.0
-10.0,-71.9,359.0
-10.0,-71.85,357.0
-10.0,-71.8,327.0
-10.0,-71.75,349.0
-10.0,-71.7,341.0
-10.0,-71.65,328.0
-10.0,-71.6,339.0
-10.0,-71.55,318.0
-10.0,-71.5,364.0
-10.0,-71.45,375.0
-10.0,-71.4,344.0
-10.0,-71.35,338.0
-10.0,-71.3,345.0
-10.0,-71.25,321.0
-10.0,-71.2,332.0
-10.0,-71.15,307.0
-10.0,-71.1,271.0
-10.0,-71.05,274.0
-10.0,-71.0,306.0
-10.0,-70.95,263.0
-10.0,-70.9,278.0
-10.0,-70.85,268.0
-10.0,-70.8,288.0
-10.0,-70.75,301.0
-10.0,-70.7,269.0
-10.0,-70.65,303.0
-10.0,-70.6,302.0
-10.0,-70.55,297.0
-10.0,-70.5,267.0
-10.0,-70.45,266.0
-10.0,-70.4,273.0
-10.0,-70.35,282.0
-10.0,-70.3,259.0
-10.0,-70.25,221.0
-10.0,-70.2,269.0
-10.0,-70.15,256.0
-10.0,-70.1,246.0
-10.0,-70.05,270.0
-10.0,-70.0,285.0
-10.0,-69.95,250.0
-10.0,-69.9,304.0
-10.0,-69.85,256.0
-10.0,-69.8,253.0
-10.0,-69.75,237.0
-10.0,-69.7,253.0
-10.0,-69.65,208.0
-10.0,-69.6,228.0
-10.0,-69.55,238.0
-10.0,-69.5,236.0
-10.0,-69.45,240.0
-10.0,-69.4,224.0
-10.0,-69.35,211.0
-10.0,-69.3,220.0
-10.0,-69.25,245.0
-10.0,-69.2,231.0
-10.0,-69.15,248.0
-10.0,-69.1,236.0
-10.0,-69.05,205.0
-10.0,-69.0,181.0
-10.0,-68.95,225.0
-10.0,-68.9,220.0
-10.0,-68.85,255.0
-10.0,-68.8,216.0
-10.0,-68.75,205.0
-10.0,-68.7,213.0
-10.0,-68.65,211.0
-10.0,-68.6,200.0
-10.0,-68.55,183.0
-10.0,-68.5,173.0
-10.0,-68.45,175.0
-10.0,-68.4,203.0
-10.0,-68.35,189.0
-10.0,-68.3,179.0
-10.0,-68.25,206.0
-10.0,-68.2,212.0
-10.0,-68.15,178.0
-10.0,-68.1,192.0
-10.0,-68.05,217.0
-10.0,-68.0,185.0
-9.75,-79.0,0.0
-9.75,-78.95,0.0
-9.75,-78.9,0.0
-9.75,-78.85,0.0
-9.75,-78.8,0.0
-9.75,-78.75,0.0
-9.75,-78.7,0.0
-9.75,-78.65,0.0
-9.75,-78.6,0.0
-9.75,-78.55,0.0
-9.75,-78.5,0.0
-9.75,-78.45,0.0
-9.75,-78.4,0.0
-9.75,-78.35,0.0
-9.75,-78.3,0.0
-9.75,-78.25,66.0
-9.75,-78.2,179.0
-9.75,-78.15,435.0
-9.75,-78.1,418.0
-9.75,-78.05,450.0
-9.75,-78.0,1071.0
-9.75,-77.95,1002.0
-9.75,-77.9,1213.0
-9.75,-77.85,1778.0
-9.75,-77.8,3033.0
-9.75,-77.75,4339.0
-9.75,-77.7,4370.0
-9.75,-77.65,3592.0
-9.75,-77.6,3698.0
-9.75,-77.55,4527.0
-9.75,-77.5,4366.0
-9.75,-77.45,3498.0
-9.75,-77.4,3741.0
-9.75,-77.35,4126.0
-9.75,-77.3,4088.0
-9.75,-77.25,5036.0
-9.75,-77.2,4159.0
-9.75,-77.15,4635.0
-9.75,-77.1,4320.0
-9.75,-77.05,4399.0
-9.75,-77.0,4121.0
-9.75,-76.95,3856.0
-9.75,-76.9,4200.0
-9.75,-76.85,4125.0
-9.75,-76.8,3657.0
-9.75,-76.75,3529.0
-9.75,-76.7,4208.0
-9.75,-76.65,3369.0
-9.75,-76.6,3897.0
-9.75,-76.55,4357.0
-9.75,-76.5,4274.0
-9.75,-76.45,4022.0
-9.75,-76.4,3724.0
-9.75,-76.35,3779.0
-9.75,-76.3,3454.0
-9.75,-76.25,3357.0
-9.75,-76.2,3198.0
-9.75,-76.15,3443.0
-9.75,-76.1,2658.0
-9.75,-76.05,3359.0
-9.75,-76.0,3214.0
-9.75,-75.95,3150.0
-9.75,-75.9,3250.0
-9.75,-75.85,2235.0
-9.75,-75.8,1401.0
-9.75,-75.75,2044.0
-9.75,-75.7,1835.0
-9.75,-75.65,2117.0
-9.75,-75.6,1317.0
-9.75,-75.55,1004.0
-9.75,-75.5,831.0
-9.75,-75.45,414.0
-9.75,-75.4,338.0
-9.75,-75.35,342.0
-9.75,-75.3,305.0
-9.75,-75.25,286.0
-9.75,-75.2,265.0
-9.75,-75.15,272.0
-9.75,-75.1,262.0
-9.75,-75.05,251.0
-9.75,-75.0,245.0
-9.75,-74.95,214.0
-9.75,-74.9,284.0
-9.75,-74.85,340.0
-9.75,-74.8,382.0
-9.75,-74.75,423.0
-9.75,-74.7,656.0
-9.75,-74.65,704.0
-9.75,-74.6,777.0
-9.75,-74.55,889.0
-9.75,-74.5,1093.0
-9.75,-74.45,774.0
-9.75,-74.4,508.0
-9.75,-74.35,341.0
-9.75,-74.3,532.0
-9.75,-74.25,225.0
-9.75,-74.2,170.0
-9.75,-74.15,179.0
-9.75,-74.1,171.0
-9.75,-74.05,168.0
-9.75,-74.0,187.0
-9.75,-73.95,196.0
-9.75,-73.9,209.0
-9.75,-73.85,221.0
-9.75,-73.8,231.0
-9.75,-73.75,220.0
-9.75,-73.7,264.0
-9.75,-73.65,298.0
-9.75,-73.6,319.0
-9.75,-73.55,345.0
-9.75,-73.5,359.0
-9.75,-73.45,303.0
-9.75,-73.4,310.0
-9.75,-73.35,340.0
-9.75,-73.3,325.0
-9.75,-73.25,371.0
-9.75,-73.2,365.0
-9.75,-73.15,339.0
-9.75,-73.1,313.0
-9.75,-73.05,319.0
-9.75,-73.0,336.0
-9.75,-72.95,330.0
-9.75,-72.9,301.0
-9.75,-72.85,307.0
-9.75,-72.8,295.0
-9.75,-72.75,305.0
-9.75,-72.7,250.0
-9.75,-72.65,287.0
-9.75,-72.6,337.0
-9.75,-72.55,328.0
-9.75,-72.5,321.0
-9.75,-72.45,327.0
-9.75,-72.4,323.0
-9.75,-72.35,302.0
-9.75,-72.3,369.0
-9.75,-72.25,414.0
-9.75,-72.2,403.0
-9.75,-72.15,427.0
-9.75,-72.1,407.0
-9.75,-72.05,384.0
-9.75,-72.0,373.0
-9.75,-71.95,356.0
-9.75,-71.9,311.0
-9.75,-71.85,288.0
-9.75,-71.8,322.0
-9.75,-71.75,341.0
-9.75,-71.7,314.0
-9.75,-71.65,286.0
-9.75,-71.6,298.0
-9.75,-71.55,302.0
-9.75,-71.5,298.0
-9.75,-71.45,305.0
-9.75,-71.4,294.0
-9.75,-71.35,316.0
-9.75,-71.3,267.0
-9.75,-71.25,296.0
-9.75,-71.2,287.0
-9.75,-71.15,281.0
-9.75,-71.1,317.0
-9.75,-71.05,290.0
-9.75,-71.0,283.0
-9.75,-70.95,268.0
-9.75,-70.9,271.0
-9.75,-70.85,301.0
-9.75,-70.8,288.0
-9.75,-70.75,246.0
-9.75,-70.7,228.0
-9.75,-70.65,253.0
-9.75,-70.6,294.0
-9.75,-70.55,276.0
-9.75,-70.5,285.0
-9.75,-70.45,294.0
-9.75,-70.4,260.0
-9.75,-70.35,248.0
-9.75,-70.3,219.0
-9.75,-70.25,281.0
-9.75,-70.2,290.0
-9.75,-70.15,226.0
-9.75,-70.1,229.0
-9.75,-70.05,207.0
-9.75,-70.0,249.0
-9.75,-69.95,253.0
-9.75,-69.9,248.0
-9.75,-69.85,222.0
-9.75,-69.8,232.0
-9.75,-69.75,238.0
-9.75,-69.7,240.0
-9.75,-69.65,227.0
-9.75,-69.6,245.0
-9.75,-69.55,264.0
-9.75,-69.5,255.0
-9.75,-69.45,223.0
-9.75,-69.4,242.0
-9.75,-69.35,252.0
-9.75,-69.3,238.0
-9.75,-69.25,207.0
-9.75,-69.2,220.0
-9.75,-69.15,169.0
-9.75,-69.1,194.0
-9.75,-69.05,217.0
-9.75,-69.0,217.0
-9.75,-68.95,237.0
-9.75,-68.9,222.0
-9.75,-68.85,185.0
-9.75,-68.8,182.0
-9.75,-68.75,178.0
-9.75,-68.7,261.0
-9.75,-68.65,265.0
-9.75,-68.6,224.0
-9.75,-68.55,215.0
-9.75,-68.5,217.0
-9.75,-68.45,221.0
-9.75,-68.4,211.0
-9.75,-68.35,220.0
-9.75,-68.3,213.0
-9.75,-68.25,188.0
-9.75,-68.2,171.0
-9.75,-68.15,167.0
-9.75,-68.1,173.0
-9.75,-68.05,188.0
-9.75,-68.0,186.0
-9.5,-79.0,0.0
-9.5,-78.95,0.0
-9.5,-78.9,0.0
-9.5,-78.85,0.0
-9.5,-78.8,0.0
-9.5,-78.75,0.0
-9.5,-78.7,0.0
-9.5,-78.65,0.0
-9.5,-78.6,0.0
-9.5,-78.55,0.0
-9.5,-78.5,0.0
-9.5,-78.45,0.0
-9.5,-78.4,0.0
-9.5,-78.35,0.0
-9.5,-78.3,153.0
-9.5,-78.25,85.0
-9.5,-78.2,367.0
-9.5,-78.15,824.0
-9.5,-78.1,836.0
-9.5,-78.05,668.0
-9.5,-78.0,956.0
-9.5,-77.95,1592.0
-9.5,-77.9,1774.0
-9.5,-77.85,2523.0
-9.5,-77.8,3505.0
-9.5,-77.75,3097.0
-9.5,-77.7,4521.0
-9.5,-77.65,4250.0
-9.5,-77.6,4488.0
-9.5,-77.55,3215.0
-9.5,-77.5,3379.0
-9.5,-77.45,3812.0
-9.5,-77.4,4735.0
-9.5,-77.35,4919.0
-9.5,-77.3,4809.0
-9.5,-77.25,4581.0
-9.5,-77.2,3920.0
-9.5,-77.15,2953.0
-9.5,-77.1,4430.0
-9.5,-77.05,4255.0
-9.5,-77.0,3724.0
-9.5,-76.95,4305.0
-9.5,-76.9,4053.0
-9.5,-76.85,3642.0
-9.5,-76.8,3052.0
-9.5,-76.75,4325.0
-9.5,-76.7,4165.0
-9.5,-76.65,4360.0
-9.5,-76.6,4328.0
-9.5,-76.55,4087.0
-9.5,-76.5,4607.0
-9.5,-76.45,3916.0
-9.5,-76.4,4099.0
-9.5,-76.35,3555.0
-9.5,-76.3,3256.0
-9.5,-76.25,2106.0
-9.5,-76.2,1668.0
-9.5,-76.15,2006.0
-9.5,-76.1,1675.0
-9.5,-76.05,1097.0
-9.5,-76.0,1234.0
-9.5,-75.95,1104.0
-9.5,-75.9,1396.0
-9.5,-75.85,1886.0
-9.5,-75.8,1649.0
-9.5,-75.75,2308.0
-9.5,-75.7,2292.0
-9.5,-75.65,2179.0
-9.5,-75.6,1035.0
-9.5,-75.55,959.0
-9.5,-75.5,431.0
-9.5,-75.45,379.0
-9.5,-75.4,393.0
-9.5,-75.35,276.0
-9.5,-75.3,278.0
-9.5,-75.25,258.0
-9.5,-75.2,282.0
-9.5,-75.15,265.0
-9.5,-75.1,267.0
-9.5,-75.05,238.0
-9.5,-75.0,199.0
-9.5,-74.95,198.0
-9.5,-74.9,316.0
-9.5,-74.85,436.0
-9.5,-74.8,581.0
-9.5,-74.75,696.0
-9.5,-74.7,1156.0
-9.5,-74.65,1314.0
-9.5,-74.6,1850.0
-9.5,-74.55,736.0
-9.5,-74.5,954.0
-9.5,-74.45,263.0
-9.5,-74.4,183.0
-9.5,-74.35,160.0
-9.5,-74.3,172.0
-9.5,-74.25,167.0
-9.5,-74.2,163.0
-9.5,-74.15,179.0
-9.5,-74.1,181.0
-9.5,-74.05,185.0
-9.5,-74.0,197.0
-9.5,-73.95,201.0
-9.5,-73.9,211.0
-9.5,-73.85,225.0
-9.5,-73.8,228.0
-9.5,-73.75,237.0
-9.5,-73.7,245.0
-9.5,-73.65,266.0
-9.5,-73.6,307.0
-9.5,-73.55,322.0
-9.5,-73.5,324.0
-9.5,-73.45,290.0
-9.5,-73.4,330.0
-9.5,-73.35,380.0
-9.5,-73.3,316.0
-9.5,-73.25,326.0
-9.5,-73.2,316.0
-9.5,-73.15,304.0
-9.5,-73.1,328.0
-9.5,-73.05,328.0
-9.5,-73.0,293.0
-9.5,-72.95,275.0
-9.5,-72.9,309.0
-9.5,-72.85,310.0
-9.5,-72.8,300.0
-9.5,-72.75,260.0
-9.5,-72.7,295.0
-9.5,-72.65,306.0
-9.5,-72.6,294.0
-9.5,-72.55,296.0
-9.5,-72.5,302.0
-9.5,-72.45,289.0
-9.5,-72.4,312.0
-9.5,-72.35,285.0
-9.5,-72.3,346.0
-9.5,-72.25,318.0
-9.5,-72.2,361.0
-9.5,-72.15,359.0
-9.5,-72.1,377.0
-9.5,-72.05,405.0
-9.5,-72.0,339.0
-9.5,-71.95,338.0
-9.5,-71.9,361.0
-9.5,-71.85,354.0
-9.5,-71.8,335.0
-9.5,-71.75,358.0
-9.5,-71.7,360.0
-9.5,-71.65,344.0
-9.5,-71.6,324.0
-9.5,-71.55,303.0
-9.5,-71.5,290.0
-9.5,-71.45,291.0
-9.5,-71.4,266.0
-9.5,-71.35,237.0
-9.5,-71.3,279.0
-9.5,-71.25,271.0
-9.5,-71.2,291.0
-9.5,-71.15,272.0
-9.5,-71.1,228.0
-9.5,-71.05,280.0
-9.5,-71.0,267.0
-9.5,-70.95,301.0
-9.5,-70.9,292.0
-9.5,-70.85,272.0
-9.5,-70.8,259.0
-9.5,-70.75,294.0
-9.5,-70.7,284.0
-9.5,-70.65,214.0
-9.5,-70.6,276.0
-9.5,-70.55,217.0
-9.5,-70.5,231.0
-9.5,-70.45,251.0
-9.5,-70.4,271.0
-9.5,-70.35,248.0
-9.5,-70.3,254.0
-9.5,-70.25,248.0
-9.5,-70.2,258.0
-9.5,-70.15,242.0
-9.5,-70.1,217.0
-9.5,-70.05,225.0
-9.5,-70.0,208.0
-9.5,-69.95,239.0
-9.5,-69.9,226.0
-9.5,-69.85,245.0
-9.5,-69.8,243.0
-9.5,-69.75,221.0
-9.5,-69.7,226.0
-9.5,-69.65,213.0
-9.5,-69.6,210.0
-9.5,-69.55,220.0
-9.5,-69.5,209.0
-9.5,-69.45,195.0
-9.5,-69.4,227.0
-9.5,-69.35,231.0
-9.5,-69.3,212.0
-9.5,-69.25,223.0
-9.5,-69.2,241.0
-9.5,-69.15,231.0
-9.5,-69.1,205.0
-9.5,-69.05,218.0
-9.5,-69.0,207.0
-9.5,-68.95,183.0
-9.5,-68.9,184.0
-9.5,-68.85,199.0
-9.5,-68.8,224.0
-9.5,-68.75,167.0
-9.5,-68.7,182.0
-9.5,-68.65,234.0
-9.5,-68.6,241.0
-9.5,-68.55,201.0
-9.5,-68.5,202.0
-9.5,-68.45,234.0
-9.5,-68.4,175.0
-9.5,-68.35,189.0
-9.5,-68.3,176.0
-9.5,-68.25,177.0
-9.5,-68.2,180.0
-9.5,-68.15,171.0
-9.5,-68.1,188.0
-9.5,-68.05,186.0
-9.5,-68.0,191.0
-9.25,-79.0,0.0
-9.25,-78.95,0.0
-9.25,-78.9,0.0
-9.25,-78.85,0.0
-9.25,-78.8,0.0
-9.25,-78.75,0.0
-9.25,-78.7,0.0
-9.25,-78.65,0.0
-9.25,-78.6,0.0
-9.25,-78.55,0.0
-9.25,-78.5,0.0
-9.25,-78.45,28.0
-9.25,-78.4,62.0
-9.25,-78.35,287.0
-9.25,-78.3,274.0
-9.25,-78.25,371.0
-9.25,-78.2,939.0
-9.25,-78.15,1273.0
-9.25,-78.1,1824.0
-9.25,-78.05,2844.0
-9.25,-78.0,3615.0
-9.25,-77.95,4490.0
-9.25,-77.9,4365.0
-9.25,-77.85,4270.0
-9.25,-77.8,4453.0
-9.25,-77.75,3621.0
-9.25,-77.7,3195.0
-9.25,-77.65,2820.0
-9.25,-77.6,3182.0
-9.25,-77.55,4104.0
-9.25,-77.5,5457.0
-9.25,-77.45,4719.0
-9.25,-77.4,4504.0
-9.25,-77.35,4641.0
-9.25,-77.3,4213.0
-9.25,-77.25,4427.0
-9.25,-77.2,4277.0
-9.25,-77.15,4019.0
-9.25,-77.1,3977.0
-9.25,-77.05,4250.0
-9.25,-77.0,2875.0
-9.25,-76.95,3249.0
-9.25,-76.9,3690.0
-9.25,-76.85,4526.0
-9.25,-76.8,4096.0
-9.25,-76.75,4004.0
-9.25,-76.7,3971.0
-9.25,-76.65,3434.0
-9.25,-76.6,2422.0
-9.25,-76.55,1547.0
-9.25,-76.5,1421.0
-9.25,-76.45,1949.0
-9.25,-76.4,1920.0
-9.25,-76.35,1091.0
-9.25,-76.3,1140.0
-9.25,-76.25,1594.0
-9.25,-76.2,1312.0
-9.25,-76.15,1223.0
-9.25,-76.1,873.0
-9.25,-76.05,1035.0
-9.25,-76.0,634.0
-9.25,-75.95,727.0
-9.25,-75.9,787.0
-9.25,-75.85,935.0
-9.25,-75.8,1181.0
-9.25,-75.75,1740.0
-9.25,-75.7,1176.0
-9.25,-75.65,2013.0
-9.25,-75.6,850.0
-9.25,-75.55,504.0
-9.25,-75.5,391.0
-9.25,-75.45,451.0
-9.25,-75.4,353.0
-9.25,-75.35,310.0
-9.25,-75.3,295.0
-9.25,-75.25,282.0
-9.25,-75.2,249.0
-9.25,-75.15,256.0
-9.25,-75.1,259.0
-9.25,-75.05,267.0
-9.25,-75.0,244.0
-9.25,-74.95,201.0
-9.25,-74.9,207.0
-9.25,-74.85,284.0
-9.25,-74.8,458.0
-9.25,-74.75,572.0
-9.25,-74.7,802.0
-9.25,-74.65,1236.0
-9.25,-74.6,1341.0
-9.25,-74.55,401.0
-9.25,-74.5,171.0
-9.25,-74.45,166.0
-9.25,-74.4,176.0
-9.25,-74.35,165.0
-9.25,-74.3,168.0
-9.25,-74.25,168.0
-9.25,-74.2,191.0
-9.25,-74.15,189.0
-9.25,-74.1,167.0
-9.25,-74.05,180.0
-9.25,-74.0,184.0
-9.25,-73.95,188.0
-9.25,-73.9,195.0
-9.25,-73.85,208.0
-9.25,-73.8,212.0
-9.25,-73.75,207.0
-9.25,-73.7,217.0
-9.25,-73.65,218.0
-9.25,-73.6,242.0
-9.25,-73.55,259.0
-9.25,-73.5,270.0
-9.25,-73.45,297.0
-9.25,-73.4,315.0
-9.25,-73.35,253.0
-9.25,-73.3,285.0
-9.25,-73.25,273.0
-9.25,-73.2,268.0
-9.25,-73.15,278.0
-9.25,-73.1,308.0
-9.25,-73.05,279.0
-9.25,-73.0,266.0
-9.25,-72.95,303.0
-9.25,-72.9,261.0
-9.25,-72.85,287.0
-9.25,-72.8,309.0
-9.25,-72.75,290.0
-9.25,-72.7,242.0
-9.25,-72.65,264.0
-9.25,-72.6,302.0
-9.25,-72.55,271.0
-9.25,-72.5,274.0
-9.25,-72.45,277.0
-9.25,-72.4,306.0
-9.25,-72.35,314.0
-9.25,-72.3,334.0
-9.25,-72.25,309.0
-9.25,-72.2,305.0
-9.25,-72.15,320.0
-9.25,-72.1,311.0
-9.25,-72.05,308.0
-9.25,-72.0,287.0
-9.25,-71.95,319.0
-9.25,-71.9,294.0
-9.25,-71.85,322.0
-9.25,-71.8,327.0
-9.25,-71.75,299.0
-9.25,-71.7,316.0
-9.25,-71.65,296.0
-9.25,-71.6,338.0
-9.25,-71.55,317.0
-9.25,-71.5,273.0
-9.25,-71.45,300.0
-9.25,-71.4,325.0
-9.25,-71.35,299.0
-9.25,-71.3,286.0
-9.25,-71.25,322.0
-9.25,-71.2,310.0
-9.25,-71.15,285.0
-9.25,-71.1,288.0
-9.25,-71.05,275.0
-9.25,-71.0,251.0
-9.25,-70.95,234.0
-9.25,-70.9,227.0
-9.25,-70.85,251.0
-9.25,-70.8,262.0
-9.25,-70.75,277.0
-9.25,-70.7,245.0
-9.25,-70.65,259.0
-9.25,-70.6,281.0
-9.25,-70.55,242.0
-9.25,-70.5,248.0
-9.25,-70.45,271.0
-9.25,-70.4,241.0
-9.25,-70.35,237.0
-9.25,-70.3,204.0
-9.25,-70.25,240.0
-9.25,-70.2,251.0
-9.25,-70.15,238.0
-9.25,-70.1,253.0
-9.25,-70.05,251.0
-9.25,-70.0,231.0
-9.25,-69.95,211.0
-9.25,-69.9,186.0
-9.25,-69.85,232.0
-9.25,-69.8,242.0
-9.25,-69.75,222.0
-9.25,-69.7,255.0
-9.25,-69.65,245.0
-9.25,-69.6,227.0
-9.25,-69.55,214.0
-9.25,-69.5,220.0
-9.25,-69.45,233.0
-9.25,-69.4,195.0
-9.25,-69.35,212.0
-9.25,-69.3,184.0
-9.25,-69.25,197.0
-9.25,-69.2,189.0
-9.25,-69.15,211.0
-9.25,-69.1,202.0
-9.25,-69.05,188.0
-9.25,-69.0,185.0
-9.25,-68.95,198.0
-9.25,-68.9,204.0
-9.25,-68.85,200.0
-9.25,-68.8,141.0
-9.25,-68.75,170.0
-9.25,-68.7,159.0
-9.25,-68.65,190.0
-9.25,-68.6,185.0
-9.25,-68.55,187.0
-9.25,-68.5,186.0
-9.25,-68.45,218.0
-9.25,-68.4,213.0
-9.25,-68.35,208.0
-9.25,-68.3,212.0
-9.25,-68.25,171.0
-9.25,-68.2,168.0
-9.25,-68.15,170.0
-9.25,-68.1,172.0
-9.25,-68.05,188.0
-9.25,-68.0,175.0
-9.0,-80.0,0.0
-9.0,-79.95,0.0
-9.0,-79.9,0.0
-9.0,-79.85,0.0
-9.0,-79.8,0.0
-9.0,-79.75,0.0
-9.0,-79.7,0.0
-9.0,-79.65,0.0
-9.0,-79.6,0.0
-9.0,-79.55,0.0
-9.0,-79.5,0.0
-9.0,-79.45,0.0
-9.0,-79.4,0.0
-9.0,-79.35,0.0
-9.0,-79.3,0.0
-9.0,-79.25,0.0
-9.0,-79.2,0.0
-9.0,-79.15,0.0
-9.0,-79.1,0.0
-9.0,-79.05,0.0
-9.0,-79.0,0.0
-9.0,-78.95,0.0
-9.0,-78.9,0.0
-9.0,-78.85,0.0
-9.0,-78.8,0.0
-9.0,-78.75,0.0
-9.0,-78.7,0.0
-9.0,-78.65,0.0
-9.0,-78.6,25.0
-9.0,-78.55,77.0
-9.0,-78.5,168.0
-9.0,-78.45,241.0
-9.0,-78.4,325.0
-9.0,-78.35,938.0
-9.0,-78.3,968.0
-9.0,-78.25,1284.0
-9.0,-78.2,1793.0
-9.0,-78.15,1369.0
-9.0,-78.1,1484.0
-9.0,-78.05,2422.0
-9.0,-78.0,3527.0
-9.0,-77.95,4371.0
-9.0,-77.9,4203.0
-9.0,-77.85,2734.0
-9.0,-77.8,2558.0
-9.0,-77.75,3678.0
-9.0,-77.7,4699.0
-9.0,-77.65,5102.0
-9.0,-77.6,5189.0
-9.0,-77.55,4028.0
-9.0,-77.5,3544.0
-9.0,-77.45,3068.0
-9.0,-77.4,2781.0
-9.0,-77.35,2755.0
-9.0,-77.3,3515.0
-9.0,-77.25,3845.0
-9.0,-77.2,4027.0
-9.0,-77.15,3712.0
-9.0,-77.1,2956.0
-9.0,-77.05,2313.0
-9.0,-77.0,3176.0
-9.0,-76.95,4283.0
-9.0,-76.9,4136.0
-9.0,-76.85,4189.0
-9.0,-76.8,3541.0
-9.0,-76.75,3411.0
-9.0,-76.7,2586.0
-9.0,-76.65,2565.0
-9.0,-76.6,3030.0
-9.0,-76.55,1862.0
-9.0,-76.5,2228.0
-9.0,-76.45,1447.0
-9.0,-76.4,1088.0
-9.0,-76.35,1395.0
-9.0,-76.3,729.0
-9.0,-76.25,998.0
-9.0,-76.2,911.0
-9.0,-76.15,670.0
-9.0,-76.1,567.0
-9.0,-76.05,669.0
-9.0,-76.0,994.0
-9.0,-75.95,1138.0
-9.0,-75.9,2053.0
-9.0,-75.85,1582.0
-9.0,-75.8,1238.0
-9.0,-75.75,756.0
-9.0,-75.7,1441.0
-9.0,-75.65,412.0
-9.0,-75.6,320.0
-9.0,-75.55,341.0
-9.0,-75.5,279.0
-9.0,-75.45,338.0
-9.0,-75.4,282.0
-9.0,-75.35,275.0
-9.0,-75.3,259.0
-9.0,-75.25,290.0
-9.0,-75.2,260.0
-9.0,-75.15,273.0
-9.0,-75.1,271.0
-9.0,-75.05,243.0
-9.0,-75.0,221.0
-9.0,-74.95,213.0
-9.0,-74.9,200.0
-9.0,-74.85,235.0
-9.0,-74.8,217.0
-9.0,-74.75,181.0
-9.0,-74.7,237.0
-9.0,-74.65,281.0
-9.0,-74.6,192.0
-9.0,-74.55,176.0
-9.0,-74.5,161.0
-9.0,-74.45,158.0
-9.0,-74.4,157.0
-9.0,-74.35,169.0
-9.0,-74.3,159.0
-9.0,-74.25,153.0
-9.0,-74.2,154.0
-9.0,-74.15,151.0
-9.0,-74.1,186.0
-9.0,-74.05,178.0
-9.0,-74.0,185.0
-9.0,-73.95,187.0
-9.0,-73.9,181.0
-9.0,-73.85,189.0
-9.0,-73.8,193.0
-9.0,-73.75,198.0
-9.0,-73.7,188.0
-9.0,-73.65,196.0
-9.0,-73.6,195.0
-9.0,-73.55,203.0
-9.0,-73.5,229.0
-9.0,-73.45,241.0
-9.0,-73.4,236.0
-9.0,-73.35,261.0
-9.0,-73.3,264.0
-9.0,-73.25,242.0
-9.0,-73.2,238.0
-9.0,-73.15,247.0
-9.0,-73.1,238.0
-9.0,-73.05,272.0
-9.0,-73.0,277.0
-9.0,-72.95,288.0
-9.0,-72.9,265.0
-9.0,-72.85,217.0
-9.0,-72.8,248.0
-9.0,-72.75,241.0
-9.0,-72.7,228.0
-9.0,-72.65,244.0
-9.0,-72.6,277.0
-9.0,-72.55,264.0
-9.0,-72.5,265.0
-9.0,-72.45,247.0
-9.0,-72.4,279.0
-9.0,-72.35,296.0
-9.0,-72.3,276.0
-9.0,-72.25,282.0
-9.0,-72.2,302.0
-9.0,-72.15,301.0
-9.0,-72.1,284.0
-9.0,-72.05,321.0
-9.0,-72.0,320.0
-9.0,-71.95,303.0
-9.0,-71.9,263.0
-9.0,-71.85,294.0
-9.0,-71.8,298.0
-9.0,-71.75,288.0
-9.0,-71.7,314.0
-9.0,-71.65,306.0
-9.0,-71.6,269.0
-9.0,-71.55,271.0
-9.0,-71.5,289.0
-9.0,-71.45,278.0
-9.0,-71.4,276.0
-9.0,-71.35,295.0
-9.0,-71.3,282.0
-9.0,-71.25,252.0
-9.0,-71.2,308.0
-9.0,-71.15,259.0
-9.0,-71.1,320.0
-9.0,-71.05,294.0
-9.0,-71.0,273.0
-9.0,-70.95,271.0
-9.0,-70.9,230.0
-9.0,-70.85,248.0
-9.0,-70.8,260.0
-9.0,-70.75,260.0
-9.0,-70.7,250.0
-9.0,-70.65,213.0
-9.0,-70.6,236.0
-9.0,-70.55,225.0
-9.0,-70.5,228.0
-9.0,-70.45,247.0
-9.0,-70.4,279.0
-9.0,-70.35,240.0
-9.0,-70.3,238.0
-9.0,-70.25,271.0
-9.0,-70.2,246.0
-9.0,-70.15,262.0
-9.0,-70.1,218.0
-9.0,-70.05,235.0
-9.0,-70.0,234.0
-9.0,-69.95,240.0
-9.0,-69.9,236.0
-9.0,-69.85,240.0
-9.0,-69.8,243.0
-9.0,-69.75,204.0
-9.0,-69.7,184.0
-9.0,-69.65,193.0
-9.0,-69.6,213.0
-9.0,-69.55,179.0
-9.0,-69.5,181.0
-9.0,-69.45,166.0
-9.0,-69.4,185.0
-9.0,-69.35,215.0
-9.0,-69.3,206.0
-9.0,-69.25,211.0
-9.0,-69.2,227.0
-9.0,-69.15,212.0
-9.0,-69.1,204.0
-9.0,-69.05,204.0
-9.0,-69.0,201.0
-9.0,-68.95,171.0
-9.0,-68.9,192.0
-9.0,-68.85,192.0
-9.0,-68.8,196.0
-9.0,-68.75,170.0
-9.0,-68.7,197.0
-9.0,-68.65,172.0
-9.0,-68.6,134.0
-9.0,-68.55,136.0
-9.0,-68.5,147.0
-9.0,-68.45,164.0
-9.0,-68.4,206.0
-9.0,-68.35,194.0
-9.0,-68.3,206.0
-9.0,-68.25,205.0
-9.0,-68.2,196.0
-9.0,-68.15,194.0
-9.0,-68.1,192.0
-9.0,-68.05,173.0
-9.0,-68.0,118.0
-8.75,-80.0,0.0
-8.75,-79.95,0.0
-8.75,-79.9,0.0
-8.75,-79.85,0.0
-8.75,-79.8,0.0
-8.75,-79.75,0.0
-8.75,-79.7,0.0
-8.75,-79.65,0.0
-8.75,-79.6,0.0
-8.75,-79.55,0.0
-8.75,-79.5,0.0
-8.75,-79.45,0.0
-8.75,-79.4,0.0
-8.75,-79.35,0.0
-8.75,-79.3,0.0
-8.75,-79.25,0.0
-8.75,-79.2,0.0
-8.75,-79.15,0.0
-8.75,-79.1,0.0
-8.75,-79.05,0.0
-8.75,-79.0,0.0
-8.75,-78.95,0.0
-8.75,-78.9,0.0
-8.75,-78.85,0.0
-8.75,-78.8,0.0
-8.75,-78.75,4.0
-8.75,-78.7,23.0
-8.75,-78.65,255.0
-8.75,-78.6,445.0
-8.75,-78.55,347.0
-8.75,-78.5,204.0
-8.75,-78.45,268.0
-8.75,-78.4,534.0
-8.75,-78.35,767.0
-8.75,-78.3,1262.0
-8.75,-78.25,1541.0
-8.75,-78.2,3363.0
-8.75,-78.15,2818.0
-8.75,-78.1,1718.0
-8.75,-78.05,3060.0
-8.75,-78.0,3780.0
-8.75,-77.95,2050.0
-8.75,-77.9,1156.0
-8.75,-77.85,3458.0
-8.75,-77.8,3533.0
-8.75,-77.75,4410.0
-8.75,-77.7,4046.0
-8.75,-77.65,4045.0
-8.75,-77.6,4418.0
-8.75,-77.55,3883.0
-8.75,-77.5,3596.0
-8.75,-77.45,4025.0
-8.75,-77.4,4168.0
-8.75,-77.35,3491.0
-8.75,-77.3,4129.0
-8.75,-77.25,2322.0
-8.75,-77.2,2779.0
-8.75,-77.15,3790.0
-8.75,-77.1,3993.0
-8.75,-77.05,4154.0
-8.75,-77.0,3873.0
-8.75,-76.95,3159.0
-8.75,-76.9,3387.0
-8.75,-76.85,3521.0
-8.75,-76.8,3496.0
-8.75,-76.75,2779.0
-8.75,-76.7,2875.0
-8.75,-76.65,3907.0
-8.75,-76.6,3375.0
-8.75,-76.55,2652.0
-8.75,-76.5,2460.0
-8.75,-76.45,1619.0
-8.75,-76.4,877.0
-8.75,-76.35,1301.0
-8.75,-76.3,806.0
-8.75,-76.25,529.0
-8.75,-76.2,538.0
-8.75,-76.15,548.0
-8.75,-76.1,622.0
-8.75,-76.05,1578.0
-8.75,-76.0,1448.0
-8.75,-75.95,1844.0
-8.75,-75.9,1505.0
-8.75,-75.85,1063.0
-8.75,-75.8,1264.0
-8.75,-75.75,944.0
-8.75,-75.7,984.0
-8.75,-75.65,512.0
-8.75,-75.6,359.0
-8.75,-75.55,355.0
-8.75,-75.5,279.0
-8.75,-75.45,273.0
-8.75,-75.4,273.0
-8.75,-75.35,287.0
-8.75,-75.3,237.0
-8.75,-75.25,226.0
-8.75,-75.2,279.0
-8.75,-75.15,306.0
-8.75,-75.1,245.0
-8.75,-75.05,215.0
-8.75,-75.0,229.0
-8.75,-74.95,218.0
-8.75,-74.9,247.0
-8.75,-74.85,245.0
-8.75,-74.8,217.0
-8.75,-74.75,219.0
-8.75,-74.7,161.0
-8.75,-74.65,162.0
-8.75,-74.6,154.0
-8.75,-74.55,158.0
-8.75,-74.5,164.0
-8.75,-74.45,163.0
-8.75,-74.4,159.0
-8.75,-74.35,172.0
-8.75,-74.3,173.0
-8.75,-74.25,178.0
-8.75,-74.2,181.0
-8.75,-74.15,167.0
-8.75,-74.1,156.0
-8.75,-74.05,163.0
-8.75,-74.0,185.0
-8.75,-73.95,173.0
-8.75,-73.9,178.0
-8.75,-73.85,188.0
-8.75,-73.8,193.0
-8.75,-73.75,222.0
-8.75,-73.7,232.0
-8.75,-73.65,230.0
-8.75,-73.6,239.0
-8.75,-73.55,248.0
-8.75,-73.5,232.0
-8.75,-73.45,213.0
-8.75,-73.4,242.0
-8.75,-73.35,255.0
-8.75,-73.3,268.0
-8.75,-73.25,277.0
-8.75,-73.2,275.0
-8.75,-73.15,284.0
-8.75,-73.1,287.0
-8.75,-73.05,285.0
-8.75,-73.0,266.0
-8.75,-72.95,248.0
-8.75,-72.9,229.0
-8.75,-72.85,226.0
-8.75,-72.8,226.0
-8.75,-72.75,261.0
-8.75,-72.7,242.0
-8.75,-72.65,238.0
-8.75,-72.6,261.0
-8.75,-72.55,259.0
-8.75,-72.5,263.0
-8.75,-72.45,268.0
-8.75,-72.4,283.0
-8.75,-72.35,278.0
-8.75,-72.3,301.0
-8.75,-72.25,278.0
-8.75,-72.2,301.0
-8.75,-72.15,313.0
-8.75,-72.1,308.0
-8.75,-72.05,305.0
-8.75,-72.0,312.0
-8.75,-71.95,316.0
-8.75,-71.9,291.0
-8.75,-71.85,317.0
-8.75,-71.8,314.0
-8.75,-71.75,267.0
-8.75,-71.7,259.0
-8.75,-71.65,276.0
-8.75,-71.6,281.0
-8.75,-71.55,281.0
-8.75,-71.5,310.0
-8.75,-71.45,334.0
-8.75,-71.4,319.0
-8.75,-71.35,260.0
-8.75,-71.3,264.0
-8.75,-71.25,259.0
-8.75,-71.2,249.0
-8.75,-71.15,259.0
-8.75,-71.1,232.0
-8.75,-71.05,221.0
-8.75,-71.0,253.0
-8.75,-70.95,254.0
-8.75,-70.9,266.0
-8.75,-70.85,225.0
-8.75,-70.8,191.0
-8.75,-70.75,244.0
-8.75,-70.7,224.0
-8.75,-70.65,236.0
-8.75,-70.6,214.0
-8.75,-70.55,197.0
-8.75,-70.5,232.0
-8.75,-70.45,229.0
-8.75,-70.4,246.0
-8.75,-70.35,229.0
-8.75,-70.3,206.0
-8.75,-70.25,218.0
-8.75,-70.2,237.0
-8.75,-70.15,218.0
-8.75,-70.1,228.0
-8.75,-70.05,232.0
-8.75,-70.0,190.0
-8.75,-69.95,223.0
-8.75,-69.9,237.0
-8.75,-69.85,232.0
-8.75,-69.8,225.0
-8.75,-69.75,222.0
-8.75,-69.7,243.0
-8.75,-69.65,233.0
-8.75,-69.6,228.0
-8.75,-69.55,234.0
-8.75,-69.5,220.0
-8.75,-69.45,208.0
-8.75,-69.4,194.0
-8.75,-69.35,194.0
-8.75,-69.3,207.0
-8.75,-69.25,207.0
-8.75,-69.2,189.0
-8.75,-69.15,189.0
-8.75,-69.1,163.0
-8.75,-69.05,164.0
-8.75,-69.0,157.0
-8.75,-68.95,162.0
-8.75,-68.9,171.0
-8.75,-68.85,191.0
-8.75,-68.8,192.0
-8.75,-68.75,190.0
-8.75,-68.7,207.0
-8.75,-68.65,200.0
-8.75,-68.6,197.0
-8.75,-68.55,190.0
-8.75,-68.5,194.0
-8.75,-68.45,178.0
-8.75,-68.4,179.0
-8.75,-68.35,178.0
-8.75,-68.3,176.0
-8.75,-68.25,169.0
-8.75,-68.2,184.0
-8.75,-68.15,177.0
-8.75,-68.1,209.0
-8.75,-68.05,184.0
-8.75,-68.0,189.0
-8.5,-80.0,0.0
-8.5,-79.95,0.0
-8.5,-79.9,0.0
-8.5,-79.85,0.0
-8.5,-79.8,0.0
-8.5,-79.75,0.0
-8.5,-79.7,0.0
-8.5,-79.65,0.0
-8.5,-79.6,0.0
-8.5,-79.55,0.0
-8.5,-79.5,0.0
-8.5,-79.45,0.0
-8.5,-79.4,0.0
-8.5,-79.35,0.0
-8.5,-79.3,0.0
-8.5,-79.25,0.0
-8.5,-79.2,0.0
-8.5,-79.15,0.0
-8.5,-79.1,0.0
-8.5,-79.05,0.0
-8.5,-79.0,0.0
-8.5,-78.95,0.0
-8.5,-78.9,0.0
-8.5,-78.85,6.0
-8.5,-78.8,145.0
-8.5,-78.75,220.0
-8.5,-78.7,203.0
-8.5,-78.65,129.0
-8.5,-78.6,244.0
-8.5,-78.55,563.0
-8.5,-78.5,630.0
-8.5,-78.45,1076.0
-8.5,-78.4,2085.0
-8.5,-78.35,2396.0
-8.5,-78.3,3366.0
-8.5,-78.25,2199.0
-8.5,-78.2,1308.0
-8.5,-78.15,1220.0
-8.5,-78.1,1756.0
-8.5,-78.05,2770.0
-8.5,-78.0,3740.0
-8.5,-77.95,4339.0
-8.5,-77.9,3572.0
-8.5,-77.85,3246.0
-8.5,-77.8,3349.0
-8.5,-77.75,4301.0
-8.5,-77.7,4097.0
-8.5,-77.65,3349.0
-8.5,-77.6,3623.0
-8.5,-77.55,4234.0
-8.5,-77.5,4275.0
-8.5,-77.45,3439.0
-8.5,-77.4,2705.0
-8.5,-77.35,2830.0
-8.5,-77.3,2792.0
-8.5,-77.25,3291.0
-8.5,-77.2,3012.0
-8.5,-77.15,3887.0
-8.5,-77.1,3843.0
-8.5,-77.05,3800.0
-8.5,-77.0,3158.0
-8.5,-76.95,3198.0
-8.5,-76.9,3673.0
-8.5,-76.85,2904.0
-8.5,-76.8,3310.0
-8.5,-76.75,3490.0
-8.5,-76.7,3017.0
-8.5,-76.65,2442.0
-8.5,-76.6,1660.0
-8.5,-76.55,960.0
-8.5,-76.5,930.0
-8.5,-76.45,646.0
-8.5,-76.4,546.0
-8.5,-76.35,514.0
-8.5,-76.3,622.0
-8.5,-76.25,893.0
-8.5,-76.2,868.0
-8.5,-76.15,1024.0
-8.5,-76.1,1670.0
-8.5,-76.05,1362.0
-8.5,-76.0,1626.0
-8.5,-75.95,1585.0
-8.5,-75.9,934.0
-8.5,-75.85,1210.0
-8.5,-75.8,753.0
-8.5,-75.75,944.0
-8.5,-75.7,1224.0
-8.5,-75.65,345.0
-8.5,-75.6,289.0
-8.5,-75.55,238.0
-8.5,-75.5,275.0
-8.5,-75.45,270.0
-8.5,-75.4,269.0
-8.5,-75.35,291.0
-8.5,-75.3,321.0
-8.5,-75.25,208.0
-8.5,-75.2,246.0
-8.5,-75.15,266.0
-8.5,-75.1,207.0
-8.5,-75.05,180.0
-8.5,-75.0,171.0
-8.5,-74.95,198.0
-8.5,-74.9,191.0
-8.5,-74.85,206.0
-8.5,-74.8,204.0
-8.5,-74.75,178.0
-8.5,-74.7,169.0
-8.5,-74.65,164.0
-8.5,-74.6,158.0
-8.5,-74.55,155.0
-8.5,-74.5,154.0
-8.5,-74.45,155.0
-8.5,-74.4,154.0
-8.5,-74.35,158.0
-8.5,-74.3,143.0
-8.5,-74.25,163.0
-8.5,-74.2,157.0
-8.5,-74.15,156.0
-8.5,-74.1,164.0
-8.5,-74.05,184.0
-8.5,-74.0,196.0
-8.5,-73.95,209.0
-8.5,-73.9,213.0
-8.5,-73.85,220.0
-8.5,-73.8,258.0
-8.5,-73.75,260.0
-8.5,-73.7,268.0
-8.5,-73.65,238.0
-8.5,-73.6,273.0
-8.5,-73.55,256.0
-8.5,-73.5,231.0
-8.5,-73.45,256.0
-8.5,-73.4,242.0
-8.5,-73.35,344.0
-8.5,-73.3,297.0
-8.5,-73.25,258.0
-8.5,-73.2,266.0
-8.5,-73.15,250.0
-8.5,-73.1,244.0
-8.5,-73.05,240.0
-8.5,-73.0,245.0
-8.5,-72.95,244.0
-8.5,-72.9,230.0
-8.5,-72.85,207.0
-8.5,-72.8,208.0
-8.5,-72.75,236.0
-8.5,-72.7,235.0
-8.5,-72.65,243.0
-8.5,-72.6,252.0
-8.5,-72.55,250.0
-8.5,-72.5,236.0
-8.5,-72.45,221.0
-8.5,-72.4,237.0
-8.5,-72.35,250.0
-8.5,-72.3,260.0
-8.5,-72.25,281.0
-8.5,-72.2,271.0
-8.5,-72.15,260.0
-8.5,-72.1,261.0
-8.5,-72.05,272.0
-8.5,-72.0,267.0
-8.5,-71.95,283.0
-8.5,-71.9,288.0
-8.5,-71.85,294.0
-8.5,-71.8,287.0
-8.5,-71.75,299.0
-8.5,-71.7,311.0
-8.5,-71.65,296.0
-8.5,-71.6,292.0
-8.5,-71.55,261.0
-8.5,-71.5,268.0
-8.5,-71.45,242.0
-8.5,-71.4,233.0
-8.5,-71.35,281.0
-8.5,-71.3,260.0
-8.5,-71.25,256.0
-8.5,-71.2,294.0
-8.5,-71.15,246.0
-8.5,-71.1,254.0
-8.5,-71.05,257.0
-8.5,-71.0,234.0
-8.5,-70.95,224.0
-8.5,-70.9,233.0
-8.5,-70.85,219.0
-8.5,-70.8,231.0
-8.5,-70.75,227.0
-8.5,-70.7,251.0
-8.5,-70.65,213.0
-8.5,-70.6,183.0
-8.5,-70.55,189.0
-8.5,-70.5,199.0
-8.5,-70.45,238.0
-8.5,-70.4,218.0
-8.5,-70.35,228.0
-8.5,-70.3,220.0
-8.5,-70.25,211.0
-8.5,-70.2,232.0
-8.5,-70.15,223.0
-8.5,-70.1,241.0
-8.5,-70.05,213.0
-8.5,-70.0,207.0
-8.5,-69.95,193.0
-8.5,-69.9,197.0
-8.5,-69.85,201.0
-8.5,-69.8,209.0
-8.5,-69.75,220.0
-8.5,-69.7,210.0
-8.5,-69.65,234.0
-8.5,-69.6,233.0
-8.5,-69.55,202.0
-8.5,-69.5,189.0
-8.5,-69.45,190.0
-8.5,-69.4,219.0
-8.5,-69.35,212.0
-8.5,-69.3,229.0
-8.5,-69.25,215.0
-8.5,-69.2,220.0
-8.5,-69.15,215.0
-8.5,-69.1,236.0
-8.5,-69.05,208.0
-8.5,-69.0,208.0
-8.5,-68.95,211.0
-8.5,-68.9,215.0
-8.5,-68.85,197.0
-8.5,-68.8,199.0
-8.5,-68.75,212.0
-8.5,-68.7,190.0
-8.5,-68.65,208.0
-8.5,-68.6,213.0
-8.5,-68.55,194.0
-8.5,-68.5,237.0
-8.5,-68.45,200.0
-8.5,-68.4,216.0
-8.5,-68.35,208.0
-8.5,-68.3,211.0
-8.5,-68.25,181.0
-8.5,-68.2,168.0
-8.5,-68.15,158.0
-8.5,-68.1,158.0
-8.5,-68.05,187.0
-8.5,-68.0,199.0
-8.25,-80.0,0.0
-8.25,-79.95,0.0
-8.25,-79.9,0.0
-8.25,-79.85,0.0
-8.25,-79.8,0.0
-8.25,-79.75,0.0
-8.25,-79.7,0.0
-8.25,-79.65,0.0
-8.25,-79.6,0.0
-8.25,-79.55,0.0
-8.25,-79.5,0.0
-8.25,-79.45,0.0
-8.25,-79.4,0.0
-8.25,-79.35,0.0
-8.25,-79.3,0.0
-8.25,-79.25,0.0
-8.25,-79.2,0.0
-8.25,-79.15,0.0
-8.25,-79.1,0.0
-8.25,-79.05,0.0
-8.25,-79.0,0.0
-8.25,-78.95,145.0
-8.25,-78.9,156.0
-8.25,-78.85,511.0
-8.25,-78.8,964.0
-8.25,-78.75,516.0
-8.25,-78.7,776.0
-8.25,-78.65,1402.0
-8.25,-78.6,2505.0
-8.25,-78.55,1928.0
-8.25,-78.5,3184.0
-8.25,-78.45,3493.0
-8.25,-78.4,3001.0
-8.25,-78.35,3672.0
-8.25,-78.3,4069.0
-8.25,-78.25,4001.0
-8.25,-78.2,3815.0
-8.25,-78.15,2691.0
-8.25,-78.1,2564.0
-8.25,-78.05,2255.0
-8.25,-78.0,3068.0
-8.25,-77.95,3745.0
-8.25,-77.9,3642.0
-8.25,-77.85,3669.0
-8.25,-77.8,4021.0
-8.25,-77.75,4005.0
-8.25,-77.7,4230.0
-8.25,-77.65,3767.0
-8.25,-77.6,3236.0
-8.25,-77.55,2503.0
-8.25,-77.5,2290.0
-8.25,-77.45,2146.0
-8.25,-77.4,3318.0
-8.25,-77.35,3598.0
-8.25,-77.3,2861.0
-8.25,-77.25,3624.0
-8.25,-77.2,3679.0
-8.25,-77.15,3797.0
-8.25,-77.1,3296.0
-8.25,-77.05,3191.0
-8.25,-77.0,1988.0
-8.25,-76.95,2284.0
-8.25,-76.9,3060.0
-8.25,-76.85,3113.0
-8.25,-76.8,2714.0
-8.25,-76.75,2164.0
-8.25,-76.7,1490.0
-8.25,-76.65,947.0
-8.25,-76.6,531.0
-8.25,-76.55,491.0
-8.25,-76.5,482.0
-8.25,-76.45,494.0
-8.25,-76.4,689.0
-8.25,-76.35,792.0
-8.25,-76.3,824.0
-8.25,-76.25,1111.0
-8.25,-76.2,1333.0
-8.25,-76.15,1345.0
-8.25,-76.1,1121.0
-8.25,-76.05,1567.0
-8.25,-76.0,1700.0
-8.25,-75.95,1420.0
-8.25,-75.9,1701.0
-8.25,-75.85,1307.0
-8.25,-75.8,1015.0
-8.25,-75.75,588.0
-8.25,-75.7,413.0
-8.25,-75.65,224.0
-8.25,-75.6,292.0
-8.25,-75.55,260.0
-8.25,-75.5,272.0
-8.25,-75.45,285.0
-8.25,-75.4,372.0
-8.25,-75.35,287.0
-8.25,-75.3,271.0
-8.25,-75.25,273.0
-8.25,-75.2,253.0
-8.25,-75.15,246.0
-8.25,-75.1,218.0
-8.25,-75.05,208.0
-8.25,-75.0,193.0
-8.25,-74.95,176.0
-8.25,-74.9,169.0
-8.25,-74.85,156.0
-8.25,-74.8,172.0
-8.25,-74.75,179.0
-8.25,-74.7,153.0
-8.25,-74.65,153.0
-8.25,-74.6,155.0
-8.25,-74.55,146.0
-8.25,-74.5,146.0
-8.25,-74.45,151.0
-8.25,-74.4,152.0
-8.25,-74.35,152.0
-8.25,-74.3,160.0
-8.25,-74.25,163.0
-8.25,-74.2,171.0
-8.25,-74.15,186.0
-8.25,-74.1,210.0
-8.25,-74.05,209.0
-8.25,-74.0,230.0
-8.25,-73.95,209.0
-8.25,-73.9,261.0
-8.25,-73.85,236.0
-8.25,-73.8,240.0
-8.25,-73.75,223.0
-8.25,-73.7,226.0
-8.25,-73.65,222.0
-8.25,-73.6,229.0
-8.25,-73.55,257.0
-8.25,-73.5,256.0
-8.25,-73.45,247.0
-8.25,-73.4,236.0
-8.25,-73.35,236.0
-8.25,-73.3,218.0
-8.25,-73.25,213.0
-8.25,-73.2,225.0
-8.25,-73.15,215.0
-8.25,-73.1,213.0
-8.25,-73.05,211.0
-8.25,-73.0,215.0
-8.25,-72.95,221.0
-8.25,-72.9,218.0
-8.25,-72.85,227.0
-8.25,-72.8,236.0
-8.25,-72.75,204.0
-8.25,-72.7,207.0
-8.25,-72.65,208.0
-8.25,-72.6,242.0
-8.25,-72.55,203.0
-8.25,-72.5,211.0
-8.25,-72.45,216.0
-8.25,-72.4,232.0
-8.25,-72.35,223.0
-8.25,-72.3,241.0
-8.25,-72.25,246.0
-8.25,-72.2,259.0
-8.25,-72.15,243.0
-8.25,-72.1,231.0
-8.25,-72.05,235.0
-8.25,-72.0,229.0
-8.25,-71.95,240.0
-8.25,-71.9,257.0
-8.25,-71.85,300.0
-8.25,-71.8,265.0
-8.25,-71.75,245.0
-8.25,-71.7,250.0
-8.25,-71.65,244.0
-8.25,-71.6,277.0
-8.25,-71.55,276.0
-8.25,-71.5,264.0
-8.25,-71.45,290.0
-8.25,-71.4,285.0
-8.25,-71.35,294.0
-8.25,-71.3,282.0
-8.25,-71.25,255.0
-8.25,-71.2,270.0
-8.25,-71.15,230.0
-8.25,-71.1,237.0
-8.25,-71.05,207.0
-8.25,-71.0,204.0
-8.25,-70.95,180.0
-8.25,-70.9,231.0
-8.25,-70.85,221.0
-8.25,-70.8,224.0
-8.25,-70.75,197.0
-8.25,-70.7,225.0
-8.25,-70.65,247.0
-8.25,-70.6,242.0
-8.25,-70.55,220.0
-8.25,-70.5,203.0
-8.25,-70.45,203.0
-8.25,-70.4,192.0
-8.25,-70.35,192.0
-8.25,-70.3,199.0
-8.25,-70.25,218.0
-8.25,-70.2,217.0
-8.25,-70.15,203.0
-8.25,-70.1,201.0
-8.25,-70.05,200.0
-8.25,-70.0,186.0
-8.25,-69.95,186.0
-8.25,-69.9,205.0
-8.25,-69.85,190.0
-8.25,-69.8,188.0
-8.25,-69.75,216.0
-8.25,-69.7,205.0
-8.25,-69.65,174.0
-8.25,-69.6,185.0
-8.25,-69.55,210.0
-8.25,-69.5,194.0
-8.25,-69.45,186.0
-8.25,-69.4,173.0
-8.25,-69.35,171.0
-8.25,-69.3,186.0
-8.25,-69.25,195.0
-8.25,-69.2,194.0
-8.25,-69.15,190.0
-8.25,-69.1,176.0
-8.25,-69.05,178.0
-8.25,-69.0,183.0
-8.25,-68.95,171.0
-8.25,-68.9,188.0
-8.25,-68.85,214.0
-8.25,-68.8,201.0
-8.25,-68.75,184.0
-8.25,-68.7,195.0
-8.25,-68.65,186.0
-8.25,-68.6,196.0
-8.25,-68.55,165.0
-8.25,-68.5,154.0
-8.25,-68.45,185.0
-8.25,-68.4,177.0
-8.25,-68.35,174.0
-8.25,-68.3,179.0
-8.25,-68.25,187.0
-8.25,-68.2,198.0
-8.25,-68.15,174.0
-8.25,-68.1,189.0
-8.25,-68.05,153.0
-8.25,-68.0,181.0
-8.0,-80.0,0.0
-8.0,-79.95,0.0
-8.0,-79.9,0.0
-8.0,-79.85,0.0
-8.0,-79.8,0.0
-8.0,-79.75,0.0
-8.0,-79.7,0.0
-8.0,-79.65,0.0
-8.0,-79.6,0.0
-8.0,-79.55,0.0
-8.0,-79.5,0.0
-8.0,-79.45,0.0
-8.0,-79.4,0.0
-8.0,-79.35,0.0
-8.0,-79.3,0.0
-8.0,-79.25,0.0
-8.0,-79.2,16.0
-8.0,-79.15,120.0
-8.0,-79.1,311.0
-8.0,-79.05,215.0
-8.0,-79.0,382.0
-8.0,-78.95,1045.0
-8.0,-78.9,1282.0
-8.0,-78.85,409.0
-8.0,-78.8,842.0
-8.0,-78.75,809.0
-8.0,-78.7,1492.0
-8.0,-78.65,2367.0
-8.0,-78.6,3378.0
-8.0,-78.55,3128.0
-8.0,-78.5,2889.0
-8.0,-78.45,3407.0
-8.0,-78.4,3468.0
-8.0,-78.35,3605.0
-8.0,-78.3,4142.0
-8.0,-78.25,3991.0
-8.0,-78.2,3972.0
-8.0,-78.15,3719.0
-8.0,-78.1,3830.0
-8.0,-78.05,3883.0
-8.0,-78.0,3950.0
-8.0,-77.95,3767.0
-8.0,-77.9,3782.0
-8.0,-77.85,3817.0
-8.0,-77.8,3707.0
-8.0,-77.75,2570.0
-8.0,-77.7,2653.0
-8.0,-77.65,1964.0
-8.0,-77.6,2275.0
-8.0,-77.55,3180.0
-8.0,-77.5,3038.0
-8.0,-77.45,4066.0
-8.0,-77.4,3962.0
-8.0,-77.35,3755.0
-8.0,-77.3,3414.0
-8.0,-77.25,3842.0
-8.0,-77.2,3560.0
-8.0,-77.15,3647.0
-8.0,-77.1,3424.0
-8.0,-77.05,2457.0
-8.0,-77.0,2347.0
-8.0,-76.95,2470.0
-8.0,-76.9,2185.0
-8.0,-76.85,1207.0
-8.0,-76.8,1648.0
-8.0,-76.75,1131.0
-8.0,-76.7,605.0
-8.0,-76.65,478.0
-8.0,-76.6,1378.0
-8.0,-76.55,1571.0
-8.0,-76.5,1123.0
-8.0,-76.45,1285.0
-8.0,-76.4,1212.0
-8.0,-76.35,1120.0
-8.0,-76.3,1396.0
-8.0,-76.25,965.0
-8.0,-76.2,764.0
-8.0,-76.15,1557.0
-8.0,-76.1,1322.0
-8.0,-76.05,1308.0
-8.0,-76.0,1006.0
-8.0,-75.95,1019.0
-8.0,-75.9,1016.0
-8.0,-75.85,1170.0
-8.0,-75.8,303.0
-8.0,-75.75,245.0
-8.0,-75.7,220.0
-8.0,-75.65,216.0
-8.0,-75.6,218.0
-8.0,-75.55,204.0
-8.0,-75.5,237.0
-8.0,-75.45,291.0
-8.0,-75.4,235.0
-8.0,-75.35,196.0
-8.0,-75.3,224.0
-8.0,-75.25,232.0
-8.0,-75.2,236.0
-8.0,-75.15,205.0
-8.0,-75.1,187.0
-8.0,-75.05,176.0
-8.0,-75.0,167.0
-8.0,-74.95,162.0
-8.0,-74.9,156.0
-8.0,-74.85,158.0
-8.0,-74.8,145.0
-8.0,-74.75,153.0
-8.0,-74.7,137.0
-8.0,-74.65,152.0
-8.0,-74.6,156.0
-8.0,-74.55,141.0
-8.0,-74.5,158.0
-8.0,-74.45,166.0
-8.0,-74.4,181.0
-8.0,-74.35,169.0
-8.0,-74.3,221.0
-8.0,-74.25,165.0
-8.0,-74.2,185.0
-8.0,-74.15,190.0
-8.0,-74.1,216.0
-8.0,-74.05,242.0
-8.0,-74.0,261.0
-8.0,-73.95,251.0
-8.0,-73.9,771.0
-8.0,-73.85,278.0
-8.0,-73.8,255.0
-8.0,-73.75,276.0
-8.0,-73.7,265.0
-8.0,-73.65,326.0
-8.0,-73.6,306.0
-8.0,-73.55,269.0
-8.0,-73.5,271.0
-8.0,-73.45,259.0
-8.0,-73.4,246.0
-8.0,-73.35,235.0
-8.0,-73.3,238.0
-8.0,-73.25,227.0
-8.0,-73.2,239.0
-8.0,-73.15,252.0
-8.0,-73.1,240.0
-8.0,-73.05,232.0
-8.0,-73.0,234.0
-8.0,-72.95,235.0
-8.0,-72.9,229.0
-8.0,-72.85,210.0
-8.0,-72.8,204.0
-8.0,-72.75,199.0
-8.0,-72.7,225.0
-8.0,-72.65,238.0
-8.0,-72.6,232.0
-8.0,-72.55,235.0
-8.0,-72.5,212.0
-8.0,-72.45,211.0
-8.0,-72.4,199.0
-8.0,-72.35,247.0
-8.0,-72.3,245.0
-8.0,-72.25,252.0
-8.0,-72.2,247.0
-8.0,-72.15,232.0
-8.0,-72.1,203.0
-8.0,-72.05,201.0
-8.0,-72.0,238.0
-8.0,-71.95,233.0
-8.0,-71.9,239.0
-8.0,-71.85,245.0
-8.0,-71.8,249.0
-8.0,-71.75,238.0
-8.0,-71.7,221.0
-8.0,-71.65,260.0
-8.0,-71.6,246.0
-8.0,-71.55,232.0
-8.0,-71.5,214.0
-8.0,-71.45,247.0
-8.0,-71.4,246.0
-8.0,-71.35,252.0
-8.0,-71.3,305.0
-8.0,-71.25,248.0
-8.0,-71.2,234.0
-8.0,-71.15,246.0
-8.0,-71.1,250.0
-8.0,-71.05,229.0
-8.0,-71.0,219.0
-8.0,-70.95,220.0
-8.0,-70.9,233.0
-8.0,-70.85,217.0
-8.0,-70.8,256.0
-8.0,-70.75,204.0
-8.0,-70.7,168.0
-8.0,-70.65,186.0
-8.0,-70.6,196.0
-8.0,-70.55,203.0
-8.0,-70.5,236.0
-8.0,-70.45,253.0
-8.0,-70.4,219.0
-8.0,-70.35,224.0
-8.0,-70.3,187.0
-8.0,-70.25,175.0
-8.0,-70.2,182.0
-8.0,-70.15,190.0
-8.0,-70.1,203.0
-8.0,-70.05,209.0
-8.0,-70.0,189.0
-8.0,-69.95,184.0
-8.0,-69.9,175.0
-8.0,-69.85,177.0
-8.0,-69.8,205.0
-8.0,-69.75,201.0
-8.0,-69.7,181.0
-8.0,-69.65,187.0
-8.0,-69.6,185.0
-8.0,-69.55,187.0
-8.0,-69.5,197.0
-8.0,-69.45,206.0
-8.0,-69.4,181.0
-8.0,-69.35,194.0
-8.0,-69.3,182.0
-8.0,-69.25,175.0
-8.0,-69.2,170.0
-8.0,-69.15,173.0
-8.0,-69.1,197.0
-8.0,-69.05,211.0
-8.0,-69.0,200.0
-8.0,-68.95,203.0
-8.0,-68.9,168.0
-8.0,-68.85,184.0
-8.0,-68.8,208.0
-8.0,-68.75,227.0
-8.0,-68.7,226.0
-8.0,-68.65,194.0
-8.0,-68.6,197.0
-8.0,-68.55,185.0
-8.0,-68.5,193.0
-8.0,-68.45,206.0
-8.0,-68.4,184.0
-8.0,-68.35,187.0
-8.0,-68.3,149.0
-8.0,-68.25,177.0
-8.0,-68.2,196.0
-8.0,-68.15,192.0
-8.0,-68.1,183.0
-8.0,-68.05,177.0
-8.0,-68.0,168.0
-7.75,-80.0,0.0
-7.75,-79.95,0.0
-7.75,-79.9,0.0
-7.75,-79.85,0.0
-7.75,-79.8,0.0
-7.75,-79.75,0.0
-7.75,-79.7,0.0
-7.75,-79.65,0.0
-7.75,-79.6,0.0
-7.75,-79.55,0.0
-7.75,-79.5,0.0
-7.75,-79.45,0.0
-7.75,-79.4,8.0
-7.75,-79.35,33.0
-7.75,-79.3,72.0
-7.75,-79.25,148.0
-7.75,-79.2,131.0
-7.75,-79.15,170.0
-7.75,-79.1,197.0
-7.75,-79.05,299.0
-7.75,-79.0,362.0
-7.75,-78.95,607.0
-7.75,-78.9,842.0
-7.75,-78.85,1173.0
-7.75,-78.8,1899.0
-7.75,-78.75,2409.0
-7.75,-78.7,3540.0
-7.75,-78.65,3004.0
-7.75,-78.6,2403.0
-7.75,-78.55,1695.0
-7.75,-78.5,1504.0
-7.75,-78.45,2280.0
-7.75,-78.4,2136.0
-7.75,-78.35,3351.0
-7.75,-78.3,3242.0
-7.75,-78.25,3841.0
-7.75,-78.2,3468.0
-7.75,-78.15,3247.0
-7.75,-78.1,2614.0
-7.75,-78.05,2819.0
-7.75,-78.0,3261.0
-7.75,-77.95,3619.0
-7.75,-77.9,3205.0
-7.75,-77.85,2722.0
-7.75,-77.8,3984.0
-7.75,-77.75,3197.0
-7.75,-77.7,2611.0
-7.75,-77.65,1999.0
-7.75,-77.6,3290.0
-7.75,-77.55,3627.0
-7.75,-77.5,4061.0
-7.75,-77.45,3924.0
-7.75,-77.4,3740.0
-7.75,-77.35,3268.0
-7.75,-77.3,3082.0
-7.75,-77.25,1922.0
-7.75,-77.2,2722.0
-7.75,-77.15,2391.0
-7.75,-77.1,2401.0
-7.75,-77.05,2054.0
-7.75,-77.0,1903.0
-7.75,-76.95,1301.0
-7.75,-76.9,1643.0
-7.75,-76.85,1404.0
-7.75,-76.8,1005.0
-7.75,-76.75,623.0
-7.75,-76.7,536.0
-7.75,-76.65,762.0
-7.75,-76.6,1088.0
-7.75,-76.55,604.0
-7.75,-76.5,467.0
-7.75,-76.45,872.0
-7.75,-76.4,1418.0
-7.75,-76.35,783.0
-7.75,-76.3,728.0
-7.75,-76.25,1128.0
-7.75,-76.2,970.0
-7.75,-76.15,747.0
-7.75,-76.1,1090.0
-7.75,-76.05,664.0
-7.75,-76.0,754.0
-7.75,-75.95,719.0
-7.75,-75.9,658.0
-7.75,-75.85,415.0
-7.75,-75.8,625.0
-7.75,-75.75,682.0
-7.75,-75.7,215.0
-7.75,-75.65,224.0
-7.75,-75.6,263.0
-7.75,-75.55,298.0
-7.75,-75.5,270.0
-7.75,-75.45,197.0
-7.75,-75.4,186.0
-7.75,-75.35,166.0
-7.75,-75.3,161.0
-7.75,-75.25,160.0
-7.75,-75.2,150.0
-7.75,-75.15,150.0
-7.75,-75.1,134.0
-7.75,-75.05,147.0
-7.75,-75.0,133.0
-7.75,-74.95,148.0
-7.75,-74.9,151.0
-7.75,-74.85,152.0
-7.75,-74.8,156.0
-7.75,-74.75,162.0
-7.75,-74.7,185.0
-7.75,-74.65,221.0
-7.75,-74.6,228.0
-7.75,-74.55,223.0
-7.75,-74.5,206.0
-7.75,-74.45,227.0
-7.75,-74.4,231.0
-7.75,-74.35,231.0
-7.75,-74.3,211.0
-7.75,-74.25,226.0
-7.75,-74.2,229.0
-7.75,-74.15,245.0
-7.75,-74.1,219.0
-7.75,-74.05,253.0
-7.75,-74.0,245.0
-7.75,-73.95,243.0
-7.75,-73.9,232.0
-7.75,-73.85,303.0
-7.75,-73.8,295.0
-7.75,-73.75,354.0
-7.75,-73.7,397.0
-7.75,-73.65,298.0
-7.75,-73.6,284.0
-7.75,-73.55,277.0
-7.75,-73.5,256.0
-7.75,-73.45,255.0
-7.75,-73.4,232.0
-7.75,-73.35,237.0
-7.75,-73.3,245.0
-7.75,-73.25,248.0
-7.75,-73.2,254.0
-7.75,-73.15,246.0
-7.75,-73.1,266.0
-7.75,-73.05,245.0
-7.75,-73.0,233.0
-7.75,-72.95,241.0
-7.75,-72.9,221.0
-7.75,-72.85,229.0
-7.75,-72.8,240.0
-7.75,-72.75,214.0
-7.75,-72.7,225.0
-7.75,-72.65,182.0
-7.75,-72.6,194.0
-7.75,-72.55,192.0
-7.75,-72.5,184.0
-7.75,-72.45,199.0
-7.75,-72.4,204.0
-7.75,-72.35,240.0
-7.75,-72.3,240.0
-7.75,-72.25,200.0
-7.75,-72.2,218.0
-7.75,-72.15,240.0
-7.75,-72.1,223.0
-7.75,-72.05,215.0
-7.75,-72.0,181.0
-7.75,-71.95,212.0
-7.75,-71.9,214.0
-7.75,-71.85,227.0
-7.75,-71.8,250.0
-7.75,-71.75,246.0
-7.75,-71.7,232.0
-7.75,-71.65,223.0
-7.75,-71.6,222.0
-7.75,-71.55,225.0
-7.75,-71.5,229.0
-7.75,-71.45,190.0
-7.75,-71.4,223.0
-7.75,-71.35,227.0
-7.75,-71.3,242.0
-7.75,-71.25,221.0
-7.75,-71.2,250.0
-7.75,-71.15,264.0
-7.75,-71.1,260.0
-7.75,-71.05,246.0
-7.75,-71.0,225.0
-7.75,-70.95,206.0
-7.75,-70.9,193.0
-7.75,-70.85,225.0
-7.75,-70.8,196.0
-7.75,-70.75,178.0
-7.75,-70.7,209.0
-7.75,-70.65,209.0
-7.75,-70.6,153.0
-7.75,-70.55,203.0
-7.75,-70.5,220.0
-7.75,-70.45,209.0
-7.75,-70.4,220.0
-7.75,-70.35,230.0
-7.75,-70.3,191.0
-7.75,-70.25,183.0
-7.75,-70.2,212.0
-7.75,-70.15,176.0
-7.75,-70.1,185.0
-7.75,-70.05,149.0
-7.75,-70.0,165.0
-7.75,-69.95,192.0
-7.75,-69.9,204.0
-7.75,-69.85,194.0
-7.75,-69.8,189.0
-7.75,-69.75,186.0
-7.75,-69.7,196.0
-7.75,-69.65,200.0
-7.75,-69.6,196.0
-7.75,-69.55,173.0
-7.75,-69.5,170.0
-7.75,-69.45,158.0
-7.75,-69.4,168.0
-7.75,-69.35,182.0
-7.75,-69.3,199.0
-7.75,-69.25,169.0
-7.75,-69.2,181.0
-7.75,-69.15,168.0
-7.75,-69.1,176.0
-7.75,-69.05,173.0
-7.75,-69.0,196.0
-7.75,-68.95,172.0
-7.75,-68.9,159.0
-7.75,-68.85,147.0
-7.75,-68.8,166.0
-7.75,-68.75,183.0
-7.75,-68.7,199.0
-7.75,-68.65,197.0
-7.75,-68.6,184.0
-7.75,-68.55,202.0
-7.75,-68.5,190.0
-7.75,-68.45,206.0
-7.75,-68.4,192.0
-7.75,-68.35,194.0
-7.75,-68.3,199.0
-7.75,-68.25,184.0
-7.75,-68.2,192.0
-7.75,-68.15,183.0
-7.75,-68.1,183.0
-7.75,-68.05,177.0
-7.75,-68.0,157.0
-7.5,-80.0,0.0
-7.5,-79.95,0.0
-7.5,-79.9,0.0
-7.5,-79.85,0.0
-7.5,-79.8,0.0
-7.5,-79.75,0.0
-7.5,-79.7,0.0
-7.5,-79.65,0.0
-7.5,-79.6,0.0
-7.5,-79.55,-2.0
-7.5,-79.5,40.0
-7.5,-79.45,80.0
-7.5,-79.4,133.0
-7.5,-79.35,189.0
-7.5,-79.3,253.0
-7.5,-79.25,595.0
-7.5,-79.2,593.0
-7.5,-79.15,750.0
-7.5,-79.1,1307.0
-7.5,-79.05,1592.0
-7.5,-79.0,834.0
-7.5,-78.95,769.0
-7.5,-78.9,718.0
-7.5,-78.85,1248.0
-7.5,-78.8,1447.0
-7.5,-78.75,1768.0
-7.5,-78.7,1743.0
-7.5,-78.65,1746.0
-7.5,-78.6,1530.0
-7.5,-78.55,2717.0
-7.5,-78.5,2774.0
-7.5,-78.45,1983.0
-7.5,-78.4,2460.0
-7.5,-78.35,3413.0
-7.5,-78.3,3214.0
-7.5,-78.25,2992.0
-7.5,-78.2,2914.0
-7.5,-78.15,2021.0
-7.5,-78.1,2286.0
-7.5,-78.05,3242.0
-7.5,-78.0,2773.0
-7.5,-77.95,3756.0
-7.5,-77.9,2763.0
-7.5,-77.85,1624.0
-7.5,-77.8,1296.0
-7.5,-77.75,1110.0
-7.5,-77.7,1662.0
-7.5,-77.65,3549.0
-7.5,-77.6,3347.0
-7.5,-77.55,3744.0
-7.5,-77.5,3401.0
-7.5,-77.45,3311.0
-7.5,-77.4,3273.0
-7.5,-77.35,2346.0
-7.5,-77.3,1778.0
-7.5,-77.25,2142.0
-7.5,-77.2,2348.0
-7.5,-77.15,1419.0
-7.5,-77.1,1222.0
-7.5,-77.05,1824.0
-7.5,-77.0,1815.0
-7.5,-76.95,1333.0
-7.5,-76.9,1130.0
-7.5,-76.85,710.0
-7.5,-76.8,962.0
-7.5,-76.75,1114.0
-7.5,-76.7,560.0
-7.5,-76.65,314.0
-7.5,-76.6,694.0
-7.5,-76.55,395.0
-7.5,-76.5,494.0
-7.5,-76.45,301.0
-7.5,-76.4,570.0
-7.5,-76.35,571.0
-7.5,-76.3,1203.0
-7.5,-76.25,881.0
-7.5,-76.2,916.0
-7.5,-76.15,917.0
-7.5,-76.1,1066.0
-7.5,-76.05,474.0
-7.5,-76.0,643.0
-7.5,-75.95,812.0
-7.5,-75.9,1538.0
-7.5,-75.85,362.0
-7.5,-75.8,378.0
-7.5,-75.75,582.0
-7.5,-75.7,258.0
-7.5,-75.65,253.0
-7.5,-75.6,236.0
-7.5,-75.55,250.0
-7.5,-75.5,190.0
-7.5,-75.45,181.0
-7.5,-75.4,166.0
-7.5,-75.35,163.0
-7.5,-75.3,139.0
-7.5,-75.25,148.0
-7.5,-75.2,130.0
-7.5,-75.15,140.0
-7.5,-75.1,145.0
-7.5,-75.05,147.0
-7.5,-75.0,144.0
-7.5,-74.95,133.0
-7.5,-74.9,167.0
-7.5,-74.85,191.0
-7.5,-74.8,199.0
-7.5,-74.75,225.0
-7.5,-74.7,216.0
-7.5,-74.65,242.0
-7.5,-74.6,254.0
-7.5,-74.55,250.0
-7.5,-74.5,257.0
-7.5,-74.45,224.0
-7.5,-74.4,241.0
-7.5,-74.35,211.0
-7.5,-74.3,228.0
-7.5,-74.25,237.0
-7.5,-74.2,233.0
-7.5,-74.15,206.0
-7.5,-74.1,244.0
-7.5,-74.05,267.0
-7.5,-74.0,290.0
-7.5,-73.95,291.0
-7.5,-73.9,286.0
-7.5,-73.85,296.0
-7.5,-73.8,284.0
-7.5,-73.75,265.0
-7.5,-73.7,254.0
-7.5,-73.65,264.0
-7.5,-73.6,240.0
-7.5,-73.55,247.0
-7.5,-73.5,242.0
-7.5,-73.45,231.0
-7.5,-73.4,232.0
-7.5,-73.35,219.0
-7.5,-73.3,221.0
-7.5,-73.25,226.0
-7.5,-73.2,232.0
-7.5,-73.15,220.0
-7.5,-73.1,214.0
-7.5,-73.05,212.0
-7.5,-73.0,190.0
-7.5,-72.95,195.0
-7.5,-72.9,208.0
-7.5,-72.85,201.0
-7.5,-72.8,229.0
-7.5,-72.75,237.0
-7.5,-72.7,221.0
-7.5,-72.65,201.0
-7.5,-72.6,191.0
-7.5,-72.55,186.0
-7.5,-72.5,188.0
-7.5,-72.45,184.0
-7.5,-72.4,180.0
-7.5,-72.35,182.0
-7.5,-72.3,185.0
-7.5,-72.25,201.0
-7.5,-72.2,190.0
-7.5,-72.15,208.0
-7.5,-72.1,212.0
-7.5,-72.05,215.0
-7.5,-72.0,219.0
-7.5,-71.95,190.0
-7.5,-71.9,178.0
-7.5,-71.85,198.0
-7.5,-71.8,206.0
-7.5,-71.75,215.0
-7.5,-71.7,199.0
-7.5,-71.65,223.0
-7.5,-71.6,209.0
-7.5,-71.55,224.0
-7.5,-71.5,198.0
-7.5,-71.45,212.0
-7.5,-71.4,248.0
-7.5,-71.35,245.0
-7.5,-71.3,233.0
-7.5,-71.25,226.0
-7.5,-71.2,205.0
-7.5,-71.15,172.0
-7.5,-71.1,195.0
-7.5,-71.05,199.0
-7.5,-71.0,228.0
-7.5,-70.95,250.0
-7.5,-70.9,267.0
-7.5,-70.85,235.0
-7.5,-70.8,206.0
-7.5,-70.75,247.0
-7.5,-70.7,226.0
-7.5,-70.65,221.0
-7.5,-70.6,218.0
-7.5,-70.55,243.0
-7.5,-70.5,224.0
-7.5,-70.45,215.0
-7.5,-70.4,186.0
-7.5,-70.35,188.0
-7.5,-70.3,166.0
-7.5,-70.25,156.0
-7.5,-70.2,157.0
-7.5,-70.15,154.0
-7.5,-70.1,143.0
-7.5,-70.05,163.0
-7.5,-70.0,175.0
-7.5,-69.95,169.0
-7.5,-69.9,188.0
-7.5,-69.85,175.0
-7.5,-69.8,172.0
-7.5,-69.75,185.0
-7.5,-69.7,184.0
-7.5,-69.65,159.0
-7.5,-69.6,173.0
-7.5,-69.55,172.0
-7.5,-69.5,186.0
-7.5,-69.45,175.0
-7.5,-69.4,189.0
-7.5,-69.35,180.0
-7.5,-69.3,179.0
-7.5,-69.25,158.0
-7.5,-69.2,170.0
-7.5,-69.15,176.0
-7.5,-69.1,175.0
-7.5,-69.05,166.0
-7.5,-69.0,157.0
-7.5,-68.95,183.0
-7.5,-68.9,182.0
-7.5,-68.85,185.0
-7.5,-68.8,177.0
-7.5,-68.75,175.0
-7.5,-68.7,176.0
-7.5,-68.65,134.0
-7.5,-68.6,118.0
-7.5,-68.55,129.0
-7.5,-68.5,140.0
-7.5,-68.45,153.0
-7.5,-68.4,145.0
-7.5,-68.35,136.0
-7.5,-68.3,159.0
-7.5,-68.25,163.0
-7.5,-68.2,162.0
-7.5,-68.15,165.0
-7.5,-68.1,171.0
-7.5,-68.05,172.0
-7.5,-68.0,159.0
-7.25,-80.0,0.0
-7.25,-79.95,0.0
-7.25,-79.9,0.0
-7.25,-79.85,0.0
-7.25,-79.8,0.0
-7.25,-79.75,0.0
-7.25,-79.7,0.0
-7.25,-79.65,0.0
-7.25,-79.6,16.0
-7.25,-79.55,206.0
-7.25,-79.5,84.0
-7.25,-79.45,104.0
-7.25,-79.4,146.0
-7.25,-79.35,593.0
-7.25,-79.3,387.0
-7.25,-79.25,340.0
-7.25,-79.2,757.0
-7.25,-79.15,394.0
-7.25,-79.1,658.0
-7.25,-79.05,970.0
-7.25,-79.0,2117.0
-7.25,-78.95,1953.0
-7.25,-78.9,995.0
-7.25,-78.85,1289.0
-7.25,-78.8,1854.0
-7.25,-78.75,1363.0
-7.25,-78.7,1624.0
-7.25,-78.65,1421.0
-7.25,-78.6,2337.0
-7.25,-78.55,2832.0
-7.25,-78.5,2948.0
-7.25,-78.45,3349.0
-7.25,-78.4,2713.0
-7.25,-78.35,2582.0
-7.25,-78.3,2703.0
-7.25,-78.25,2895.0
-7.25,-78.2,3197.0
-7.25,-78.15,2738.0
-7.25,-78.1,3387.0
-7.25,-78.05,3588.0
-7.25,-78.0,3863.0
-7.25,-77.95,3076.0
-7.25,-77.9,2205.0
-7.25,-77.85,1633.0
-7.25,-77.8,2710.0
-7.25,-77.75,3541.0
-7.25,-77.7,4059.0
-7.25,-77.65,3733.0
-7.25,-77.6,3777.0
-7.25,-77.55,3617.0
-7.25,-77.5,2996.0
-7.25,-77.45,2510.0
-7.25,-77.4,1870.0
-7.25,-77.35,1435.0
-7.25,-77.3,1376.0
-7.25,-77.25,1714.0
-7.25,-77.2,1686.0
-7.25,-77.15,1204.0
-7.25,-77.1,785.0
-7.25,-77.05,391.0
-7.25,-77.0,535.0
-7.25,-76.95,677.0
-7.25,-76.9,1022.0
-7.25,-76.85,349.0
-7.25,-76.8,315.0
-7.25,-76.75,509.0
-7.25,-76.7,336.0
-7.25,-76.65,422.0
-7.25,-76.6,351.0
-7.25,-76.55,525.0
-7.25,-76.5,336.0
-7.25,-76.45,335.0
-7.25,-76.4,468.0
-7.25,-76.35,543.0
-7.25,-76.3,635.0
-7.25,-76.25,526.0
-7.25,-76.2,770.0
-7.25,-76.15,1104.0
-7.25,-76.1,617.0
-7.25,-76.05,483.0
-7.25,-76.0,1444.0
-7.25,-75.95,1068.0
-7.25,-75.9,508.0
-7.25,-75.85,358.0
-7.25,-75.8,335.0
-7.25,-75.75,252.0
-7.25,-75.7,244.0
-7.25,-75.65,202.0
-7.25,-75.6,277.0
-7.25,-75.55,225.0
-7.25,-75.5,194.0
-7.25,-75.45,182.0
-7.25,-75.4,201.0
-7.25,-75.35,142.0
-7.25,-75.3,151.0
-7.25,-75.25,125.0
-7.25,-75.2,135.0
-7.25,-75.15,146.0
-7.25,-75.1,125.0
-7.25,-75.05,158.0
-7.25,-75.0,205.0
-7.25,-74.95,191.0
-7.25,-74.9,236.0
-7.25,-74.85,523.0
-7.25,-74.8,258.0
-7.25,-74.75,231.0
-7.25,-74.7,258.0
-7.25,-74.65,259.0
-7.25,-74.6,284.0
-7.25,-74.55,461.0
-7.25,-74.5,530.0
-7.25,-74.45,361.0
-7.25,-74.4,325.0
-7.25,-74.35,340.0
-7.25,-74.3,249.0
-7.25,-74.25,238.0
-7.25,-74.2,240.0
-7.25,-74.15,247.0
-7.25,-74.1,238.0
-7.25,-74.05,231.0
-7.25,-74.0,265.0
-7.25,-73.95,240.0
-7.25,-73.9,287.0
-7.25,-73.85,309.0
-7.25,-73.8,392.0
-7.25,-73.75,392.0
-7.25,-73.7,339.0
-7.25,-73.65,282.0
-7.25,-73.6,265.0
-7.25,-73.55,255.0
-7.25,-73.5,244.0
-7.25,-73.45,252.0
-7.25,-73.4,247.0
-7.25,-73.35,239.0
-7.25,-73.3,244.0
-7.25,-73.25,230.0
-7.25,-73.2,217.0
-7.25,-73.15,224.0
-7.25,-73.1,237.0
-7.25,-73.05,230.0
-7.25,-73.0,208.0
-7.25,-72.95,203.0
-7.25,-72.9,201.0
-7.25,-72.85,205.0
-7.25,-72.8,197.0
-7.25,-72.75,197.0
-7.25,-72.7,179.0
-7.25,-72.65,178.0
-7.25,-72.6,210.0
-7.25,-72.55,194.0
-7.25,-72.5,203.0
-7.25,-72.45,172.0
-7.25,-72.4,203.0
-7.25,-72.35,174.0
-7.25,-72.3,171.0
-7.25,-72.25,175.0
-7.25,-72.2,171.0
-7.25,-72.15,178.0
-7.25,-72.1,173.0
-7.25,-72.05,174.0
-7.25,-72.0,175.0
-7.25,-71.95,167.0
-7.25,-71.9,170.0
-7.25,-71.85,168.0
-7.25,-71.8,201.0
-7.25,-71.75,190.0
-7.25,-71.7,193.0
-7.25,-71.65,215.0
-7.25,-71.6,174.0
-7.25,-71.55,187.0
-7.25,-71.5,167.0
-7.25,-71.45,182.0
-7.25,-71.4,222.0
-7.25,-71.35,206.0
-7.25,-71.3,191.0
-7.25,-71.25,192.0
-7.25,-71.2,196.0
-7.25,-71.15,214.0
-7.25,-71.1,220.0
-7.25,-71.05,203.0
-7.25,-71.0,182.0
-7.25,-70.95,172.0
-7.25,-70.9,169.0
-7.25,-70.85,187.0
-7.25,-70.8,204.0
-7.25,-70.75,177.0
-7.25,-70.7,196.0
-7.25,-70.65,222.0
-7.25,-70.6,217.0
-7.25,-70.55,241.0
-7.25,-70.5,205.0
-7.25,-70.45,245.0
-7.25,-70.4,230.0
-7.25,-70.35,184.0
-7.25,-70.3,168.0
-7.25,-70.25,154.0
-7.25,-70.2,185.0
-7.25,-70.15,201.0
-7.25,-70.1,202.0
-7.25,-70.05,214.0
-7.25,-70.0,166.0
-7.25,-69.95,175.0
-7.25,-69.9,140.0
-7.25,-69.85,142.0
-7.25,-69.8,159.0
-7.25,-69.75,182.0
-7.25,-69.7,182.0
-7.25,-69.65,161.0
-7.25,-69.6,150.0
-7.25,-69.55,178.0
-7.25,-69.5,182.0
-7.25,-69.45,180.0
-7.25,-69.4,184.0
-7.25,-69.35,165.0
-7.25,-69.3,159.0
-7.25,-69.25,163.0
-7.25,-69.2,160.0
-7.25,-69.15,138.0
-7.25,-69.1,179.0
-7.25,-69.05,152.0
-7.25,-69.0,142.0
-7.25,-68.95,172.0
-7.25,-68.9,170.0
-7.25,-68.85,158.0
-7.25,-68.8,158.0
-7.25,-68.75,159.0
-7.25,-68.7,156.0
-7.25,-68.65,126.0
-7.25,-68.6,138.0
-7.25,-68.55,172.0
-7.25,-68.5,184.0
-7.25,-68.45,176.0
-7.25,-68.4,164.0
-7.25,-68.35,175.0
-7.25,-68.3,173.0
-7.25,-68.25,177.0
-7.25,-68.2,180.0
-7.25,-68.15,170.0
-7.25,-68.1,170.0
-7.25,-68.05,161.0
-7.25,-68.0,145.0
-7.0,-82.0,0.0
-7.0,-81.95,0.0
-7.0,-81.9,0.0
-7.0,-81.85,0.0
-7.0,-81.8,0.0
-7.0,-81.75,0.0
-7.0,-81.7,0.0
-7.0,-81.65,0.0
-7.0,-81.6,0.0
-7.0,-81.55,0.0
-7.0,-81.5,0.0
-7.0,-81.45,0.0
-7.0,-81.4,0.0
-7.0,-81.35,0.0
-7.0,-81.3,0.0
-7.0,-81.25,0.0
-7.0,-81.2,0.0
-7.0,-81.15,0.0
-7.0,-81.1,0.0
-7.0,-81.05,0.0
-7.0,-81.0,0.0
-7.0,-80.95,0.0
-7.0,-80.9,0.0
-7.0,-80.85,0.0
-7.0,-80.8,0.0
-7.0,-80.75,0.0
-7.0,-80.7,0.0
-7.0,-80.65,0.0
-7.0,-80.6,0.0
-7.0,-80.55,0.0
-7.0,-80.5,0.0
-7.0,-80.45,0.0
-7.0,-80.4,0.0
-7.0,-80.35,0.0
-7.0,-80.3,0.0
-7.0,-80.25,0.0
-7.0,-80.2,0.0
-7.0,-80.15,0.0
-7.0,-80.1,0.0
-7.0,-80.05,0.0
-7.0,-80.0,0.0
-7.0,-79.95,0.0
-7.0,-79.9,0.0
-7.0,-79.85,0.0
-7.0,-79.8,8.0
-7.0,-79.75,27.0
-7.0,-79.7,29.0
-7.0,-79.65,31.0
-7.0,-79.6,35.0
-7.0,-79.55,88.0
-7.0,-79.5,198.0
-7.0,-79.45,195.0
-7.0,-79.4,391.0
-7.0,-79.35,1414.0
-7.0,-79.3,1428.0
-7.0,-79.25,487.0
-7.0,-79.2,775.0
-7.0,-79.15,1611.0
-7.0,-79.1,2924.0
-7.0,-79.05,3064.0
-7.0,-79.0,3368.0
-7.0,-78.95,3697.0
-7.0,-78.9,3032.0
-7.0,-78.85,2593.0
-7.0,-78.8,2700.0
-7.0,-78.75,2776.0
-7.0,-78.7,2984.0
-7.0,-78.65,3539.0
-7.0,-78.6,3422.0
-7.0,-78.55,3546.0
-7.0,-78.5,4033.0
-7.0,-78.45,3760.0
-7.0,-78.4,3786.0
-7.0,-78.35,3654.0
-7.0,-78.3,3674.0
-7.0,-78.25,3119.0
-7.0,-78.2,3287.0
-7.0,-78.15,3113.0
-7.0,-78.1,2235.0
-7.0,-78.05,2648.0
-7.0,-78.0,968.0
-7.0,-77.95,2058.0
-7.0,-77.9,1812.0
-7.0,-77.85,2611.0
-7.0,-77.8,4000.0
-7.0,-77.75,3567.0
-7.0,-77.7,3466.0
-7.0,-77.65,2589.0
-7.0,-77.6,2630.0
-7.0,-77.55,2771.0
-7.0,-77.5,2841.0
-7.0,-77.45,2550.0
-7.0,-77.4,2118.0
-7.0,-77.35,1751.0
-7.0,-77.3,1820.0
-7.0,-77.25,1539.0
-7.0,-77.2,1012.0
-7.0,-77.15,1073.0
-7.0,-77.1,602.0
-7.0,-77.05,614.0
-7.0,-77.0,1177.0
-7.0,-76.95,852.0
-7.0,-76.9,629.0
-7.0,-76.85,787.0
-7.0,-76.8,475.0
-7.0,-76.75,285.0
-7.0,-76.7,401.0
-7.0,-76.65,647.0
-7.0,-76.6,431.0
-7.0,-76.55,291.0
-7.0,-76.5,237.0
-7.0,-76.45,230.0
-7.0,-76.4,384.0
-7.0,-76.35,341.0
-7.0,-76.3,416.0
-7.0,-76.25,342.0
-7.0,-76.2,263.0
-7.0,-76.15,511.0
-7.0,-76.1,516.0
-7.0,-76.05,1086.0
-7.0,-76.0,1200.0
-7.0,-75.95,858.0
-7.0,-75.9,392.0
-7.0,-75.85,467.0
-7.0,-75.8,592.0
-7.0,-75.75,671.0
-7.0,-75.7,642.0
-7.0,-75.65,917.0
-7.0,-75.6,811.0
-7.0,-75.55,295.0
-7.0,-75.5,252.0
-7.0,-75.45,276.0
-7.0,-75.4,304.0
-7.0,-75.35,253.0
-7.0,-75.3,190.0
-7.0,-75.25,164.0
-7.0,-75.2,144.0
-7.0,-75.15,138.0
-7.0,-75.1,126.0
-7.0,-75.05,288.0
-7.0,-75.0,176.0
-7.0,-74.95,186.0
-7.0,-74.9,188.0
-7.0,-74.85,191.0
-7.0,-74.8,207.0
-7.0,-74.75,248.0
-7.0,-74.7,235.0
-7.0,-74.65,276.0
-7.0,-74.6,314.0
-7.0,-74.55,255.0
-7.0,-74.5,205.0
-7.0,-74.45,220.0
-7.0,-74.4,189.0
-7.0,-74.35,207.0
-7.0,-74.3,200.0
-7.0,-74.25,215.0
-7.0,-74.2,216.0
-7.0,-74.15,222.0
-7.0,-74.1,203.0
-7.0,-74.05,218.0
-7.0,-74.0,220.0
-7.0,-73.95,212.0
-7.0,-73.9,384.0
-7.0,-73.85,352.0
-7.0,-73.8,255.0
-7.0,-73.75,250.0
-7.0,-73.7,251.0
-7.0,-73.65,254.0
-7.0,-73.6,247.0
-7.0,-73.55,246.0
-7.0,-73.5,225.0
-7.0,-73.45,238.0
-7.0,-73.4,240.0
-7.0,-73.35,254.0
-7.0,-73.3,247.0
-7.0,-73.25,251.0
-7.0,-73.2,240.0
-7.0,-73.15,242.0
-7.0,-73.1,252.0
-7.0,-73.05,252.0
-7.0,-73.0,260.0
-7.0,-72.95,228.0
-7.0,-72.9,225.0
-7.0,-72.85,231.0
-7.0,-72.8,234.0
-7.0,-72.75,217.0
-7.0,-72.7,221.0
-7.0,-72.65,217.0
-7.0,-72.6,230.0
-7.0,-72.55,232.0
-7.0,-72.5,227.0
-7.0,-72.45,228.0
-7.0,-72.4,236.0
-7.0,-72.35,226.0
-7.0,-72.3,201.0
-7.0,-72.25,230.0
-7.0,-72.2,232.0
-7.0,-72.15,203.0
-7.0,-72.1,180.0
-7.0,-72.05,209.0
-7.0,-72.0,192.0
-7.0,-71.95,215.0
-7.0,-71.9,217.0
-7.0,-71.85,200.0
-7.0,-71.8,179.0
-7.0,-71.75,184.0
-7.0,-71.7,168.0
-7.0,-71.65,174.0
-7.0,-71.6,189.0
-7.0,-71.55,154.0
-7.0,-71.5,155.0
-7.0,-71.45,155.0
-7.0,-71.4,157.0
-7.0,-71.35,158.0
-7.0,-71.3,152.0
-7.0,-71.25,148.0
-7.0,-71.2,155.0
-7.0,-71.15,177.0
-7.0,-71.1,168.0
-7.0,-71.05,182.0
-7.0,-71.0,194.0
-7.0,-70.95,178.0
-7.0,-70.9,173.0
-7.0,-70.85,176.0
-7.0,-70.8,175.0
-7.0,-70.75,181.0
-7.0,-70.7,155.0
-7.0,-70.65,184.0
-7.0,-70.6,180.0
-7.0,-70.55,159.0
-7.0,-70.5,181.0
-7.0,-70.45,181.0
-7.0,-70.4,169.0
-7.0,-70.35,172.0
-7.0,-70.3,190.0
-7.0,-70.25,173.0
-7.0,-70.2,182.0
-7.0,-70.15,196.0
-7.0,-70.1,170.0
-7.0,-70.05,163.0
-7.0,-70.0,172.0
-7.0,-69.95,160.0
-7.0,-69.9,164.0
-7.0,-69.85,193.0
-7.0,-69.8,152.0
-7.0,-69.75,148.0
-7.0,-69.7,138.0
-7.0,-69.65,150.0
-7.0,-69.6,179.0
-7.0,-69.55,196.0
-7.0,-69.5,175.0
-7.0,-69.45,165.0
-7.0,-69.4,183.0
-7.0,-69.35,186.0
-7.0,-69.3,195.0
-7.0,-69.25,204.0
-7.0,-69.2,181.0
-7.0,-69.15,164.0
-7.0,-69.1,165.0
-7.0,-69.05,184.0
-7.0,-69.0,154.0
-7.0,-68.95,163.0
-7.0,-68.9,176.0
-7.0,-68.85,172.0
-7.0,-68.8,167.0
-7.0,-68.75,154.0
-7.0,-68.7,172.0
-7.0,-68.65,164.0
-7.0,-68.6,155.0
-7.0,-68.55,170.0
-7.0,-68.5,169.0
-7.0,-68.45,158.0
-7.0,-68.4,162.0
-7.0,-68.35,134.0
-7.0,-68.3,120.0
-7.0,-68.25,130.0
-7.0,-68.2,147.0
-7.0,-68.15,145.0
-7.0,-68.1,128.0
-7.0,-68.05,156.0
-7.0,-68.0,151.0
-6.75,-82.0,0.0
-6.75,-81.95,0.0
-6.75,-81.9,0.0
-6.75,-81.85,0.0
-6.75,-81.8,0.0
-6.75,-81.75,0.0
-6.75,-81.7,0.0
-6.75,-81.65,0.0
-6.75,-81.6,0.0
-6.75,-81.55,0.0
-6.75,-81.5,0.0
-6.75,-81.45,0.0
-6.75,-81.4,0.0
-6.75,-81.35,0.0
-6.75,-81.3,0.0
-6.75,-81.25,0.0
-6.75,-81.2,0.0
-6.75,-81.15,0.0
-6.75,-81.1,0.0
-6.75,-81.05,0.0
-6.75,-81.0,0.0
-6.75,-80.95,0.0
-6.75,-80.9,0.0
-6.75,-80.85,0.0
-6.75,-80.8,0.0
-6.75,-80.75,0.0
-6.75,-80.7,0.0
-6.75,-80.65,0.0
-6.75,-80.6,0.0
-6.75,-80.55,0.0
-6.75,-80.5,0.0
-6.75,-80.45,0.0
-6.75,-80.4,0.0
-6.75,-80.35,0.0
-6.75,-80.3,0.0
-6.75,-80.25,0.0
-6.75,-80.2,0.0
-6.75,-80.15,0.0
-6.75,-80.1,0.0
-6.75,-80.05,0.0
-6.75,-80.0,0.0
-6.75,-79.95,7.0
-6.75,-79.9,19.0
-6.75,-79.85,26.0
-6.75,-79.8,36.0
-6.75,-79.75,49.0
-6.75,-79.7,61.0
-6.75,-79.65,76.0
-6.75,-79.6,93.0
-6.75,-79.55,104.0
-6.75,-79.5,121.0
-6.75,-79.45,468.0
-6.75,-79.4,549.0
-6.75,-79.35,991.0
-6.75,-79.3,464.0
-6.75,-79.25,467.0
-6.75,-79.2,1578.0
-6.75,-79.15,1647.0
-6.75,-79.1,2406.0
-6.75,-79.05,2622.0
-6.75,-79.0,2453.0
-6.75,-78.95,2822.0
-6.75,-78.9,2532.0
-6.75,-78.85,3060.0
-6.75,-78.8,2564.0
-6.75,-78.75,3606.0
-6.75,-78.7,3960.0
-6.75,-78.65,3900.0
-6.75,-78.6,3568.0
-6.75,-78.55,2934.0
-6.75,-78.5,2609.0
-6.75,-78.45,3297.0
-6.75,-78.4,3850.0
-6.75,-78.35,3493.0
-6.75,-78.3,2697.0
-6.75,-78.25,3089.0
-6.75,-78.2,1930.0
-6.75,-78.15,1857.0
-6.75,-78.1,2559.0
-6.75,-78.05,1168.0
-6.75,-78.0,1246.0
-6.75,-77.95,1938.0
-6.75,-77.9,2907.0
-6.75,-77.85,3032.0
-6.75,-77.8,2649.0
-6.75,-77.75,3203.0
-6.75,-77.7,2279.0
-6.75,-77.65,2070.0
-6.75,-77.6,2194.0
-6.75,-77.55,2031.0
-6.75,-77.5,1752.0
-6.75,-77.45,2187.0
-6.75,-77.4,1113.0
-6.75,-77.35,1461.0
-6.75,-77.3,1339.0
-6.75,-77.25,1139.0
-6.75,-77.2,1061.0
-6.75,-77.15,1480.0
-6.75,-77.1,1658.0
-6.75,-77.05,1282.0
-6.75,-77.0,1611.0
-6.75,-76.95,925.0
-6.75,-76.9,1567.0
-6.75,-76.85,797.0
-6.75,-76.8,752.0
-6.75,-76.75,833.0
-6.75,-76.7,408.0
-6.75,-76.65,395.0
-6.75,-76.6,364.0
-6.75,-76.55,652.0
-6.75,-76.5,1000.0
-6.75,-76.45,589.0
-6.75,-76.4,434.0
-6.75,-76.35,280.0
-6.75,-76.3,513.0
-6.75,-76.25,727.0
-6.75,-76.2,861.0
-6.75,-76.15,721.0
-6.75,-76.1,1142.0
-6.75,-76.05,799.0
-6.75,-76.0,1074.0
-6.75,-75.95,767.0
-6.75,-75.9,626.0
-6.75,-75.85,623.0
-6.75,-75.8,533.0
-6.75,-75.75,488.0
-6.75,-75.7,1178.0
-6.75,-75.65,1032.0
-6.75,-75.6,290.0
-6.75,-75.55,261.0
-6.75,-75.5,227.0
-6.75,-75.45,193.0
-6.75,-75.4,215.0
-6.75,-75.35,204.0
-6.75,-75.3,194.0
-6.75,-75.25,173.0
-6.75,-75.2,175.0
-6.75,-75.15,134.0
-6.75,-75.1,127.0
-6.75,-75.05,127.0
-6.75,-75.0,138.0
-6.75,-74.95,142.0
-6.75,-74.9,130.0
-6.75,-74.85,142.0
-6.75,-74.8,149.0
-6.75,-74.75,177.0
-6.75,-74.7,186.0
-6.75,-74.65,170.0
-6.75,-74.6,189.0
-6.75,-74.55,180.0
-6.75,-74.5,206.0
-6.75,-74.45,191.0
-6.75,-74.4,180.0
-6.75,-74.35,192.0
-6.75,-74.3,205.0
-6.75,-74.25,207.0
-6.75,-74.2,183.0
-6.75,-74.15,204.0
-6.75,-74.1,223.0
-6.75,-74.05,214.0
-6.75,-74.0,223.0
-6.75,-73.95,218.0
-6.75,-73.9,215.0
-6.75,-73.85,201.0
-6.75,-73.8,208.0
-6.75,-73.75,204.0
-6.75,-73.7,204.0
-6.75,-73.65,201.0
-6.75,-73.6,203.0
-6.75,-73.55,206.0
-6.75,-73.5,208.0
-6.75,-73.45,197.0
-6.75,-73.4,193.0
-6.75,-73.35,178.0
-6.75,-73.3,188.0
-6.75,-73.25,185.0
-6.75,-73.2,214.0
-6.75,-73.15,227.0
-6.75,-73.1,224.0
-6.75,-73.05,217.0
-6.75,-73.0,200.0
-6.75,-72.95,219.0
-6.75,-72.9,205.0
-6.75,-72.85,199.0
-6.75,-72.8,184.0
-6.75,-72.75,190.0
-6.75,-72.7,196.0
-6.75,-72.65,187.0
-6.75,-72.6,213.0
-6.75,-72.55,243.0
-6.75,-72.5,246.0
-6.75,-72.45,255.0
-6.75,-72.4,217.0
-6.75,-72.35,209.0
-6.75,-72.3,209.0
-6.75,-72.25,221.0
-6.75,-72.2,234.0
-6.75,-72.15,193.0
-6.75,-72.1,207.0
-6.75,-72.05,183.0
-6.75,-72.0,149.0
-6.75,-71.95,175.0
-6.75,-71.9,196.0
-6.75,-71.85,193.0
-6.75,-71.8,207.0
-6.75,-71.75,244.0
-6.75,-71.7,222.0
-6.75,-71.65,204.0
-6.75,-71.6,222.0
-6.75,-71.55,209.0
-6.75,-71.5,201.0
-6.75,-71.45,194.0
-6.75,-71.4,206.0
-6.75,-71.35,213.0
-6.75,-71.3,183.0
-6.75,-71.25,184.0
-6.75,-71.2,187.0
-6.75,-71.15,203.0
-6.75,-71.1,182.0
-6.75,-71.05,186.0
-6.75,-71.0,192.0
-6.75,-70.95,199.0
-6.75,-70.9,184.0
-6.75,-70.85,201.0
-6.75,-70.8,147.0
-6.75,-70.75,138.0
-6.75,-70.7,154.0
-6.75,-70.65,146.0
-6.75,-70.6,138.0
-6.75,-70.55,140.0
-6.75,-70.5,143.0
-6.75,-70.45,140.0
-6.75,-70.4,139.0
-6.75,-70.35,134.0
-6.75,-70.3,134.0
-6.75,-70.25,141.0
-6.75,-70.2,129.0
-6.75,-70.15,124.0
-6.75,-70.1,139.0
-6.75,-70.05,131.0
-6.75,-70.0,136.0
-6.75,-69.95,123.0
-6.75,-69.9,129.0
-6.75,-69.85,129.0
-6.75,-69.8,137.0
-6.75,-69.75,132.0
-6.75,-69.7,144.0
-6.75,-69.65,144.0
-6.75,-69.6,153.0
-6.75,-69.55,164.0
-6.75,-69.5,146.0
-6.75,-69.45,145.0
-6.75,-69.4,134.0
-6.75,-69.35,145.0
-6.75,-69.3,152.0
-6.75,-69.25,138.0
-6.75,-69.2,142.0
-6.75,-69.15,148.0
-6.75,-69.1,135.0
-6.75,-69.05,144.0
-6.75,-69.0,140.0
-6.75,-68.95,151.0
-6.75,-68.9,141.0
-6.75,-68.85,131.0
-6.75,-68.8,139.0
-6.75,-68.75,134.0
-6.75,-68.7,138.0
-6.75,-68.65,135.0
-6.75,-68.6,126.0
-6.75,-68.55,133.0
-6.75,-68.5,135.0
-6.75,-68.45,130.0
-6.75,-68.4,131.0
-6.75,-68.35,117.0
-6.75,-68.3,138.0
-6.75,-68.25,147.0
-6.75,-68.2,147.0
-6.75,-68.15,156.0
-6.75,-68.1,152.0
-6.75,-68.05,161.0
-6.75,-68.0,148.0
-6.5,-82.0,0.0
-6.5,-81.95,0.0
-6.5,-81.9,0.0
-6.5,-81.85,0.0
-6.5,-81.8,0.0
-6.5,-81.75,0.0
-6.5,-81.7,0.0
-6.5,-81.65,0.0
-6.5,-81.6,0.0
-6.5,-81.55,0.0
-6.5,-81.5,0.0
-6.5,-81.45,0.0
-6.5,-81.4,0.0
-6.5,-81.35,0.0
-6.5,-81.3,0.0
-6.5,-81.25,0.0
-6.5,-81.2,0.0
-6.5,-81.15,0.0
-6.5,-81.1,0.0
-6.5,-81.05,0.0
-6.5,-81.0,0.0
-6.5,-80.95,0.0
-6.5,-80.9,0.0
-6.5,-80.85,0.0
-6.5,-80.8,0.0
-6.5,-80.75,0.0
-6.5,-80.7,0.0
-6.5,-80.65,0.0
-6.5,-80.6,0.0
-6.5,-80.55,0.0
-6.5,-80.5,0.0
-6.5,-80.45,0.0
-6.5,-80.4,0.0
-6.5,-80.35,1.0
-6.5,-80.3,-1.0
-6.5,-80.25,-3.0
-6.5,-80.2,1.0
-6.5,-80.15,5.0
-6.5,-80.1,7.0
-6.5,-80.05,18.0
-6.5,-80.0,26.0
-6.5,-79.95,32.0
-6.5,-79.9,38.0
-6.5,-79.85,48.0
-6.5,-79.8,67.0
-6.5,-79.75,76.0
-6.5,-79.7,92.0
-6.5,-79.65,111.0
-6.5,-79.6,128.0
-6.5,-79.55,211.0
-6.5,-79.5,425.0
-6.5,-79.45,673.0
-6.5,-79.4,717.0
-6.5,-79.35,1001.0
-6.5,-79.3,1223.0
-6.5,-79.25,1051.0
-6.5,-79.2,1091.0
-6.5,-79.15,1311.0
-6.5,-79.1,2279.0
-6.5,-79.05,2720.0
-6.5,-79.0,2057.0
-6.5,-78.95,1987.0
-6.5,-78.9,2018.0
-6.5,-78.85,2285.0
-6.5,-78.8,2100.0
-6.5,-78.75,3216.0
-6.5,-78.7,2501.0
-6.5,-78.65,2508.0
-6.5,-78.6,3042.0
-6.5,-78.55,3106.0
-6.5,-78.5,2612.0
-6.5,-78.45,2501.0
-6.5,-78.4,2756.0
-6.5,-78.35,2751.0
-6.5,-78.3,2499.0
-6.5,-78.25,2474.0
-6.5,-78.2,1111.0
-6.5,-78.15,754.0
-6.5,-78.1,2191.0
-6.5,-78.05,2774.0
-6.5,-78.0,3593.0
-6.5,-77.95,2915.0
-6.5,-77.9,2564.0
-6.5,-77.85,1984.0
-6.5,-77.8,2958.0
-6.5,-77.75,3300.0
-6.5,-77.7,3250.0
-6.5,-77.65,2251.0
-6.5,-77.6,1808.0
-6.5,-77.55,2366.0
-6.5,-77.5,1661.0
-6.5,-77.45,1825.0
-6.5,-77.4,1864.0
-6.5,-77.35,1833.0
-6.5,-77.3,2261.0
-6.5,-77.25,1720.0
-6.5,-77.2,2308.0
-6.5,-77.15,2715.0
-6.5,-77.1,2301.0
-6.5,-77.05,1584.0
-6.5,-77.0,1041.0
-6.5,-76.95,1611.0
-6.5,-76.9,1493.0
-6.5,-76.85,1333.0
-6.5,-76.8,853.0
-6.5,-76.75,674.0
-6.5,-76.7,602.0
-6.5,-76.65,1337.0
-6.5,-76.6,889.0
-6.5,-76.55,700.0
-6.5,-76.5,280.0
-6.5,-76.45,284.0
-6.5,-76.4,254.0
-6.5,-76.35,315.0
-6.5,-76.3,458.0
-6.5,-76.25,1091.0
-6.5,-76.2,942.0
-6.5,-76.15,961.0
-6.5,-76.1,980.0
-6.5,-76.05,790.0
-6.5,-76.0,1485.0
-6.5,-75.95,623.0
-6.5,-75.9,207.0
-6.5,-75.85,308.0
-6.5,-75.8,208.0
-6.5,-75.75,189.0
-6.5,-75.7,185.0
-6.5,-75.65,173.0
-6.5,-75.6,188.0
-6.5,-75.55,251.0
-6.5,-75.5,249.0
-6.5,-75.45,208.0
-6.5,-75.4,173.0
-6.5,-75.35,161.0
-6.5,-75.3,152.0
-6.5,-75.25,144.0
-6.5,-75.2,136.0
-6.5,-75.15,138.0
-6.5,-75.1,139.0
-6.5,-75.05,137.0
-6.5,-75.0,134.0
-6.5,-74.95,132.0
-6.5,-74.9,136.0
-6.5,-74.85,122.0
-6.5,-74.8,131.0
-6.5,-74.75,131.0
-6.5,-74.7,158.0
-6.5,-74.65,175.0
-6.5,-74.6,150.0
-6.5,-74.55,156.0
-6.5,-74.5,174.0
-6.5,-74.45,170.0
-6.5,-74.4,175.0
-6.5,-74.35,141.0
-6.5,-74.3,160.0
-6.5,-74.25,199.0
-6.5,-74.2,171.0
-6.5,-74.15,177.0
-6.5,-74.1,161.0
-6.5,-74.05,188.0
-6.5,-74.0,178.0
-6.5,-73.95,194.0
-6.5,-73.9,183.0
-6.5,-73.85,181.0
-6.5,-73.8,158.0
-6.5,-73.75,171.0
-6.5,-73.7,180.0
-6.5,-73.65,181.0
-6.5,-73.6,176.0
-6.5,-73.55,198.0
-6.5,-73.5,201.0
-6.5,-73.45,194.0
-6.5,-73.4,194.0
-6.5,-73.35,197.0
-6.5,-73.3,205.0
-6.5,-73.25,202.0
-6.5,-73.2,180.0
-6.5,-73.15,184.0
-6.5,-73.1,182.0
-6.5,-73.05,192.0
-6.5,-73.0,204.0
-6.5,-72.95,193.0
-6.5,-72.9,191.0
-6.5,-72.85,173.0
-6.5,-72.8,178.0
-6.5,-72.75,170.0
-6.5,-72.7,164.0
-6.5,-72.65,168.0
-6.5,-72.6,160.0
-6.5,-72.55,221.0
-6.5,-72.5,196.0
-6.5,-72.45,190.0
-6.5,-72.4,198.0
-6.5,-72.35,169.0
-6.5,-72.3,166.0
-6.5,-72.25,195.0
-6.5,-72.2,198.0
-6.5,-72.15,195.0
-6.5,-72.1,176.0
-6.5,-72.05,177.0
-6.5,-72.0,183.0
-6.5,-71.95,193.0
-6.5,-71.9,180.0
-6.5,-71.85,168.0
-6.5,-71.8,143.0
-6.5,-71.75,170.0
-6.5,-71.7,178.0
-6.5,-71.65,196.0
-6.5,-71.6,199.0
-6.5,-71.55,180.0
-6.5,-71.5,192.0
-6.5,-71.45,213.0
-6.5,-71.4,197.0
-6.5,-71.35,198.0
-6.5,-71.3,167.0
-6.5,-71.25,171.0
-6.5,-71.2,173.0
-6.5,-71.15,194.0
-6.5,-71.1,210.0
-6.5,-71.05,175.0
-6.5,-71.0,167.0
-6.5,-70.95,188.0
-6.5,-70.9,168.0
-6.5,-70.85,157.0
-6.5,-70.8,191.0
-6.5,-70.75,166.0
-6.5,-70.7,198.0
-6.5,-70.65,206.0
-6.5,-70.6,210.0
-6.5,-70.55,199.0
-6.5,-70.5,217.0
-6.5,-70.45,212.0
-6.5,-70.4,204.0
-6.5,-70.35,223.0
-6.5,-70.3,200.0
-6.5,-70.25,191.0
-6.5,-70.2,203.0
-6.5,-70.15,176.0
-6.5,-70.1,173.0
-6.5,-70.05,179.0
-6.5,-70.0,186.0
-6.5,-69.95,202.0
-6.5,-69.9,187.0
-6.5,-69.85,173.0
-6.5,-69.8,186.0
-6.5,-69.75,162.0
-6.5,-69.7,152.0
-6.5,-69.65,144.0
-6.5,-69.6,150.0
-6.5,-69.55,142.0
-6.5,-69.5,135.0
-6.5,-69.45,143.0
-6.5,-69.4,134.0
-6.5,-69.35,145.0
-6.5,-69.3,141.0
-6.5,-69.25,136.0
-6.5,-69.2,140.0
-6.5,-69.15,121.0
-6.5,-69.1,106.0
-6.5,-69.05,119.0
-6.5,-69.0,118.0
-6.5,-68.95,115.0
-6.5,-68.9,119.0
-6.5,-68.85,116.0
-6.5,-68.8,117.0
-6.5,-68.75,117.0
-6.5,-68.7,101.0
-6.5,-68.65,112.0
-6.5,-68.6,112.0
-6.5,-68.55,111.0
-6.5,-68.5,111.0
-6.5,-68.45,112.0
-6.5,-68.4,115.0
-6.5,-68.35,111.0
-6.5,-68.3,102.0
-6.5,-68.25,109.0
-6.5,-68.2,100.0
-6.5,-68.15,124.0
-6.5,-68.1,122.0
-6.5,-68.05,117.0
-6.5,-68.0,105.0
-6.25,-82.0,0.0
-6.25,-81.95,0.0
-6.25,-81.9,0.0
-6.25,-81.85,0.0
-6.25,-81.8,0.0
-6.25,-81.75,0.0
-6.25,-81.7,0.0
-6.25,-81.65,0.0
-6.25,-81.6,0.0
-6.25,-81.55,0.0
-6.25,-81.5,0.0
-6.25,-81.45,0.0
-6.25,-81.4,0.0
-6.25,-81.35,0.0
-6.25,-81.3,0.0
-6.25,-81.25,0.0
-6.25,-81.2,0.0
-6.25,-81.15,0.0
-6.25,-81.1,0.0
-6.25,-81.05,0.0
-6.25,-81.0,0.0
-6.25,-80.95,0.0
-6.25,-80.9,0.0
-6.25,-80.85,0.0
-6.25,-80.8,0.0
-6.25,-80.75,0.0
-6.25,-80.7,6.0
-6.25,-80.65,-6.0
-6.25,-80.6,7.0
-6.25,-80.55,2.0
-6.25,-80.5,3.0
-6.25,-80.45,1.0
-6.25,-80.4,1.0
-6.25,-80.35,7.0
-6.25,-80.3,9.0
-6.25,-80.25,14.0
-6.25,-80.2,19.0
-6.25,-80.15,27.0
-6.25,-80.1,34.0
-6.25,-80.05,43.0
-6.25,-80.0,50.0
-6.25,-79.95,61.0
-6.25,-79.9,74.0
-6.25,-79.85,97.0
-6.25,-79.8,201.0
-6.25,-79.75,99.0
-6.25,-79.7,104.0
-6.25,-79.65,136.0
-6.25,-79.6,241.0
-6.25,-79.55,633.0
-6.25,-79.5,1299.0
-6.25,-79.45,2827.0
-6.25,-79.4,2210.0
-6.25,-79.35,2666.0
-6.25,-79.3,3424.0
-6.25,-79.25,3176.0
-6.25,-79.2,3398.0
-6.25,-79.15,3048.0
-6.25,-79.1,2409.0
-6.25,-79.05,1444.0
-6.25,-79.0,1143.0
-6.25,-78.95,1998.0
-6.25,-78.9,1991.0
-6.25,-78.85,1955.0
-6.25,-78.8,2727.0
-6.25,-78.75,2841.0
-6.25,-78.7,2216.0
-6.25,-78.65,2508.0
-6.25,-78.6,2594.0
-6.25,-78.55,2217.0
-6.25,-78.5,1263.0
-6.25,-78.45,1684.0
-6.25,-78.4,1568.0
-6.25,-78.35,1794.0
-6.25,-78.3,1096.0
-6.25,-78.25,1497.0
-6.25,-78.2,1695.0
-6.25,-78.15,2088.0
-6.25,-78.1,2910.0
-6.25,-78.05,2825.0
-6.25,-78.0,2510.0
-6.25,-77.95,2243.0
-6.25,-77.9,2048.0
-6.25,-77.85,2565.0
-6.25,-77.8,2388.0
-6.25,-77.75,2512.0
-6.25,-77.7,2120.0
-6.25,-77.65,2980.0
-6.25,-77.6,2756.0
-6.25,-77.55,2424.0
-6.25,-77.5,2424.0
-6.25,-77.45,2963.0
-6.25,-77.4,2430.0
-6.25,-77.35,1837.0
-6.25,-77.3,2352.0
-6.25,-77.25,1554.0
-6.25,-77.2,1329.0
-6.25,-77.15,1730.0
-6.25,-77.1,1153.0
-6.25,-77.05,1230.0
-6.25,-77.0,1413.0
-6.25,-76.95,1727.0
-6.25,-76.9,1563.0
-6.25,-76.85,1756.0
-6.25,-76.8,903.0
-6.25,-76.75,1502.0
-6.25,-76.7,1017.0
-6.25,-76.65,1004.0
-6.25,-76.6,1010.0
-6.25,-76.55,737.0
-6.25,-76.5,661.0
-6.25,-76.45,689.0
-6.25,-76.4,555.0
-6.25,-76.35,455.0
-6.25,-76.3,197.0
-6.25,-76.25,184.0
-6.25,-76.2,183.0
-6.25,-76.15,181.0
-6.25,-76.1,174.0
-6.25,-76.05,155.0
-6.25,-76.0,169.0
-6.25,-75.95,188.0
-6.25,-75.9,302.0
-6.25,-75.85,224.0
-6.25,-75.8,152.0
-6.25,-75.75,157.0
-6.25,-75.7,156.0
-6.25,-75.65,164.0
-6.25,-75.6,180.0
-6.25,-75.55,198.0
-6.25,-75.5,200.0
-6.25,-75.45,196.0
-6.25,-75.4,164.0
-6.25,-75.35,148.0
-6.25,-75.3,131.0
-6.25,-75.25,120.0
-6.25,-75.2,134.0
-6.25,-75.15,130.0
-6.25,-75.1,135.0
-6.25,-75.05,131.0
-6.25,-75.0,134.0
-6.25,-74.95,120.0
-6.25,-74.9,116.0
-6.25,-74.85,129.0
-6.25,-74.8,132.0
-6.25,-74.75,132.0
-6.25,-74.7,130.0
-6.25,-74.65,130.0
-6.25,-74.6,125.0
-6.25,-74.55,128.0
-6.25,-74.5,130.0
-6.25,-74.45,127.0
-6.25,-74.4,130.0
-6.25,-74.35,124.0
-6.25,-74.3,129.0
-6.25,-74.25,113.0
-6.25,-74.2,112.0
-6.25,-74.15,118.0
-6.25,-74.1,142.0
-6.25,-74.05,161.0
-6.25,-74.0,174.0
-6.25,-73.95,174.0
-6.25,-73.9,140.0
-6.25,-73.85,167.0
-6.25,-73.8,180.0
-6.25,-73.75,159.0
-6.25,-73.7,175.0
-6.25,-73.65,169.0
-6.25,-73.6,159.0
-6.25,-73.55,154.0
-6.25,-73.5,173.0
-6.25,-73.45,184.0
-6.25,-73.4,170.0
-6.25,-73.35,185.0
-6.25,-73.3,178.0
-6.25,-73.25,180.0
-6.25,-73.2,146.0
-6.25,-73.15,164.0
-6.25,-73.1,184.0
-6.25,-73.05,214.0
-6.25,-73.0,214.0
-6.25,-72.95,185.0
-6.25,-72.9,196.0
-6.25,-72.85,190.0
-6.25,-72.8,178.0
-6.25,-72.75,162.0
-6.25,-72.7,187.0
-6.25,-72.65,186.0
-6.25,-72.6,186.0
-6.25,-72.55,183.0
-6.25,-72.5,173.0
-6.25,-72.45,149.0
-6.25,-72.4,150.0
-6.25,-72.35,167.0
-6.25,-72.3,180.0
-6.25,-72.25,166.0
-6.25,-72.2,153.0
-6.25,-72.15,176.0
-6.25,-72.1,170.0
-6.25,-72.05,156.0
-6.25,-72.0,162.0
-6.25,-71.95,184.0
-6.25,-71.9,181.0
-6.25,-71.85,183.0
-6.25,-71.8,183.0
-6.25,-71.75,178.0
-6.25,-71.7,169.0
-6.25,-71.65,135.0
-6.25,-71.6,170.0
-6.25,-71.55,165.0
-6.25,-71.5,171.0
-6.25,-71.45,219.0
-6.25,-71.4,190.0
-6.25,-71.35,165.0
-6.25,-71.3,156.0
-6.25,-71.25,168.0
-6.25,-71.2,161.0
-6.25,-71.15,189.0
-6.25,-71.1,188.0
-6.25,-71.05,180.0
-6.25,-71.0,182.0
-6.25,-70.95,171.0
-6.25,-70.9,166.0
-6.25,-70.85,155.0
-6.25,-70.8,178.0
-6.25,-70.75,184.0
-6.25,-70.7,162.0
-6.25,-70.65,149.0
-6.25,-70.6,127.0
-6.25,-70.55,186.0
-6.25,-70.5,163.0
-6.25,-70.45,181.0
-6.25,-70.4,190.0
-6.25,-70.35,210.0
-6.25,-70.3,212.0
-6.25,-70.25,217.0
-6.25,-70.2,197.0
-6.25,-70.15,184.0
-6.25,-70.1,186.0
-6.25,-70.05,184.0
-6.25,-70.0,165.0
-6.25,-69.95,156.0
-6.25,-69.9,156.0
-6.25,-69.85,160.0
-6.25,-69.8,152.0
-6.25,-69.75,133.0
-6.25,-69.7,152.0
-6.25,-69.65,157.0
-6.25,-69.6,161.0
-6.25,-69.55,145.0
-6.25,-69.5,155.0
-6.25,-69.45,178.0
-6.25,-69.4,187.0
-6.25,-69.35,203.0
-6.25,-69.3,175.0
-6.25,-69.25,198.0
-6.25,-69.2,186.0
-6.25,-69.15,171.0
-6.25,-69.1,199.0
-6.25,-69.05,178.0
-6.25,-69.0,188.0
-6.25,-68.95,192.0
-6.25,-68.9,179.0
-6.25,-68.85,181.0
-6.25,-68.8,164.0
-6.25,-68.75,168.0
-6.25,-68.7,125.0
-6.25,-68.65,161.0
-6.25,-68.6,171.0
-6.25,-68.55,169.0
-6.25,-68.5,165.0
-6.25,-68.45,142.0
-6.25,-68.4,152.0
-6.25,-68.35,150.0
-6.25,-68.3,149.0
-6.25,-68.25,162.0
-6.25,-68.2,144.0
-6.25,-68.15,136.0
-6.25,-68.1,112.0
-6.25,-68.05,111.0
-6.25,-68.0,107.0
-6.0,-82.0,0.0
-6.0,-81.95,0.0
-6.0,-81.9,0.0
-6.0,-81.85,0.0
-6.0,-81.8,0.0
-6.0,-81.75,0.0
-6.0,-81.7,0.0
-6.0,-81.65,0.0
-6.0,-81.6,0.0
-6.0,-81.55,0.0
-6.0,-81.5,0.0
-6.0,-81.45,0.0
-6.0,-81.4,0.0
-6.0,-81.35,0.0
-6.0,-81.3,0.0
-6.0,-81.25,0.0
-6.0,-81.2,0.0
-6.0,-81.15,0.0
-6.0,-81.1,247.0
-6.0,-81.05,348.0
-6.0,-81.0,351.0
-6.0,-80.95,195.0
-6.0,-80.9,73.0
-6.0,-80.85,32.0
-6.0,-80.8,18.0
-6.0,-80.75,-3.0
-6.0,-80.7,30.0
-6.0,-80.65,1.0
-6.0,-80.6,2.0
-6.0,-80.55,2.0
-6.0,-80.5,20.0
-6.0,-80.45,20.0
-6.0,-80.4,17.0
-6.0,-80.35,23.0
-6.0,-80.3,37.0
-6.0,-80.25,44.0
-6.0,-80.2,58.0
-6.0,-80.15,52.0
-6.0,-80.1,66.0
-6.0,-80.05,75.0
-6.0,-80.0,76.0
-6.0,-79.95,99.0
-6.0,-79.9,263.0
-6.0,-79.85,665.0
-6.0,-79.8,469.0
-6.0,-79.75,168.0
-6.0,-79.7,255.0
-6.0,-79.65,705.0
-6.0,-79.6,848.0
-6.0,-79.55,1370.0
-6.0,-79.5,1637.0
-6.0,-79.45,2413.0
-6.0,-79.4,2726.0
-6.0,-79.35,1916.0
-6.0,-79.3,2374.0
-6.0,-79.25,2567.0
-6.0,-79.2,1441.0
-6.0,-79.15,1244.0
-6.0,-79.1,1874.0
-6.0,-79.05,1418.0
-6.0,-79.0,1178.0
-6.0,-78.95,1125.0
-6.0,-78.9,2045.0
-6.0,-78.85,797.0
-6.0,-78.8,2004.0
-6.0,-78.75,1484.0
-6.0,-78.7,1377.0
-6.0,-78.65,679.0
-6.0,-78.6,935.0
-6.0,-78.55,1454.0
-6.0,-78.5,1667.0
-6.0,-78.45,2058.0
-6.0,-78.4,2054.0
-6.0,-78.35,2554.0
-6.0,-78.3,2092.0
-6.0,-78.25,2569.0
-6.0,-78.2,1676.0
-6.0,-78.15,1472.0
-6.0,-78.1,2469.0
-6.0,-78.05,3145.0
-6.0,-78.0,2054.0
-6.0,-77.95,1860.0
-6.0,-77.9,2699.0
-6.0,-77.85,3025.0
-6.0,-77.8,3364.0
-6.0,-77.75,2940.0
-6.0,-77.7,2984.0
-6.0,-77.65,3520.0
-6.0,-77.6,3364.0
-6.0,-77.55,2933.0
-6.0,-77.5,3263.0
-6.0,-77.45,2015.0
-6.0,-77.4,2050.0
-6.0,-77.35,1726.0
-6.0,-77.3,1389.0
-6.0,-77.25,825.0
-6.0,-77.2,822.0
-6.0,-77.15,813.0
-6.0,-77.1,826.0
-6.0,-77.05,897.0
-6.0,-77.0,830.0
-6.0,-76.95,959.0
-6.0,-76.9,1142.0
-6.0,-76.85,1210.0
-6.0,-76.8,1324.0
-6.0,-76.75,1639.0
-6.0,-76.7,1205.0
-6.0,-76.65,998.0
-6.0,-76.6,1205.0
-6.0,-76.55,604.0
-6.0,-76.5,345.0
-6.0,-76.45,204.0
-6.0,-76.4,189.0
-6.0,-76.35,169.0
-6.0,-76.3,174.0
-6.0,-76.25,163.0
-6.0,-76.2,165.0
-6.0,-76.15,161.0
-6.0,-76.1,148.0
-6.0,-76.05,133.0
-6.0,-76.0,141.0
-6.0,-75.95,140.0
-6.0,-75.9,155.0
-6.0,-75.85,168.0
-6.0,-75.8,208.0
-6.0,-75.75,201.0
-6.0,-75.7,214.0
-6.0,-75.65,197.0
-6.0,-75.6,199.0
-6.0,-75.55,197.0
-6.0,-75.5,189.0
-6.0,-75.45,169.0
-6.0,-75.4,171.0
-6.0,-75.35,154.0
-6.0,-75.3,137.0
-6.0,-75.25,138.0
-6.0,-75.2,130.0
-6.0,-75.15,134.0
-6.0,-75.1,122.0
-6.0,-75.05,123.0
-6.0,-75.0,135.0
-6.0,-74.95,131.0
-6.0,-74.9,138.0
-6.0,-74.85,126.0
-6.0,-74.8,111.0
-6.0,-74.75,126.0
-6.0,-74.7,116.0
-6.0,-74.65,132.0
-6.0,-74.6,127.0
-6.0,-74.55,110.0
-6.0,-74.5,111.0
-6.0,-74.45,108.0
-6.0,-74.4,122.0
-6.0,-74.35,120.0
-6.0,-74.3,119.0
-6.0,-74.25,115.0
-6.0,-74.2,109.0
-6.0,-74.15,115.0
-6.0,-74.1,131.0
-6.0,-74.05,124.0
-6.0,-74.0,148.0
-6.0,-73.95,150.0
-6.0,-73.9,141.0
-6.0,-73.85,170.0
-6.0,-73.8,172.0
-6.0,-73.75,135.0
-6.0,-73.7,126.0
-6.0,-73.65,139.0
-6.0,-73.6,156.0
-6.0,-73.55,162.0
-6.0,-73.5,164.0
-6.0,-73.45,175.0
-6.0,-73.4,180.0
-6.0,-73.35,164.0
-6.0,-73.3,183.0
-6.0,-73.25,161.0
-6.0,-73.2,137.0
-6.0,-73.15,167.0
-6.0,-73.1,182.0
-6.0,-73.05,167.0
-6.0,-73.0,175.0
-6.0,-72.95,183.0
-6.0,-72.9,165.0
-6.0,-72.85,171.0
-6.0,-72.8,191.0
-6.0,-72.75,186.0
-6.0,-72.7,152.0
-6.0,-72.65,153.0
-6.0,-72.6,155.0
-6.0,-72.55,164.0
-6.0,-72.5,175.0
-6.0,-72.45,164.0
-6.0,-72.4,177.0
-6.0,-72.35,165.0
-6.0,-72.3,132.0
-6.0,-72.25,139.0
-6.0,-72.2,165.0
-6.0,-72.15,138.0
-6.0,-72.1,131.0
-6.0,-72.05,169.0
-6.0,-72.0,168.0
-6.0,-71.95,183.0
-6.0,-71.9,174.0
-6.0,-71.85,179.0
-6.0,-71.8,173.0
-6.0,-71.75,122.0
-6.0,-71.7,178.0
-6.0,-71.65,160.0
-6.0,-71.6,148.0
-6.0,-71.55,148.0
-6.0,-71.5,152.0
-6.0,-71.45,137.0
-6.0,-71.4,159.0
-6.0,-71.35,190.0
-6.0,-71.3,181.0
-6.0,-71.25,165.0
-6.0,-71.2,171.0
-6.0,-71.15,147.0
-6.0,-71.1,129.0
-6.0,-71.05,157.0
-6.0,-71.0,175.0
-6.0,-70.95,191.0
-6.0,-70.9,177.0
-6.0,-70.85,178.0
-6.0,-70.8,194.0
-6.0,-70.75,161.0
-6.0,-70.7,168.0
-6.0,-70.65,148.0
-6.0,-70.6,141.0
-6.0,-70.55,163.0
-6.0,-70.5,175.0
-6.0,-70.45,181.0
-6.0,-70.4,179.0
-6.0,-70.35,184.0
-6.0,-70.3,216.0
-6.0,-70.25,218.0
-6.0,-70.2,191.0
-6.0,-70.15,156.0
-6.0,-70.1,195.0
-6.0,-70.05,191.0
-6.0,-70.0,160.0
-6.0,-69.95,166.0
-6.0,-69.9,143.0
-6.0,-69.85,153.0
-6.0,-69.8,161.0
-6.0,-69.75,142.0
-6.0,-69.7,136.0
-6.0,-69.65,144.0
-6.0,-69.6,153.0
-6.0,-69.55,156.0
-6.0,-69.5,137.0
-6.0,-69.45,136.0
-6.0,-69.4,166.0
-6.0,-69.35,143.0
-6.0,-69.3,154.0
-6.0,-69.25,183.0
-6.0,-69.2,180.0
-6.0,-69.15,177.0
-6.0,-69.1,158.0
-6.0,-69.05,164.0
-6.0,-69.0,166.0
-6.0,-68.95,160.0
-6.0,-68.9,173.0
-6.0,-68.85,173.0
-6.0,-68.8,155.0
-6.0,-68.75,140.0
-6.0,-68.7,158.0
-6.0,-68.65,136.0
-6.0,-68.6,150.0
-6.0,-68.55,164.0
-6.0,-68.5,155.0
-6.0,-68.45,152.0
-6.0,-68.4,135.0
-6.0,-68.35,133.0
-6.0,-68.3,164.0
-6.0,-68.25,155.0
-6.0,-68.2,157.0
-6.0,-68.15,147.0
-6.0,-68.1,149.0
-6.0,-68.05,115.0
-6.0,-68.0,115.0
-5.75,-82.0,0.0
-5.75,-81.95,0.0
-5.75,-81.9,0.0
-5.75,-81.85,0.0
-5.75,-81.8,0.0
-5.75,-81.75,0.0
-5.75,-81.7,0.0
-5.75,-81.65,0.0
-5.75,-81.6,0.0
-5.75,-81.55,0.0
-5.75,-81.5,0.0
-5.75,-81.45,0.0
-5.75,-81.4,0.0
-5.75,-81.35,0.0
-5.75,-81.3,0.0
-5.75,-81.25,0.0
-5.75,-81.2,0.0
-5.75,-81.15,0.0
-5.75,-81.1,0.0
-5.75,-81.05,0.0
-5.75,-81.0,0.0
-5.75,-80.95,0.0
-5.75,-80.9,0.0
-5.75,-80.85,11.0
-5.75,-80.8,9.0
-5.75,-80.75,4.0
-5.75,-80.7,2.0
-5.75,-80.65,1.0
-5.75,-80.6,-2.0
-5.75,-80.55,20.0
-5.75,-80.5,29.0
-5.75,-80.45,41.0
-5.75,-80.4,47.0
-5.75,-80.35,64.0
-5.75,-80.3,76.0
-5.75,-80.25,101.0
-5.75,-80.2,119.0
-5.75,-80.15,123.0
-5.75,-80.1,123.0
-5.75,-80.05,121.0
-5.75,-80.0,120.0
-5.75,-79.95,114.0
-5.75,-79.9,124.0
-5.75,-79.85,132.0
-5.75,-79.8,147.0
-5.75,-79.75,817.0
-5.75,-79.7,560.0
-5.75,-79.65,1283.0
-5.75,-79.6,2490.0
-5.75,-79.55,2219.0
-5.75,-79.5,2402.0
-5.75,-79.45,2193.0
-5.75,-79.4,1246.0
-5.75,-79.35,2104.0
-5.75,-79.3,2461.0
-5.75,-79.25,2690.0
-5.75,-79.2,2953.0
-5.75,-79.15,3151.0
-5.75,-79.1,1830.0
-5.75,-79.05,1682.0
-5.75,-79.0,1766.0
-5.75,-78.95,2908.0
-5.75,-78.9,2377.0
-5.75,-78.85,1307.0
-5.75,-78.8,1039.0
-5.75,-78.75,917.0
-5.75,-78.7,555.0
-5.75,-78.65,592.0
-5.75,-78.6,745.0
-5.75,-78.55,576.0
-5.75,-78.5,502.0
-5.75,-78.45,462.0
-5.75,-78.4,500.0
-5.75,-78.35,728.0
-5.75,-78.3,822.0
-5.75,-78.25,978.0
-5.75,-78.2,2452.0
-5.75,-78.15,2211.0
-5.75,-78.1,3128.0
-5.75,-78.05,2497.0
-5.75,-78.0,2371.0
-5.75,-77.95,1948.0
-5.75,-77.9,1920.0
-5.75,-77.85,2144.0
-5.75,-77.8,3046.0
-5.75,-77.75,2765.0
-5.75,-77.7,2059.0
-5.75,-77.65,2140.0
-5.75,-77.6,1983.0
-5.75,-77.55,1105.0
-5.75,-77.5,1038.0
-5.75,-77.45,921.0
-5.75,-77.4,873.0
-5.75,-77.35,844.0
-5.75,-77.3,837.0
-5.75,-77.25,903.0
-5.75,-77.2,898.0
-5.75,-77.15,924.0
-5.75,-77.1,917.0
-5.75,-77.05,867.0
-5.75,-77.0,846.0
-5.75,-76.95,918.0
-5.75,-76.9,1362.0
-5.75,-76.85,1251.0
-5.75,-76.8,1532.0
-5.75,-76.75,1092.0
-5.75,-76.7,752.0
-5.75,-76.65,242.0
-5.75,-76.6,205.0
-5.75,-76.55,191.0
-5.75,-76.5,180.0
-5.75,-76.45,183.0
-5.75,-76.4,163.0
-5.75,-76.35,181.0
-5.75,-76.3,170.0
-5.75,-76.25,147.0
-5.75,-76.2,147.0
-5.75,-76.15,157.0
-5.75,-76.1,142.0
-5.75,-76.05,147.0
-5.75,-76.0,127.0
-5.75,-75.95,160.0
-5.75,-75.9,201.0
-5.75,-75.85,181.0
-5.75,-75.8,174.0
-5.75,-75.75,188.0
-5.75,-75.7,175.0
-5.75,-75.65,178.0
-5.75,-75.6,189.0
-5.75,-75.55,207.0
-5.75,-75.5,201.0
-5.75,-75.45,193.0
-5.75,-75.4,193.0
-5.75,-75.35,186.0
-5.75,-75.3,143.0
-5.75,-75.25,132.0
-5.75,-75.2,117.0
-5.75,-75.15,133.0
-5.75,-75.1,127.0
-5.75,-75.05,107.0
-5.75,-75.0,125.0
-5.75,-74.95,134.0
-5.75,-74.9,132.0
-5.75,-74.85,127.0
-5.75,-74.8,112.0
-5.75,-74.75,111.0
-5.75,-74.7,122.0
-5.75,-74.65,122.0
-5.75,-74.6,117.0
-5.75,-74.55,112.0
-5.75,-74.5,122.0
-5.75,-74.45,111.0
-5.75,-74.4,109.0
-5.75,-74.35,127.0
-5.75,-74.3,122.0
-5.75,-74.25,125.0
-5.75,-74.2,127.0
-5.75,-74.15,119.0
-5.75,-74.1,115.0
-5.75,-74.05,120.0
-5.75,-74.0,118.0
-5.75,-73.95,114.0
-5.75,-73.9,112.0
-5.75,-73.85,114.0
-5.75,-73.8,127.0
-5.75,-73.75,136.0
-5.75,-73.7,140.0
-5.75,-73.65,149.0
-5.75,-73.6,157.0
-5.75,-73.55,146.0
-5.75,-73.5,171.0
-5.75,-73.45,165.0
-5.75,-73.4,169.0
-5.75,-73.35,173.0
-5.75,-73.3,176.0
-5.75,-73.25,175.0
-5.75,-73.2,173.0
-5.75,-73.15,164.0
-5.75,-73.1,146.0
-5.75,-73.05,157.0
-5.75,-73.0,134.0
-5.75,-72.95,155.0
-5.75,-72.9,170.0
-5.75,-72.85,172.0
-5.75,-72.8,155.0
-5.75,-72.75,132.0
-5.75,-72.7,156.0
-5.75,-72.65,152.0
-5.75,-72.6,164.0
-5.75,-72.55,153.0
-5.75,-72.5,153.0
-5.75,-72.45,121.0
-5.75,-72.4,149.0
-5.75,-72.35,143.0
-5.75,-72.3,139.0
-5.75,-72.25,164.0
-5.75,-72.2,144.0
-5.75,-72.15,145.0
-5.75,-72.1,126.0
-5.75,-72.05,138.0
-5.75,-72.0,154.0
-5.75,-71.95,147.0
-5.75,-71.9,141.0
-5.75,-71.85,161.0
-5.75,-71.8,202.0
-5.75,-71.75,197.0
-5.75,-71.7,172.0
-5.75,-71.65,164.0
-5.75,-71.6,175.0
-5.75,-71.55,174.0
-5.75,-71.5,146.0
-5.75,-71.45,137.0
-5.75,-71.4,116.0
-5.75,-71.35,147.0
-5.75,-71.3,145.0
-5.75,-71.25,188.0
-5.75,-71.2,175.0
-5.75,-71.15,157.0
-5.75,-71.1,131.0
-5.75,-71.05,163.0
-5.75,-71.0,162.0
-5.75,-70.95,161.0
-5.75,-70.9,166.0
-5.75,-70.85,156.0
-5.75,-70.8,133.0
-5.75,-70.75,136.0
-5.75,-70.7,141.0
-5.75,-70.65,171.0
-5.75,-70.6,173.0
-5.75,-70.55,151.0
-5.75,-70.5,133.0
-5.75,-70.45,126.0
-5.75,-70.4,144.0
-5.75,-70.35,143.0
-5.75,-70.3,158.0
-5.75,-70.25,181.0
-5.75,-70.2,179.0
-5.75,-70.15,164.0
-5.75,-70.1,158.0
-5.75,-70.05,150.0
-5.75,-70.0,186.0
-5.75,-69.95,200.0
-5.75,-69.9,210.0
-5.75,-69.85,177.0
-5.75,-69.8,206.0
-5.75,-69.75,182.0
-5.75,-69.7,172.0
-5.75,-69.65,182.0
-5.75,-69.6,147.0
-5.75,-69.55,161.0
-5.75,-69.5,153.0
-5.75,-69.45,133.0
-5.75,-69.4,120.0
-5.75,-69.35,125.0
-5.75,-69.3,126.0
-5.75,-69.25,147.0
-5.75,-69.2,147.0
-5.75,-69.15,138.0
-5.75,-69.1,147.0
-5.75,-69.05,183.0
-5.75,-69.0,181.0
-5.75,-68.95,175.0
-5.75,-68.9,167.0
-5.75,-68.85,160.0
-5.75,-68.8,158.0
-5.75,-68.75,162.0
-5.75,-68.7,151.0
-5.75,-68.65,155.0
-5.75,-68.6,121.0
-5.75,-68.55,144.0
-5.75,-68.5,146.0
-5.75,-68.45,145.0
-5.75,-68.4,121.0
-5.75,-68.35,149.0
-5.75,-68.3,140.0
-5.75,-68.25,157.0
-5.75,-68.2,155.0
-5.75,-68.15,152.0
-5.75,-68.1,157.0
-5.75,-68.05,148.0
-5.75,-68.0,146.0
-5.5,-82.0,0.0
-5.5,-81.95,0.0
-5.5,-81.9,0.0
-5.5,-81.85,0.0
-5.5,-81.8,0.0
-5.5,-81.75,0.0
-5.5,-81.7,0.0
-5.5,-81.65,0.0
-5.5,-81.6,0.0
-5.5,-81.55,0.0
-5.5,-81.5,0.0
-5.5,-81.45,0.0
-5.5,-81.4,0.0
-5.5,-81.35,0.0
-5.5,-81.3,0.0
-5.5,-81.25,0.0
-5.5,-81.2,0.0
-5.5,-81.15,0.0
-5.5,-81.1,0.0
-5.5,-81.05,0.0
-5.5,-81.0,0.0
-5.5,-80.95,0.0
-5.5,-80.9,0.0
-5.5,-80.85,10.0
-5.5,-80.8,7.0
-5.5,-80.75,7.0
-5.5,-80.7,14.0
-5.5,-80.65,11.0
-5.5,-80.6,16.0
-5.5,-80.55,80.0
-5.5,-80.5,80.0
-5.5,-80.45,118.0
-5.5,-80.4,158.0
-5.5,-80.35,198.0
-5.5,-80.3,225.0
-5.5,-80.25,225.0
-5.5,-80.2,242.0
-5.5,-80.15,230.0
-5.5,-80.1,219.0
-5.5,-80.05,217.0
-5.5,-80.0,240.0
-5.5,-79.95,545.0
-5.5,-79.9,664.0
-5.5,-79.85,597.0
-5.5,-79.8,688.0
-5.5,-79.75,539.0
-5.5,-79.7,355.0
-5.5,-79.65,1287.0
-5.5,-79.6,1207.0
-5.5,-79.55,1494.0
-5.5,-79.5,2048.0
-5.5,-79.45,2710.0
-5.5,-79.4,1471.0
-5.5,-79.35,2026.0
-5.5,-79.3,2840.0
-5.5,-79.25,3770.0
-5.5,-79.2,3159.0
-5.5,-79.15,1918.0
-5.5,-79.1,1485.0
-5.5,-79.05,2214.0
-5.5,-79.0,1018.0
-5.5,-78.95,1242.0
-5.5,-78.9,1119.0
-5.5,-78.85,795.0
-5.5,-78.8,664.0
-5.5,-78.75,556.0
-5.5,-78.7,528.0
-5.5,-78.65,483.0
-5.5,-78.6,367.0
-5.5,-78.55,477.0
-5.5,-78.5,1174.0
-5.5,-78.45,818.0
-5.5,-78.4,1234.0
-5.5,-78.35,2348.0
-5.5,-78.3,2668.0
-5.5,-78.25,2785.0
-5.5,-78.2,1281.0
-5.5,-78.15,1480.0
-5.5,-78.1,1746.0
-5.5,-78.05,1945.0
-5.5,-78.0,1107.0
-5.5,-77.95,1882.0
-5.5,-77.9,1878.0
-5.5,-77.85,1508.0
-5.5,-77.8,1665.0
-5.5,-77.75,1854.0
-5.5,-77.7,1461.0
-5.5,-77.65,1323.0
-5.5,-77.6,1253.0
-5.5,-77.55,1502.0
-5.5,-77.5,2141.0
-5.5,-77.45,1382.0
-5.5,-77.4,1536.0
-5.5,-77.35,904.0
-5.5,-77.3,1108.0
-5.5,-77.25,1145.0
-5.5,-77.2,874.0
-5.5,-77.15,1137.0
-5.5,-77.1,1198.0
-5.5,-77.05,822.0
-5.5,-77.0,689.0
-5.5,-76.95,982.0
-5.5,-76.9,933.0
-5.5,-76.85,780.0
-5.5,-76.8,422.0
-5.5,-76.75,245.0
-5.5,-76.7,271.0
-5.5,-76.65,214.0
-5.5,-76.6,215.0
-5.5,-76.55,223.0
-5.5,-76.5,211.0
-5.5,-76.45,212.0
-5.5,-76.4,239.0
-5.5,-76.35,230.0
-5.5,-76.3,195.0
-5.5,-76.25,211.0
-5.5,-76.2,191.0
-5.5,-76.15,170.0
-5.5,-76.1,137.0
-5.5,-76.05,134.0
-5.5,-76.0,143.0
-5.5,-75.95,128.0
-5.5,-75.9,123.0
-5.5,-75.85,138.0
-5.5,-75.8,145.0
-5.5,-75.75,158.0
-5.5,-75.7,208.0
-5.5,-75.65,229.0
-5.5,-75.6,185.0
-5.5,-75.55,196.0
-5.5,-75.5,214.0
-5.5,-75.45,217.0
-5.5,-75.4,195.0
-5.5,-75.35,164.0
-5.5,-75.3,143.0
-5.5,-75.25,136.0
-5.5,-75.2,131.0
-5.5,-75.15,127.0
-5.5,-75.1,122.0
-5.5,-75.05,123.0
-5.5,-75.0,127.0
-5.5,-74.95,122.0
-5.5,-74.9,128.0
-5.5,-74.85,127.0
-5.5,-74.8,126.0
-5.5,-74.75,119.0
-5.5,-74.7,119.0
-5.5,-74.65,115.0
-5.5,-74.6,108.0
-5.5,-74.55,107.0
-5.5,-74.5,115.0
-5.5,-74.45,123.0
-5.5,-74.4,110.0
-5.5,-74.35,112.0
-5.5,-74.3,107.0
-5.5,-74.25,113.0
-5.5,-74.2,107.0
-5.5,-74.15,102.0
-5.5,-74.1,118.0
-5.5,-74.05,105.0
-5.5,-74.0,105.0
-5.5,-73.95,104.0
-5.5,-73.9,121.0
-5.5,-73.85,125.0
-5.5,-73.8,126.0
-5.5,-73.75,143.0
-5.5,-73.7,148.0
-5.5,-73.65,149.0
-5.5,-73.6,162.0
-5.5,-73.55,155.0
-5.5,-73.5,147.0
-5.5,-73.45,147.0
-5.5,-73.4,141.0
-5.5,-73.35,157.0
-5.5,-73.3,152.0
-5.5,-73.25,170.0
-5.5,-73.2,161.0
-5.5,-73.15,165.0
-5.5,-73.1,127.0
-5.5,-73.05,147.0
-5.5,-73.0,149.0
-5.5,-72.95,121.0
-5.5,-72.9,139.0
-5.5,-72.85,164.0
-5.5,-72.8,162.0
-5.5,-72.75,170.0
-5.5,-72.7,177.0
-5.5,-72.65,164.0
-5.5,-72.6,160.0
-5.5,-72.55,146.0
-5.5,-72.5,166.0
-5.5,-72.45,157.0
-5.5,-72.4,155.0
-5.5,-72.35,152.0
-5.5,-72.3,138.0
-5.5,-72.25,117.0
-5.5,-72.2,123.0
-5.5,-72.15,145.0
-5.5,-72.1,120.0
-5.5,-72.05,119.0
-5.5,-72.0,169.0
-5.5,-71.95,141.0
-5.5,-71.9,151.0
-5.5,-71.85,163.0
-5.5,-71.8,181.0
-5.5,-71.75,153.0
-5.5,-71.7,152.0
-5.5,-71.65,144.0
-5.5,-71.6,147.0
-5.5,-71.55,159.0
-5.5,-71.5,145.0
-5.5,-71.45,142.0
-5.5,-71.4,124.0
-5.5,-71.35,135.0
-5.5,-71.3,154.0
-5.5,-71.25,129.0
-5.5,-71.2,100.0
-5.5,-71.15,125.0
-5.5,-71.1,139.0
-5.5,-71.05,135.0
-5.5,-71.0,132.0
-5.5,-70.95,111.0
-5.5,-70.9,134.0
-5.5,-70.85,142.0
-5.5,-70.8,166.0
-5.5,-70.75,160.0
-5.5,-70.7,162.0
-5.5,-70.65,137.0
-5.5,-70.6,138.0
-5.5,-70.55,129.0
-5.5,-70.5,131.0
-5.5,-70.45,105.0
-5.5,-70.4,114.0
-5.5,-70.35,132.0
-5.5,-70.3,150.0
-5.5,-70.25,137.0
-5.5,-70.2,175.0
-5.5,-70.15,187.0
-5.5,-70.1,159.0
-5.5,-70.05,152.0
-5.5,-70.0,187.0
-5.5,-69.95,190.0
-5.5,-69.9,181.0
-5.5,-69.85,190.0
-5.5,-69.8,183.0
-5.5,-69.75,163.0
-5.5,-69.7,166.0
-5.5,-69.65,141.0
-5.5,-69.6,139.0
-5.5,-69.55,140.0
-5.5,-69.5,143.0
-5.5,-69.45,137.0
-5.5,-69.4,156.0
-5.5,-69.35,145.0
-5.5,-69.3,151.0
-5.5,-69.25,127.0
-5.5,-69.2,112.0
-5.5,-69.15,128.0
-5.5,-69.1,109.0
-5.5,-69.05,118.0
-5.5,-69.0,132.0
-5.5,-68.95,143.0
-5.5,-68.9,170.0
-5.5,-68.85,154.0
-5.5,-68.8,157.0
-5.5,-68.75,170.0
-5.5,-68.7,145.0
-5.5,-68.65,112.0
-5.5,-68.6,152.0
-5.5,-68.55,142.0
-5.5,-68.5,150.0
-5.5,-68.45,149.0
-5.5,-68.4,117.0
-5.5,-68.35,132.0
-5.5,-68.3,131.0
-5.5,-68.25,155.0
-5.5,-68.2,148.0
-5.5,-68.15,153.0
-5.5,-68.1,148.0
-5.5,-68.05,142.0
-5.5,-68.0,111.0
-5.25,-82.0,0.0
-5.25,-81.95,0.0
-5.25,-81.9,0.0
-5.25,-81.85,0.0
-5.25,-81.8,0.0
-5.25,-81.75,0.0
-5.25,-81.7,0.0
-5.25,-81.65,0.0
-5.25,-81.6,0.0
-5.25,-81.55,0.0
-5.25,-81.5,0.0
-5.25,-81.45,0.0
-5.25,-81.4,0.0
-5.25,-81.35,0.0
-5.25,-81.3,0.0
-5.25,-81.25,0.0
-5.25,-81.2,0.0
-5.25,-81.15,43.0
-5.25,-81.1,160.0
-5.25,-81.05,196.0
-5.25,-81.0,240.0
-5.25,-80.95,135.0
-5.25,-80.9,84.0
-5.25,-80.85,52.0
-5.25,-80.8,48.0
-5.25,-80.75,45.0
-5.25,-80.7,26.0
-5.25,-80.65,27.0
-5.25,-80.6,41.0
-5.25,-80.55,67.0
-5.25,-80.5,137.0
-5.25,-80.45,189.0
-5.25,-80.4,254.0
-5.25,-80.35,254.0
-5.25,-80.3,211.0
-5.25,-80.25,202.0
-5.25,-80.2,153.0
-5.25,-80.15,144.0
-5.25,-80.1,114.0
-5.25,-80.05,106.0
-5.25,-80.0,413.0
-5.25,-79.95,123.0
-5.25,-79.9,444.0
-5.25,-79.85,552.0
-5.25,-79.8,518.0
-5.25,-79.75,389.0
-5.25,-79.7,839.0
-5.25,-79.65,677.0
-5.25,-79.6,1633.0
-5.25,-79.55,3177.0
-5.25,-79.5,2501.0
-5.25,-79.45,2026.0
-5.25,-79.4,2267.0
-5.25,-79.35,3435.0
-5.25,-79.3,2759.0
-5.25,-79.25,3417.0
-5.25,-79.2,1736.0
-5.25,-79.15,2068.0
-5.25,-79.1,2361.0
-5.25,-79.05,1957.0
-5.25,-79.0,2002.0
-5.25,-78.95,1823.0
-5.25,-78.9,1034.0
-5.25,-78.85,979.0
-5.25,-78.8,722.0
-5.25,-78.75,1045.0
-5.25,-78.7,1764.0
-5.25,-78.65,1812.0
-5.25,-78.6,2101.0
-5.25,-78.55,2210.0
-5.25,-78.5,928.0
-5.25,-78.45,383.0
-5.25,-78.4,809.0
-5.25,-78.35,635.0
-5.25,-78.3,715.0
-5.25,-78.25,333.0
-5.25,-78.2,1121.0
-5.25,-78.15,1052.0
-5.25,-78.1,642.0
-5.25,-78.05,984.0
-5.25,-78.0,1098.0
-5.25,-77.95,1047.0
-5.25,-77.9,984.0
-5.25,-77.85,918.0
-5.25,-77.8,696.0
-5.25,-77.75,1038.0
-5.25,-77.7,1526.0
-5.25,-77.65,675.0
-5.25,-77.6,982.0
-5.25,-77.55,792.0
-5.25,-77.5,1010.0
-5.25,-77.45,664.0
-5.25,-77.4,876.0
-5.25,-77.35,1034.0
-5.25,-77.3,665.0
-5.25,-77.25,739.0
-5.25,-77.2,594.0
-5.25,-77.15,430.0
-5.25,-77.1,171.0
-5.25,-77.05,164.0
-5.25,-77.0,186.0
-5.25,-76.95,192.0
-5.25,-76.9,209.0
-5.25,-76.85,206.0
-5.25,-76.8,171.0
-5.25,-76.75,206.0
-5.25,-76.7,228.0
-5.25,-76.65,235.0
-5.25,-76.6,264.0
-5.25,-76.55,227.0
-5.25,-76.5,227.0
-5.25,-76.45,198.0
-5.25,-76.4,180.0
-5.25,-76.35,185.0
-5.25,-76.3,158.0
-5.25,-76.25,145.0
-5.25,-76.2,141.0
-5.25,-76.15,124.0
-5.25,-76.1,116.0
-5.25,-76.05,132.0
-5.25,-76.0,136.0
-5.25,-75.95,133.0
-5.25,-75.9,133.0
-5.25,-75.85,135.0
-5.25,-75.8,128.0
-5.25,-75.75,125.0
-5.25,-75.7,125.0
-5.25,-75.65,140.0
-5.25,-75.6,133.0
-5.25,-75.55,132.0
-5.25,-75.5,120.0
-5.25,-75.45,129.0
-5.25,-75.4,127.0
-5.25,-75.35,127.0
-5.25,-75.3,126.0
-5.25,-75.25,121.0
-5.25,-75.2,120.0
-5.25,-75.15,121.0
-5.25,-75.1,125.0
-5.25,-75.05,124.0
-5.25,-75.0,116.0
-5.25,-74.95,124.0
-5.25,-74.9,127.0
-5.25,-74.85,122.0
-5.25,-74.8,129.0
-5.25,-74.75,124.0
-5.25,-74.7,124.0
-5.25,-74.65,122.0
-5.25,-74.6,121.0
-5.25,-74.55,120.0
-5.25,-74.5,110.0
-5.25,-74.45,105.0
-5.25,-74.4,105.0
-5.25,-74.35,109.0
-5.25,-74.3,120.0
-5.25,-74.25,109.0
-5.25,-74.2,106.0
-5.25,-74.15,110.0
-5.25,-74.1,108.0
-5.25,-74.05,117.0
-5.25,-74.0,108.0
-5.25,-73.95,111.0
-5.25,-73.9,107.0
-5.25,-73.85,131.0
-5.25,-73.8,134.0
-5.25,-73.75,151.0
-5.25,-73.7,168.0
-5.25,-73.65,154.0
-5.25,-73.6,151.0
-5.25,-73.55,134.0
-5.25,-73.5,128.0
-5.25,-73.45,128.0
-5.25,-73.4,142.0
-5.25,-73.35,114.0
-5.25,-73.3,139.0
-5.25,-73.25,122.0
-5.25,-73.2,129.0
-5.25,-73.15,140.0
-5.25,-73.1,119.0
-5.25,-73.05,134.0
-5.25,-73.0,150.0
-5.25,-72.95,133.0
-5.25,-72.9,138.0
-5.25,-72.85,112.0
-5.25,-72.8,135.0
-5.25,-72.75,150.0
-5.25,-72.7,142.0
-5.25,-72.65,147.0
-5.25,-72.6,142.0
-5.25,-72.55,181.0
-5.25,-72.5,155.0
-5.25,-72.45,166.0
-5.25,-72.4,175.0
-5.25,-72.35,190.0
-5.25,-72.3,188.0
-5.25,-72.25,149.0
-5.25,-72.2,145.0
-5.25,-72.15,132.0
-5.25,-72.1,134.0
-5.25,-72.05,123.0
-5.25,-72.0,112.0
-5.25,-71.95,127.0
-5.25,-71.9,144.0
-5.25,-71.85,138.0
-5.25,-71.8,117.0
-5.25,-71.75,150.0
-5.25,-71.7,137.0
-5.25,-71.65,144.0
-5.25,-71.6,139.0
-5.25,-71.55,175.0
-5.25,-71.5,155.0
-5.25,-71.45,169.0
-5.25,-71.4,143.0
-5.25,-71.35,151.0
-5.25,-71.3,122.0
-5.25,-71.25,109.0
-5.25,-71.2,119.0
-5.25,-71.15,120.0
-5.25,-71.1,128.0
-5.25,-71.05,122.0
-5.25,-71.0,141.0
-5.25,-70.95,115.0
-5.25,-70.9,121.0
-5.25,-70.85,97.0
-5.25,-70.8,98.0
-5.25,-70.75,125.0
-5.25,-70.7,115.0
-5.25,-70.65,130.0
-5.25,-70.6,131.0
-5.25,-70.55,142.0
-5.25,-70.5,114.0
-5.25,-70.45,146.0
-5.25,-70.4,138.0
-5.25,-70.35,124.0
-5.25,-70.3,93.0
-5.25,-70.25,128.0
-5.25,-70.2,148.0
-5.25,-70.15,127.0
-5.25,-70.1,159.0
-5.25,-70.05,159.0
-5.25,-70.0,117.0
-5.25,-69.95,148.0
-5.25,-69.9,172.0
-5.25,-69.85,176.0
-5.25,-69.8,185.0
-5.25,-69.75,168.0
-5.25,-69.7,171.0
-5.25,-69.65,172.0
-5.25,-69.6,149.0
-5.25,-69.55,160.0
-5.25,-69.5,158.0
-5.25,-69.45,149.0
-5.25,-69.4,132.0
-5.25,-69.35,111.0
-5.25,-69.3,128.0
-5.25,-69.25,143.0
-5.25,-69.2,126.0
-5.25,-69.15,137.0
-5.25,-69.1,139.0
-5.25,-69.05,149.0
-5.25,-69.0,131.0
-5.25,-68.95,127.0
-5.25,-68.9,97.0
-5.25,-68.85,113.0
-5.25,-68.8,163.0
-5.25,-68.75,162.0
-5.25,-68.7,158.0
-5.25,-68.65,161.0
-5.25,-68.6,139.0
-5.25,-68.55,155.0
-5.25,-68.5,135.0
-5.25,-68.45,156.0
-5.25,-68.4,130.0
-5.25,-68.35,132.0
-5.25,-68.3,99.0
-5.25,-68.25,117.0
-5.25,-68.2,150.0
-5.25,-68.15,139.0
-5.25,-68.1,126.0
-5.25,-68.05,148.0
-5.25,-68.0,138.0
-5.0,-82.0,0.0
-5.0,-81.95,0.0
-5.0,-81.9,0.0
-5.0,-81.85,0.0
-5.0,-81.8,0.0
-5.0,-81.75,0.0
-5.0,-81.7,0.0
-5.0,-81.65,0.0
-5.0,-81.6,0.0
-5.0,-81.55,0.0
-5.0,-81.5,0.0
-5.0,-81.45,0.0
-5.0,-81.4,0.0
-5.0,-81.35,0.0
-5.0,-81.3,0.0
-5.0,-81.25,0.0
-5.0,-81.2,0.0
-5.0,-81.15,0.0
-5.0,-81.1,0.0
-5.0,-81.05,70.0
-5.0,-81.0,89.0
-5.0,-80.95,89.0
-5.0,-80.9,84.0
-5.0,-80.85,71.0
-5.0,-80.8,69.0
-5.0,-80.75,79.0
-5.0,-80.7,73.0
-5.0,-80.65,73.0
-5.0,-80.6,43.0
-5.0,-80.55,87.0
-5.0,-80.5,148.0
-5.0,-80.45,141.0
-5.0,-80.4,152.0
-5.0,-80.35,128.0
-5.0,-80.3,94.0
-5.0,-80.25,72.0
-5.0,-80.2,91.0
-5.0,-80.15,111.0
-5.0,-80.1,270.0
-5.0,-80.05,788.0
-5.0,-80.0,1608.0
-5.0,-79.95,1168.0
-5.0,-79.9,2617.0
-5.0,-79.85,2385.0
-5.0,-79.8,3297.0
-5.0,-79.75,2631.0
-5.0,-79.7,1870.0
-5.0,-79.65,2387.0
-5.0,-79.6,2327.0
-5.0,-79.55,2678.0
-5.0,-79.5,2736.0
-5.0,-79.45,3393.0
-5.0,-79.4,2989.0
-5.0,-79.35,2421.0
-5.0,-79.3,2132.0
-5.0,-79.25,2094.0
-5.0,-79.2,2118.0
-5.0,-79.15,1154.0
-5.0,-79.1,888.0
-5.0,-79.05,734.0
-5.0,-79.0,827.0
-5.0,-78.95,1669.0
-5.0,-78.9,1871.0
-5.0,-78.85,2087.0
-5.0,-78.8,1320.0
-5.0,-78.75,1387.0
-5.0,-78.7,1966.0
-5.0,-78.65,2100.0
-5.0,-78.6,1403.0
-5.0,-78.55,851.0
-5.0,-78.5,1023.0
-5.0,-78.45,763.0
-5.0,-78.4,539.0
-5.0,-78.35,592.0
-5.0,-78.3,418.0
-5.0,-78.25,417.0
-5.0,-78.2,1255.0
-5.0,-78.15,687.0
-5.0,-78.1,872.0
-5.0,-78.05,411.0
-5.0,-78.0,300.0
-5.0,-77.95,289.0
-5.0,-77.9,755.0
-5.0,-77.85,910.0
-5.0,-77.8,1361.0
-5.0,-77.75,1073.0
-5.0,-77.7,761.0
-5.0,-77.65,677.0
-5.0,-77.6,548.0
-5.0,-77.55,453.0
-5.0,-77.5,444.0
-5.0,-77.45,173.0
-5.0,-77.4,195.0
-5.0,-77.35,187.0
-5.0,-77.3,173.0
-5.0,-77.25,164.0
-5.0,-77.2,161.0
-5.0,-77.15,159.0
-5.0,-77.1,157.0
-5.0,-77.05,141.0
-5.0,-77.0,146.0
-5.0,-76.95,133.0
-5.0,-76.9,145.0
-5.0,-76.85,138.0
-5.0,-76.8,137.0
-5.0,-76.75,148.0
-5.0,-76.7,142.0
-5.0,-76.65,132.0
-5.0,-76.6,133.0
-5.0,-76.55,128.0
-5.0,-76.5,126.0
-5.0,-76.45,138.0
-5.0,-76.4,133.0
-5.0,-76.35,146.0
-5.0,-76.3,136.0
-5.0,-76.25,133.0
-5.0,-76.2,136.0
-5.0,-76.15,132.0
-5.0,-76.1,127.0
-5.0,-76.05,135.0
-5.0,-76.0,133.0
-5.0,-75.95,129.0
-5.0,-75.9,114.0
-5.0,-75.85,124.0
-5.0,-75.8,134.0
-5.0,-75.75,131.0
-5.0,-75.7,127.0
-5.0,-75.65,126.0
-5.0,-75.6,127.0
-5.0,-75.55,125.0
-5.0,-75.5,128.0
-5.0,-75.45,125.0
-5.0,-75.4,129.0
-5.0,-75.35,124.0
-5.0,-75.3,124.0
-5.0,-75.25,126.0
-5.0,-75.2,123.0
-5.0,-75.15,124.0
-5.0,-75.1,106.0
-5.0,-75.05,121.0
-5.0,-75.0,121.0
-5.0,-74.95,121.0
-5.0,-74.9,124.0
-5.0,-74.85,118.0
-5.0,-74.8,114.0
-5.0,-74.75,111.0
-5.0,-74.7,118.0
-5.0,-74.65,117.0
-5.0,-74.6,105.0
-5.0,-74.55,114.0
-5.0,-74.5,123.0
-5.0,-74.45,113.0
-5.0,-74.4,123.0
-5.0,-74.35,120.0
-5.0,-74.3,107.0
-5.0,-74.25,107.0
-5.0,-74.2,111.0
-5.0,-74.15,107.0
-5.0,-74.1,109.0
-5.0,-74.05,110.0
-5.0,-74.0,106.0
-5.0,-73.95,107.0
-5.0,-73.9,95.0
-5.0,-73.85,116.0
-5.0,-73.8,106.0
-5.0,-73.75,133.0
-5.0,-73.7,131.0
-5.0,-73.65,129.0
-5.0,-73.6,160.0
-5.0,-73.55,146.0
-5.0,-73.5,144.0
-5.0,-73.45,152.0
-5.0,-73.4,152.0
-5.0,-73.35,168.0
-5.0,-73.3,151.0
-5.0,-73.25,171.0
-5.0,-73.2,174.0
-5.0,-73.15,173.0
-5.0,-73.1,177.0
-5.0,-73.05,182.0
-5.0,-73.0,153.0
-5.0,-72.95,142.0
-5.0,-72.9,146.0
-5.0,-72.85,146.0
-5.0,-72.8,156.0
-5.0,-72.75,138.0
-5.0,-72.7,149.0
-5.0,-72.65,133.0
-5.0,-72.6,99.0
-5.0,-72.55,109.0
-5.0,-72.5,114.0
-5.0,-72.45,134.0
-5.0,-72.4,136.0
-5.0,-72.35,141.0
-5.0,-72.3,157.0
-5.0,-72.25,147.0
-5.0,-72.2,146.0
-5.0,-72.15,125.0
-5.0,-72.1,142.0
-5.0,-72.05,149.0
-5.0,-72.0,158.0
-5.0,-71.95,139.0
-5.0,-71.9,145.0
-5.0,-71.85,129.0
-5.0,-71.8,108.0
-5.0,-71.75,104.0
-5.0,-71.7,117.0
-5.0,-71.65,123.0
-5.0,-71.6,121.0
-5.0,-71.55,150.0
-5.0,-71.5,138.0
-5.0,-71.45,143.0
-5.0,-71.4,140.0
-5.0,-71.35,154.0
-5.0,-71.3,131.0
-5.0,-71.25,126.0
-5.0,-71.2,126.0
-5.0,-71.15,127.0
-5.0,-71.1,139.0
-5.0,-71.05,135.0
-5.0,-71.0,127.0
-5.0,-70.95,120.0
-5.0,-70.9,128.0
-5.0,-70.85,122.0
-5.0,-70.8,138.0
-5.0,-70.75,129.0
-5.0,-70.7,135.0
-5.0,-70.65,138.0
-5.0,-70.6,116.0
-5.0,-70.55,105.0
-5.0,-70.5,83.0
-5.0,-70.45,106.0
-5.0,-70.4,117.0
-5.0,-70.35,125.0
-5.0,-70.3,143.0
-5.0,-70.25,132.0
-5.0,-70.2,115.0
-5.0,-70.15,96.0
-5.0,-70.1,123.0
-5.0,-70.05,127.0
-5.0,-70.0,147.0
-5.0,-69.95,145.0
-5.0,-69.9,139.0
-5.0,-69.85,135.0
-5.0,-69.8,149.0
-5.0,-69.75,158.0
-5.0,-69.7,147.0
-5.0,-69.65,125.0
-5.0,-69.6,135.0
-5.0,-69.55,179.0
-5.0,-69.5,147.0
-5.0,-69.45,144.0
-5.0,-69.4,187.0
-5.0,-69.35,173.0
-5.0,-69.3,172.0
-5.0,-69.25,177.0
-5.0,-69.2,149.0
-5.0,-69.15,145.0
-5.0,-69.1,161.0
-5.0,-69.05,150.0
-5.0,-69.0,161.0
-5.0,-68.95,164.0
-5.0,-68.9,140.0
-5.0,-68.85,126.0
-5.0,-68.8,98.0
-5.0,-68.75,92.0
-5.0,-68.7,143.0
-5.0,-68.65,151.0
-5.0,-68.6,136.0
-5.0,-68.55,149.0
-5.0,-68.5,153.0
-5.0,-68.45,152.0
-5.0,-68.4,133.0
-5.0,-68.35,139.0
-5.0,-68.3,132.0
-5.0,-68.25,133.0
-5.0,-68.2,83.0
-5.0,-68.15,105.0
-5.0,-68.1,127.0
-5.0,-68.05,137.0
-5.0,-68.0,133.0
-4.75,-82.0,0.0
-4.75,-81.95,0.0
-4.75,-81.9,0.0
-4.75,-81.85,0.0
-4.75,-81.8,0.0
-4.75,-81.75,0.0
-4.75,-81.7,0.0
-4.75,-81.65,0.0
-4.75,-81.6,0.0
-4.75,-81.55,0.0
-4.75,-81.5,0.0
-4.75,-81.45,0.0
-4.75,-81.4,0.0
-4.75,-81.35,0.0
-4.75,-81.3,0.0
-4.75,-81.25,4.0
-4.75,-81.2,0.0
-4.75,-81.15,32.0
-4.75,-81.1,95.0
-4.75,-81.05,153.0
-4.75,-81.0,202.0
-4.75,-80.95,175.0
-4.75,-80.9,193.0
-4.75,-80.85,136.0
-4.75,-80.8,161.0
-4.75,-80.75,74.0
-4.75,-80.7,130.0
-4.75,-80.65,116.0
-4.75,-80.6,79.0
-4.75,-80.55,62.0
-4.75,-80.5,109.0
-4.75,-80.45,142.0
-4.75,-80.4,179.0
-4.75,-80.35,261.0
-4.75,-80.3,184.0
-4.75,-80.25,215.0
-4.75,-80.2,236.0
-4.75,-80.15,318.0
-4.75,-80.1,1143.0
-4.75,-80.05,568.0
-4.75,-80.0,1245.0
-4.75,-79.95,1460.0
-4.75,-79.9,2098.0
-4.75,-79.85,1233.0
-4.75,-79.8,1001.0
-4.75,-79.75,1325.0
-4.75,-79.7,1515.0
-4.75,-79.65,1781.0
-4.75,-79.6,2086.0
-4.75,-79.55,1732.0
-4.75,-79.5,2848.0
-4.75,-79.45,3833.0
-4.75,-79.4,3387.0
-4.75,-79.35,3314.0
-4.75,-79.3,3015.0
-4.75,-79.25,2795.0
-4.75,-79.2,1764.0
-4.75,-79.15,1235.0
-4.75,-79.1,962.0
-4.75,-79.05,1440.0
-4.75,-79.0,2226.0
-4.75,-78.95,2206.0
-4.75,-78.9,2359.0
-4.75,-78.85,1932.0
-4.75,-78.8,1586.0
-4.75,-78.75,1705.0
-4.75,-78.7,1608.0
-4.75,-78.65,1308.0
-4.75,-78.6,997.0
-4.75,-78.55,982.0
-4.75,-78.5,733.0
-4.75,-78.45,1315.0
-4.75,-78.4,873.0
-4.75,-78.35,840.0
-4.75,-78.3,471.0
-4.75,-78.25,378.0
-4.75,-78.2,268.0
-4.75,-78.15,635.0
-4.75,-78.1,258.0
-4.75,-78.05,269.0
-4.75,-78.0,299.0
-4.75,-77.95,345.0
-4.75,-77.9,213.0
-4.75,-77.85,250.0
-4.75,-77.8,743.0
-4.75,-77.75,972.0
-4.75,-77.7,577.0
-4.75,-77.65,350.0
-4.75,-77.6,171.0
-4.75,-77.55,163.0
-4.75,-77.5,194.0
-4.75,-77.45,199.0
-4.75,-77.4,154.0
-4.75,-77.35,158.0
-4.75,-77.3,135.0
-4.75,-77.25,150.0
-4.75,-77.2,147.0
-4.75,-77.15,154.0
-4.75,-77.1,142.0
-4.75,-77.05,143.0
-4.75,-77.0,143.0
-4.75,-76.95,147.0
-4.75,-76.9,146.0
-4.75,-76.85,137.0
-4.75,-76.8,148.0
-4.75,-76.75,161.0
-4.75,-76.7,175.0
-4.75,-76.65,154.0
-4.75,-76.6,158.0
-4.75,-76.55,143.0
-4.75,-76.5,142.0
-4.75,-76.45,141.0
-4.75,-76.4,147.0
-4.75,-76.35,148.0
-4.75,-76.3,138.0
-4.75,-76.25,134.0
-4.75,-76.2,135.0
-4.75,-76.15,134.0
-4.75,-76.1,140.0
-4.75,-76.05,127.0
-4.75,-76.0,132.0
-4.75,-75.95,118.0
-4.75,-75.9,132.0
-4.75,-75.85,132.0
-4.75,-75.8,134.0
-4.75,-75.75,125.0
-4.75,-75.7,122.0
-4.75,-75.65,115.0
-4.75,-75.6,121.0
-4.75,-75.55,123.0
-4.75,-75.5,129.0
-4.75,-75.45,117.0
-4.75,-75.4,120.0
-4.75,-75.35,127.0
-4.75,-75.3,128.0
-4.75,-75.25,116.0
-4.75,-75.2,120.0
-4.75,-75.15,117.0
-4.75,-75.1,126.0
-4.75,-75.05,123.0
-4.75,-75.0,117.0
-4.75,-74.95,125.0
-4.75,-74.9,125.0
-4.75,-74.85,121.0
-4.75,-74.8,107.0
-4.75,-74.75,120.0
-4.75,-74.7,118.0
-4.75,-74.65,110.0
-4.75,-74.6,112.0
-4.75,-74.55,110.0
-4.75,-74.5,106.0
-4.75,-74.45,103.0
-4.75,-74.4,97.0
-4.75,-74.35,103.0
-4.75,-74.3,122.0
-4.75,-74.25,117.0
-4.75,-74.2,113.0
-4.75,-74.15,114.0
-4.75,-74.1,116.0
-4.75,-74.05,108.0
-4.75,-74.0,114.0
-4.75,-73.95,116.0
-4.75,-73.9,112.0
-4.75,-73.85,109.0
-4.75,-73.8,107.0
-4.75,-73.75,103.0
-4.75,-73.7,111.0
-4.75,-73.65,106.0
-4.75,-73.6,105.0
-4.75,-73.55,115.0
-4.75,-73.5,111.0
-4.75,-73.45,117.0
-4.75,-73.4,126.0
-4.75,-73.35,158.0
-4.75,-73.3,155.0
-4.75,-73.25,137.0
-4.75,-73.2,145.0
-4.75,-73.15,180.0
-4.75,-73.1,170.0
-4.75,-73.05,141.0
-4.75,-73.0,153.0
-4.75,-72.95,168.0
-4.75,-72.9,152.0
-4.75,-72.85,131.0
-4.75,-72.8,127.0
-4.75,-72.75,162.0
-4.75,-72.7,147.0
-4.75,-72.65,145.0
-4.75,-72.6,153.0
-4.75,-72.55,129.0
-4.75,-72.5,135.0
-4.75,-72.45,151.0
-4.75,-72.4,147.0
-4.75,-72.35,128.0
-4.75,-72.3,118.0
-4.75,-72.25,117.0
-4.75,-72.2,106.0
-4.75,-72.15,99.0
-4.75,-72.1,108.0
-4.75,-72.05,115.0
-4.75,-72.0,134.0
-4.75,-71.95,124.0
-4.75,-71.9,128.0
-4.75,-71.85,136.0
-4.75,-71.8,124.0
-4.75,-71.75,139.0
-4.75,-71.7,141.0
-4.75,-71.65,122.0
-4.75,-71.6,128.0
-4.75,-71.55,102.0
-4.75,-71.5,89.0
-4.75,-71.45,127.0
-4.75,-71.4,125.0
-4.75,-71.35,135.0
-4.75,-71.3,131.0
-4.75,-71.25,113.0
-4.75,-71.2,134.0
-4.75,-71.15,142.0
-4.75,-71.1,137.0
-4.75,-71.05,120.0
-4.75,-71.0,119.0
-4.75,-70.95,102.0
-4.75,-70.9,98.0
-4.75,-70.85,116.0
-4.75,-70.8,114.0
-4.75,-70.75,105.0
-4.75,-70.7,114.0
-4.75,-70.65,150.0
-4.75,-70.6,120.0
-4.75,-70.55,131.0
-4.75,-70.5,124.0
-4.75,-70.45,115.0
-4.75,-70.4,110.0
-4.75,-70.35,101.0
-4.75,-70.3,80.0
-4.75,-70.25,117.0
-4.75,-70.2,89.0
-4.75,-70.15,93.0
-4.75,-70.1,97.0
-4.75,-70.05,114.0
-4.75,-70.0,121.0
-4.75,-69.95,133.0
-4.75,-69.9,181.0
-4.75,-69.85,177.0
-4.75,-69.8,148.0
-4.75,-69.75,138.0
-4.75,-69.7,128.0
-4.75,-69.65,108.0
-4.75,-69.6,127.0
-4.75,-69.55,120.0
-4.75,-69.5,152.0
-4.75,-69.45,161.0
-4.75,-69.4,140.0
-4.75,-69.35,134.0
-4.75,-69.3,128.0
-4.75,-69.25,161.0
-4.75,-69.2,149.0
-4.75,-69.15,170.0
-4.75,-69.1,147.0
-4.75,-69.05,162.0
-4.75,-69.0,156.0
-4.75,-68.95,145.0
-4.75,-68.9,146.0
-4.75,-68.85,134.0
-4.75,-68.8,150.0
-4.75,-68.75,137.0
-4.75,-68.7,124.0
-4.75,-68.65,132.0
-4.75,-68.6,117.0
-4.75,-68.55,133.0
-4.75,-68.5,124.0
-4.75,-68.45,94.0
-4.75,-68.4,78.0
-4.75,-68.35,111.0
-4.75,-68.3,138.0
-4.75,-68.25,123.0
-4.75,-68.2,122.0
-4.75,-68.15,99.0
-4.75,-68.1,97.0
-4.75,-68.05,127.0
-4.75,-68.0,121.0
-4.5,-82.0,0.0
-4.5,-81.95,0.0
-4.5,-81.9,0.0
-4.5,-81.85,0.0
-4.5,-81.8,0.0
-4.5,-81.75,0.0
-4.5,-81.7,0.0
-4.5,-81.65,0.0
-4.5,-81.6,0.0
-4.5,-81.55,0.0
-4.5,-81.5,0.0
-4.5,-81.45,0.0
-4.5,-81.4,0.0
-4.5,-81.35,0.0
-4.5,-81.3,0.0
-4.5,-81.25,17.0
-4.5,-81.2,73.0
-4.5,-81.15,150.0
-4.5,-81.1,144.0
-4.5,-81.05,271.0
-4.5,-81.0,252.0
-4.5,-80.95,224.0
-4.5,-80.9,348.0
-4.5,-80.85,608.0
-4.5,-80.8,665.0
-4.5,-80.75,411.0
-4.5,-80.7,367.0
-4.5,-80.65,328.0
-4.5,-80.6,257.0
-4.5,-80.55,212.0
-4.5,-80.5,218.0
-4.5,-80.45,146.0
-4.5,-80.4,125.0
-4.5,-80.35,163.0
-4.5,-80.3,187.0
-4.5,-80.25,268.0
-4.5,-80.2,290.0
-4.5,-80.15,256.0
-4.5,-80.1,343.0
-4.5,-80.05,388.0
-4.5,-80.0,450.0
-4.5,-79.95,870.0
-4.5,-79.9,684.0
-4.5,-79.85,1348.0
-4.5,-79.8,627.0
-4.5,-79.75,1569.0
-4.5,-79.7,1397.0
-4.5,-79.65,2087.0
-4.5,-79.6,1137.0
-4.5,-79.55,1286.0
-4.5,-79.5,1181.0
-4.5,-79.45,1545.0
-4.5,-79.4,1809.0
-4.5,-79.35,2883.0
-4.5,-79.3,3503.0
-4.5,-79.25,2856.0
-4.5,-79.2,3415.0
-4.5,-79.15,2401.0
-4.5,-79.1,2084.0
-4.5,-79.05,1621.0
-4.5,-79.0,1703.0
-4.5,-78.95,2170.0
-4.5,-78.9,2033.0
-4.5,-78.85,1495.0
-4.5,-78.8,1437.0
-4.5,-78.75,1594.0
-4.5,-78.7,1402.0
-4.5,-78.65,1230.0
-4.5,-78.6,1232.0
-4.5,-78.55,635.0
-4.5,-78.5,899.0
-4.5,-78.45,481.0
-4.5,-78.4,530.0
-4.5,-78.35,1068.0
-4.5,-78.3,655.0
-4.5,-78.25,920.0
-4.5,-78.2,533.0
-4.5,-78.15,279.0
-4.5,-78.1,798.0
-4.5,-78.05,321.0
-4.5,-78.0,265.0
-4.5,-77.95,209.0
-4.5,-77.9,257.0
-4.5,-77.85,210.0
-4.5,-77.8,182.0
-4.5,-77.75,231.0
-4.5,-77.7,176.0
-4.5,-77.65,772.0
-4.5,-77.6,691.0
-4.5,-77.55,239.0
-4.5,-77.5,187.0
-4.5,-77.45,162.0
-4.5,-77.4,148.0
-4.5,-77.35,167.0
-4.5,-77.3,171.0
-4.5,-77.25,154.0
-4.5,-77.2,160.0
-4.5,-77.15,162.0
-4.5,-77.1,154.0
-4.5,-77.05,152.0
-4.5,-77.0,154.0
-4.5,-76.95,150.0
-4.5,-76.9,152.0
-4.5,-76.85,155.0
-4.5,-76.8,151.0
-4.5,-76.75,143.0
-4.5,-76.7,151.0
-4.5,-76.65,137.0
-4.5,-76.6,161.0
-4.5,-76.55,149.0
-4.5,-76.5,148.0
-4.5,-76.45,148.0
-4.5,-76.4,150.0
-4.5,-76.35,152.0
-4.5,-76.3,140.0
-4.5,-76.25,150.0
-4.5,-76.2,156.0
-4.5,-76.15,137.0
-4.5,-76.1,146.0
-4.5,-76.05,152.0
-4.5,-76.0,150.0
-4.5,-75.95,141.0
-4.5,-75.9,146.0
-4.5,-75.85,144.0
-4.5,-75.8,147.0
-4.5,-75.75,145.0
-4.5,-75.7,127.0
-4.5,-75.65,129.0
-4.5,-75.6,127.0
-4.5,-75.55,128.0
-4.5,-75.5,136.0
-4.5,-75.45,132.0
-4.5,-75.4,121.0
-4.5,-75.35,133.0
-4.5,-75.3,137.0
-4.5,-75.25,123.0
-4.5,-75.2,117.0
-4.5,-75.15,120.0
-4.5,-75.1,128.0
-4.5,-75.05,124.0
-4.5,-75.0,115.0
-4.5,-74.95,111.0
-4.5,-74.9,104.0
-4.5,-74.85,107.0
-4.5,-74.8,110.0
-4.5,-74.75,119.0
-4.5,-74.7,110.0
-4.5,-74.65,120.0
-4.5,-74.6,119.0
-4.5,-74.55,100.0
-4.5,-74.5,117.0
-4.5,-74.45,111.0
-4.5,-74.4,101.0
-4.5,-74.35,106.0
-4.5,-74.3,97.0
-4.5,-74.25,116.0
-4.5,-74.2,95.0
-4.5,-74.15,110.0
-4.5,-74.1,107.0
-4.5,-74.05,118.0
-4.5,-74.0,92.0
-4.5,-73.95,97.0
-4.5,-73.9,117.0
-4.5,-73.85,134.0
-4.5,-73.8,137.0
-4.5,-73.75,142.0
-4.5,-73.7,148.0
-4.5,-73.65,131.0
-4.5,-73.6,148.0
-4.5,-73.55,91.0
-4.5,-73.5,89.0
-4.5,-73.45,95.0
-4.5,-73.4,99.0
-4.5,-73.35,105.0
-4.5,-73.3,102.0
-4.5,-73.25,131.0
-4.5,-73.2,137.0
-4.5,-73.15,143.0
-4.5,-73.1,135.0
-4.5,-73.05,140.0
-4.5,-73.0,148.0
-4.5,-72.95,163.0
-4.5,-72.9,166.0
-4.5,-72.85,163.0
-4.5,-72.8,144.0
-4.5,-72.75,147.0
-4.5,-72.7,136.0
-4.5,-72.65,125.0
-4.5,-72.6,131.0
-4.5,-72.55,134.0
-4.5,-72.5,137.0
-4.5,-72.45,124.0
-4.5,-72.4,118.0
-4.5,-72.35,105.0
-4.5,-72.3,124.0
-4.5,-72.25,116.0
-4.5,-72.2,124.0
-4.5,-72.15,127.0
-4.5,-72.1,130.0
-4.5,-72.05,136.0
-4.5,-72.0,139.0
-4.5,-71.95,117.0
-4.5,-71.9,113.0
-4.5,-71.85,98.0
-4.5,-71.8,90.0
-4.5,-71.75,92.0
-4.5,-71.7,86.0
-4.5,-71.65,95.0
-4.5,-71.6,91.0
-4.5,-71.55,96.0
-4.5,-71.5,93.0
-4.5,-71.45,110.0
-4.5,-71.4,100.0
-4.5,-71.35,105.0
-4.5,-71.3,103.0
-4.5,-71.25,122.0
-4.5,-71.2,119.0
-4.5,-71.15,123.0
-4.5,-71.1,129.0
-4.5,-71.05,126.0
-4.5,-71.0,106.0
-4.5,-70.95,99.0
-4.5,-70.9,133.0
-4.5,-70.85,122.0
-4.5,-70.8,121.0
-4.5,-70.75,126.0
-4.5,-70.7,113.0
-4.5,-70.65,119.0
-4.5,-70.6,111.0
-4.5,-70.55,98.0
-4.5,-70.5,89.0
-4.5,-70.45,109.0
-4.5,-70.4,103.0
-4.5,-70.35,110.0
-4.5,-70.3,106.0
-4.5,-70.25,84.0
-4.5,-70.2,99.0
-4.5,-70.15,104.0
-4.5,-70.1,121.0
-4.5,-70.05,112.0
-4.5,-70.0,103.0
-4.5,-69.95,104.0
-4.5,-69.9,110.0
-4.5,-69.85,111.0
-4.5,-69.8,105.0
-4.5,-69.75,103.0
-4.5,-69.7,96.0
-4.5,-69.65,119.0
-4.5,-69.6,144.0
-4.5,-69.55,127.0
-4.5,-69.5,115.0
-4.5,-69.45,103.0
-4.5,-69.4,114.0
-4.5,-69.35,139.0
-4.5,-69.3,133.0
-4.5,-69.25,121.0
-4.5,-69.2,125.0
-4.5,-69.15,117.0
-4.5,-69.1,141.0
-4.5,-69.05,146.0
-4.5,-69.0,160.0
-4.5,-68.95,157.0
-4.5,-68.9,160.0
-4.5,-68.85,144.0
-4.5,-68.8,140.0
-4.5,-68.75,140.0
-4.5,-68.7,145.0
-4.5,-68.65,141.0
-4.5,-68.6,89.0
-4.5,-68.55,136.0
-4.5,-68.5,124.0
-4.5,-68.45,138.0
-4.5,-68.4,129.0
-4.5,-68.35,124.0
-4.5,-68.3,133.0
-4.5,-68.25,128.0
-4.5,-68.2,136.0
-4.5,-68.15,130.0
-4.5,-68.1,115.0
-4.5,-68.05,101.0
-4.5,-68.0,79.0
-4.25,-82.0,0.0
-4.25,-81.95,0.0
-4.25,-81.9,0.0
-4.25,-81.85,0.0
-4.25,-81.8,0.0
-4.25,-81.75,0.0
-4.25,-81.7,0.0
-4.25,-81.65,0.0
-4.25,-81.6,0.0
-4.25,-81.55,0.0
-4.25,-81.5,0.0
-4.25,-81.45,0.0
-4.25,-81.4,0.0
-4.25,-81.35,0.0
-4.25,-81.3,0.0
-4.25,-81.25,0.0
-4.25,-81.2,272.0
-4.25,-81.15,290.0
-4.25,-81.1,274.0
-4.25,-81.05,286.0
-4.25,-81.0,152.0
-4.25,-80.95,254.0
-4.25,-80.9,211.0
-4.25,-80.85,439.0
-4.25,-80.8,604.0
-4.25,-80.75,877.0
-4.25,-80.7,1188.0
-4.25,-80.65,1443.0
-4.25,-80.6,657.0
-4.25,-80.55,526.0
-4.25,-80.5,380.0
-4.25,-80.45,556.0
-4.25,-80.4,384.0
-4.25,-80.35,367.0
-4.25,-80.3,443.0
-4.25,-80.25,380.0
-4.25,-80.2,298.0
-4.25,-80.15,711.0
-4.25,-80.1,538.0
-4.25,-80.05,562.0
-4.25,-80.0,1037.0
-4.25,-79.95,610.0
-4.25,-79.9,1178.0
-4.25,-79.85,1472.0
-4.25,-79.8,1222.0
-4.25,-79.75,1571.0
-4.25,-79.7,1654.0
-4.25,-79.65,2050.0
-4.25,-79.6,1264.0
-4.25,-79.55,1259.0
-4.25,-79.5,1725.0
-4.25,-79.45,1870.0
-4.25,-79.4,2865.0
-4.25,-79.35,2219.0
-4.25,-79.3,1411.0
-4.25,-79.25,1491.0
-4.25,-79.2,1824.0
-4.25,-79.15,2529.0
-4.25,-79.1,3361.0
-4.25,-79.05,3289.0
-4.25,-79.0,2646.0
-4.25,-78.95,1838.0
-4.25,-78.9,2404.0
-4.25,-78.85,2008.0
-4.25,-78.8,1401.0
-4.25,-78.75,1126.0
-4.25,-78.7,1592.0
-4.25,-78.65,1009.0
-4.25,-78.6,1588.0
-4.25,-78.55,1170.0
-4.25,-78.5,905.0
-4.25,-78.45,1133.0
-4.25,-78.4,809.0
-4.25,-78.35,496.0
-4.25,-78.3,1446.0
-4.25,-78.25,897.0
-4.25,-78.2,642.0
-4.25,-78.15,857.0
-4.25,-78.1,1067.0
-4.25,-78.05,829.0
-4.25,-78.0,625.0
-4.25,-77.95,497.0
-4.25,-77.9,258.0
-4.25,-77.85,212.0
-4.25,-77.8,216.0
-4.25,-77.75,191.0
-4.25,-77.7,215.0
-4.25,-77.65,311.0
-4.25,-77.6,712.0
-4.25,-77.55,473.0
-4.25,-77.5,232.0
-4.25,-77.45,224.0
-4.25,-77.4,256.0
-4.25,-77.35,199.0
-4.25,-77.3,170.0
-4.25,-77.25,160.0
-4.25,-77.2,161.0
-4.25,-77.15,173.0
-4.25,-77.1,167.0
-4.25,-77.05,161.0
-4.25,-77.0,170.0
-4.25,-76.95,163.0
-4.25,-76.9,164.0
-4.25,-76.85,162.0
-4.25,-76.8,163.0
-4.25,-76.75,150.0
-4.25,-76.7,155.0
-4.25,-76.65,156.0
-4.25,-76.6,158.0
-4.25,-76.55,161.0
-4.25,-76.5,157.0
-4.25,-76.45,155.0
-4.25,-76.4,158.0
-4.25,-76.35,159.0
-4.25,-76.3,156.0
-4.25,-76.25,159.0
-4.25,-76.2,156.0
-4.25,-76.15,156.0
-4.25,-76.1,159.0
-4.25,-76.05,155.0
-4.25,-76.0,158.0
-4.25,-75.95,158.0
-4.25,-75.9,147.0
-4.25,-75.85,155.0
-4.25,-75.8,144.0
-4.25,-75.75,154.0
-4.25,-75.7,147.0
-4.25,-75.65,143.0
-4.25,-75.6,150.0
-4.25,-75.55,145.0
-4.25,-75.5,143.0
-4.25,-75.45,143.0
-4.25,-75.4,140.0
-4.25,-75.35,136.0
-4.25,-75.3,132.0
-4.25,-75.25,135.0
-4.25,-75.2,132.0
-4.25,-75.15,125.0
-4.25,-75.1,122.0
-4.25,-75.05,128.0
-4.25,-75.0,129.0
-4.25,-74.95,117.0
-4.25,-74.9,121.0
-4.25,-74.85,127.0
-4.25,-74.8,127.0
-4.25,-74.75,113.0
-4.25,-74.7,114.0
-4.25,-74.65,114.0
-4.25,-74.6,124.0
-4.25,-74.55,116.0
-4.25,-74.5,122.0
-4.25,-74.45,116.0
-4.25,-74.4,104.0
-4.25,-74.35,118.0
-4.25,-74.3,119.0
-4.25,-74.25,116.0
-4.25,-74.2,109.0
-4.25,-74.15,114.0
-4.25,-74.1,132.0
-4.25,-74.05,148.0
-4.25,-74.0,154.0
-4.25,-73.95,153.0
-4.25,-73.9,154.0
-4.25,-73.85,151.0
-4.25,-73.8,126.0
-4.25,-73.75,154.0
-4.25,-73.7,133.0
-4.25,-73.65,136.0
-4.25,-73.6,136.0
-4.25,-73.55,103.0
-4.25,-73.5,118.0
-4.25,-73.45,134.0
-4.25,-73.4,153.0
-4.25,-73.35,88.0
-4.25,-73.3,95.0
-4.25,-73.25,104.0
-4.25,-73.2,99.0
-4.25,-73.15,107.0
-4.25,-73.1,130.0
-4.25,-73.05,143.0
-4.25,-73.0,134.0
-4.25,-72.95,134.0
-4.25,-72.9,128.0
-4.25,-72.85,121.0
-4.25,-72.8,122.0
-4.25,-72.75,143.0
-4.25,-72.7,143.0
-4.25,-72.65,142.0
-4.25,-72.6,145.0
-4.25,-72.55,140.0
-4.25,-72.5,145.0
-4.25,-72.45,145.0
-4.25,-72.4,151.0
-4.25,-72.35,131.0
-4.25,-72.3,124.0
-4.25,-72.25,125.0
-4.25,-72.2,131.0
-4.25,-72.15,126.0
-4.25,-72.1,113.0
-4.25,-72.05,113.0
-4.25,-72.0,110.0
-4.25,-71.95,115.0
-4.25,-71.9,128.0
-4.25,-71.85,130.0
-4.25,-71.8,119.0
-4.25,-71.75,125.0
-4.25,-71.7,119.0
-4.25,-71.65,142.0
-4.25,-71.6,144.0
-4.25,-71.55,123.0
-4.25,-71.5,130.0
-4.25,-71.45,121.0
-4.25,-71.4,140.0
-4.25,-71.35,131.0
-4.25,-71.3,127.0
-4.25,-71.25,125.0
-4.25,-71.2,111.0
-4.25,-71.15,111.0
-4.25,-71.1,99.0
-4.25,-71.05,113.0
-4.25,-71.0,99.0
-4.25,-70.95,103.0
-4.25,-70.9,108.0
-4.25,-70.85,85.0
-4.25,-70.8,82.0
-4.25,-70.75,94.0
-4.25,-70.7,105.0
-4.25,-70.65,111.0
-4.25,-70.6,105.0
-4.25,-70.55,120.0
-4.25,-70.5,107.0
-4.25,-70.45,95.0
-4.25,-70.4,99.0
-4.25,-70.35,101.0
-4.25,-70.3,81.0
-4.25,-70.25,83.0
-4.25,-70.2,77.0
-4.25,-70.15,82.0
-4.25,-70.1,75.0
-4.25,-70.05,74.0
-4.25,-70.0,72.0
-4.25,-69.95,63.0
-4.25,-69.9,101.0
-4.25,-69.85,91.0
-4.25,-69.8,94.0
-4.25,-69.75,73.0
-4.25,-69.7,73.0
-4.25,-69.65,82.0
-4.25,-69.6,78.0
-4.25,-69.55,83.0
-4.25,-69.5,59.0
-4.25,-69.45,76.0
-4.25,-69.4,96.0
-4.25,-69.35,123.0
-4.25,-69.3,120.0
-4.25,-69.25,109.0
-4.25,-69.2,89.0
-4.25,-69.15,90.0
-4.25,-69.1,129.0
-4.25,-69.05,123.0
-4.25,-69.0,122.0
-4.25,-68.95,165.0
-4.25,-68.9,156.0
-4.25,-68.85,147.0
-4.25,-68.8,148.0
-4.25,-68.75,139.0
-4.25,-68.7,140.0
-4.25,-68.65,129.0
-4.25,-68.6,136.0
-4.25,-68.55,131.0
-4.25,-68.5,108.0
-4.25,-68.45,111.0
-4.25,-68.4,118.0
-4.25,-68.35,131.0
-4.25,-68.3,129.0
-4.25,-68.25,115.0
-4.25,-68.2,125.0
-4.25,-68.15,138.0
-4.25,-68.1,129.0
-4.25,-68.05,123.0
-4.25,-68.0,99.0
-4.0,-81.0,0.0
-4.0,-80.95,141.0
-4.0,-80.9,117.0
-4.0,-80.85,283.0
-4.0,-80.8,406.0
-4.0,-80.75,213.0
-4.0,-80.7,268.0
-4.0,-80.65,169.0
-4.0,-80.6,247.0
-4.0,-80.55,533.0
-4.0,-80.5,627.0
-4.0,-80.45,231.0
-4.0,-80.4,248.0
-4.0,-80.35,259.0
-4.0,-80.3,585.0
-4.0,-80.25,444.0
-4.0,-80.2,709.0
-4.0,-80.15,1120.0
-4.0,-80.1,952.0
-4.0,-80.05,874.0
-4.0,-80.0,1213.0
-4.0,-79.95,1825.0
-4.0,-79.9,1581.0
-4.0,-79.85,2740.0
-4.0,-79.8,1962.0
-4.0,-79.75,1179.0
-4.0,-79.7,1062.0
-4.0,-79.65,1247.0
-4.0,-79.6,1746.0
-4.0,-79.55,1575.0
-4.0,-79.5,2129.0
-4.0,-79.45,1199.0
-4.0,-79.4,1208.0
-4.0,-79.35,1327.0
-4.0,-79.3,2133.0
-4.0,-79.25,2357.0
-4.0,-79.2,2078.0
-4.0,-79.15,2721.0
-4.0,-79.1,2378.0
-4.0,-79.05,2757.0
-4.0,-79.0,2096.0
-4.0,-78.95,2201.0
-4.0,-78.9,1320.0
-4.0,-78.85,1181.0
-4.0,-78.8,1483.0
-4.0,-78.75,2034.0
-4.0,-78.7,1061.0
-4.0,-78.65,830.0
-4.0,-78.6,1307.0
-4.0,-78.55,1652.0
-4.0,-78.5,1482.0
-4.0,-78.45,1368.0
-4.0,-78.4,693.0
-4.0,-78.35,1366.0
-4.0,-78.3,1427.0
-4.0,-78.25,1429.0
-4.0,-78.2,705.0
-4.0,-78.15,1329.0
-4.0,-78.1,733.0
-4.0,-78.05,772.0
-4.0,-78.0,908.0
-4.0,-77.95,925.0
-4.0,-77.9,799.0
-4.0,-77.85,279.0
-4.0,-77.8,208.0
-4.0,-77.75,184.0
-4.0,-77.7,215.0
-4.0,-77.65,244.0
-4.0,-77.6,250.0
-4.0,-77.55,914.0
-4.0,-77.5,405.0
-4.0,-77.45,222.0
-4.0,-77.4,208.0
-4.0,-77.35,193.0
-4.0,-77.3,208.0
-4.0,-77.25,198.0
-4.0,-77.2,152.0
-4.0,-77.15,179.0
-4.0,-77.1,166.0
-4.0,-77.05,173.0
-4.0,-77.0,180.0
-4.0,-76.95,176.0
-4.0,-76.9,177.0
-4.0,-76.85,177.0
-4.0,-76.8,175.0
-4.0,-76.75,173.0
-4.0,-76.7,175.0
-4.0,-76.65,175.0
-4.0,-76.6,172.0
-4.0,-76.55,168.0
-4.0,-76.5,156.0
-4.0,-76.45,168.0
-4.0,-76.4,165.0
-4.0,-76.35,163.0
-4.0,-76.3,161.0
-4.0,-76.25,166.0
-4.0,-76.2,172.0
-4.0,-76.15,170.0
-4.0,-76.1,167.0
-4.0,-76.05,164.0
-4.0,-76.0,160.0
-4.0,-75.95,160.0
-4.0,-75.9,164.0
-4.0,-75.85,158.0
-4.0,-75.8,161.0
-4.0,-75.75,158.0
-4.0,-75.7,158.0
-4.0,-75.65,161.0
-4.0,-75.6,152.0
-4.0,-75.55,140.0
-4.0,-75.5,147.0
-4.0,-75.45,146.0
-4.0,-75.4,147.0
-4.0,-75.35,146.0
-4.0,-75.3,146.0
-4.0,-75.25,133.0
-4.0,-75.2,137.0
-4.0,-75.15,141.0
-4.0,-75.1,131.0
-4.0,-75.05,136.0
-4.0,-75.0,129.0
-4.0,-74.95,128.0
-4.0,-74.9,131.0
-4.0,-74.85,131.0
-4.0,-74.8,141.0
-4.0,-74.75,130.0
-4.0,-74.7,126.0
-4.0,-74.65,127.0
-4.0,-74.6,118.0
-4.0,-74.55,122.0
-4.0,-74.5,125.0
-4.0,-74.45,109.0
-4.0,-74.4,121.0
-4.0,-74.35,115.0
-4.0,-74.3,120.0
-4.0,-74.25,153.0
-4.0,-74.2,141.0
-4.0,-74.15,139.0
-4.0,-74.1,146.0
-4.0,-74.05,154.0
-4.0,-74.0,142.0
-4.0,-73.95,148.0
-4.0,-73.9,153.0
-4.0,-73.85,122.0
-4.0,-73.8,136.0
-4.0,-73.75,134.0
-4.0,-73.7,129.0
-4.0,-73.65,143.0
-4.0,-73.6,122.0
-4.0,-73.55,135.0
-4.0,-73.5,133.0
-4.0,-73.45,140.0
-4.0,-73.4,111.0
-4.0,-73.35,98.0
-4.0,-73.3,96.0
-4.0,-73.25,109.0
-4.0,-73.2,98.0
-4.0,-73.15,107.0
-4.0,-73.1,132.0
-4.0,-73.05,131.0
-4.0,-73.0,147.0
-4.0,-72.95,133.0
-4.0,-72.9,134.0
-4.0,-72.85,114.0
-4.0,-72.8,136.0
-4.0,-72.75,135.0
-4.0,-72.7,142.0
-4.0,-72.65,148.0
-4.0,-72.6,145.0
-4.0,-72.55,132.0
-4.0,-72.5,120.0
-4.0,-72.45,116.0
-4.0,-72.4,126.0
-4.0,-72.35,138.0
-4.0,-72.3,145.0
-4.0,-72.25,133.0
-4.0,-72.2,140.0
-4.0,-72.15,124.0
-4.0,-72.1,141.0
-4.0,-72.05,137.0
-4.0,-72.0,135.0
-4.0,-71.95,128.0
-4.0,-71.9,123.0
-4.0,-71.85,112.0
-4.0,-71.8,109.0
-4.0,-71.75,129.0
-4.0,-71.7,112.0
-4.0,-71.65,107.0
-4.0,-71.6,116.0
-4.0,-71.55,124.0
-4.0,-71.5,108.0
-4.0,-71.45,99.0
-4.0,-71.4,106.0
-4.0,-71.35,103.0
-4.0,-71.3,94.0
-4.0,-71.25,111.0
-4.0,-71.2,111.0
-4.0,-71.15,71.0
-4.0,-71.1,76.0
-4.0,-71.05,71.0
-4.0,-71.0,95.0
-4.0,-70.95,113.0
-4.0,-70.9,105.0
-4.0,-70.85,118.0
-4.0,-70.8,118.0
-4.0,-70.75,118.0
-4.0,-70.7,110.0
-4.0,-70.65,115.0
-4.0,-70.6,112.0
-4.0,-70.55,105.0
-4.0,-70.5,109.0
-4.0,-70.45,96.0
-4.0,-70.4,93.0
-4.0,-70.35,87.0
-4.0,-70.3,86.0
-4.0,-70.25,79.0
-4.0,-70.2,83.0
-4.0,-70.15,64.0
-4.0,-70.1,121.0
-4.0,-70.05,117.0
-4.0,-70.0,113.0
-4.0,-69.95,145.0
-4.0,-69.9,127.0
-4.0,-69.85,105.0
-4.0,-69.8,96.0
-4.0,-69.75,113.0
-4.0,-69.7,109.0
-4.0,-69.65,104.0
-4.0,-69.6,97.0
-4.0,-69.55,97.0
-4.0,-69.5,100.0
-4.0,-69.45,70.0
-4.0,-69.4,66.0
-4.0,-69.35,73.0
-4.0,-69.3,74.0
-4.0,-69.25,87.0
-4.0,-69.2,156.0
-4.0,-69.15,157.0
-4.0,-69.1,114.0
-4.0,-69.05,111.0
-4.0,-69.0,100.0
-4.0,-68.95,79.0
-4.0,-68.9,104.0
-4.0,-68.85,143.0
-4.0,-68.8,129.0
-4.0,-68.75,132.0
-4.0,-68.7,142.0
-4.0,-68.65,139.0
-4.0,-68.6,144.0
-4.0,-68.55,129.0
-4.0,-68.5,128.0
-4.0,-68.45,117.0
-4.0,-68.4,132.0
-4.0,-68.35,112.0
-4.0,-68.3,103.0
-4.0,-68.25,114.0
-4.0,-68.2,97.0
-4.0,-68.15,107.0
-4.0,-68.1,94.0
-4.0,-68.05,85.0
-4.0,-68.0,70.0
-3.75,-81.0,0.0
-3.75,-80.95,0.0
-3.75,-80.9,0.0
-3.75,-80.85,0.0
-3.75,-80.8,0.0
-3.75,-80.75,126.0
-3.75,-80.7,40.0
-3.75,-80.65,98.0
-3.75,-80.6,227.0
-3.75,-80.55,285.0
-3.75,-80.5,117.0
-3.75,-80.45,30.0
-3.75,-80.4,90.0
-3.75,-80.35,313.0
-3.75,-80.3,290.0
-3.75,-80.25,205.0
-3.75,-80.2,151.0
-3.75,-80.15,166.0
-3.75,-80.1,241.0
-3.75,-80.05,387.0
-3.75,-80.0,555.0
-3.75,-79.95,941.0
-3.75,-79.9,649.0
-3.75,-79.85,685.0
-3.75,-79.8,1063.0
-3.75,-79.75,702.0
-3.75,-79.7,999.0
-3.75,-79.65,759.0
-3.75,-79.6,673.0
-3.75,-79.55,923.0
-3.75,-79.5,1814.0
-3.75,-79.45,2479.0
-3.75,-79.4,3291.0
-3.75,-79.35,3106.0
-3.75,-79.3,3212.0
-3.75,-79.25,2279.0
-3.75,-79.2,3140.0
-3.75,-79.15,2621.0
-3.75,-79.1,3182.0
-3.75,-79.05,2335.0
-3.75,-79.0,2226.0
-3.75,-78.95,1700.0
-3.75,-78.9,1194.0
-3.75,-78.85,1522.0
-3.75,-78.8,1063.0
-3.75,-78.75,830.0
-3.75,-78.7,1193.0
-3.75,-78.65,1025.0
-3.75,-78.6,961.0
-3.75,-78.55,1446.0
-3.75,-78.5,1523.0
-3.75,-78.45,1898.0
-3.75,-78.4,1717.0
-3.75,-78.35,783.0
-3.75,-78.3,655.0
-3.75,-78.25,803.0
-3.75,-78.2,1256.0
-3.75,-78.15,600.0
-3.75,-78.1,759.0
-3.75,-78.05,832.0
-3.75,-78.0,545.0
-3.75,-77.95,754.0
-3.75,-77.9,311.0
-3.75,-77.85,462.0
-3.75,-77.8,225.0
-3.75,-77.75,204.0
-3.75,-77.7,214.0
-3.75,-77.65,833.0
-3.75,-77.6,508.0
-3.75,-77.55,255.0
-3.75,-77.5,234.0
-3.75,-77.45,195.0
-3.75,-77.4,205.0
-3.75,-77.35,182.0
-3.75,-77.3,189.0
-3.75,-77.25,193.0
-3.75,-77.2,194.0
-3.75,-77.15,194.0
-3.75,-77.1,193.0
-3.75,-77.05,192.0
-3.75,-77.0,190.0
-3.75,-76.95,193.0
-3.75,-76.9,192.0
-3.75,-76.85,192.0
-3.75,-76.8,189.0
-3.75,-76.75,189.0
-3.75,-76.7,188.0
-3.75,-76.65,188.0
-3.75,-76.6,187.0
-3.75,-76.55,184.0
-3.75,-76.5,181.0
-3.75,-76.45,171.0
-3.75,-76.4,180.0
-3.75,-76.35,177.0
-3.75,-76.3,180.0
-3.75,-76.25,176.0
-3.75,-76.2,180.0
-3.75,-76.15,175.0
-3.75,-76.1,181.0
-3.75,-76.05,177.0
-3.75,-76.0,171.0
-3.75,-75.95,172.0
-3.75,-75.9,167.0
-3.75,-75.85,157.0
-3.75,-75.8,170.0
-3.75,-75.75,163.0
-3.75,-75.7,167.0
-3.75,-75.65,166.0
-3.75,-75.6,153.0
-3.75,-75.55,161.0
-3.75,-75.5,164.0
-3.75,-75.45,150.0
-3.75,-75.4,162.0
-3.75,-75.35,143.0
-3.75,-75.3,154.0
-3.75,-75.25,149.0
-3.75,-75.2,150.0
-3.75,-75.15,149.0
-3.75,-75.1,150.0
-3.75,-75.05,136.0
-3.75,-75.0,146.0
-3.75,-74.95,139.0
-3.75,-74.9,143.0
-3.75,-74.85,134.0
-3.75,-74.8,138.0
-3.75,-74.75,132.0
-3.75,-74.7,133.0
-3.75,-74.65,130.0
-3.75,-74.6,125.0
-3.75,-74.55,129.0
-3.75,-74.5,106.0
-3.75,-74.45,122.0
-3.75,-74.4,153.0
-3.75,-74.35,144.0
-3.75,-74.3,158.0
-3.75,-74.25,135.0
-3.75,-74.2,130.0
-3.75,-74.15,115.0
-3.75,-74.1,114.0
-3.75,-74.05,136.0
-3.75,-74.0,129.0
-3.75,-73.95,155.0
-3.75,-73.9,154.0
-3.75,-73.85,152.0
-3.75,-73.8,140.0
-3.75,-73.75,119.0
-3.75,-73.7,116.0
-3.75,-73.65,135.0
-3.75,-73.6,121.0
-3.75,-73.55,136.0
-3.75,-73.5,132.0
-3.75,-73.45,126.0
-3.75,-73.4,107.0
-3.75,-73.35,93.0
-3.75,-73.3,86.0
-3.75,-73.25,93.0
-3.75,-73.2,84.0
-3.75,-73.15,98.0
-3.75,-73.1,94.0
-3.75,-73.05,103.0
-3.75,-73.0,116.0
-3.75,-72.95,118.0
-3.75,-72.9,121.0
-3.75,-72.85,127.0
-3.75,-72.8,130.0
-3.75,-72.75,142.0
-3.75,-72.7,143.0
-3.75,-72.65,133.0
-3.75,-72.6,121.0
-3.75,-72.55,127.0
-3.75,-72.5,120.0
-3.75,-72.45,113.0
-3.75,-72.4,99.0
-3.75,-72.35,119.0
-3.75,-72.3,132.0
-3.75,-72.25,126.0
-3.75,-72.2,121.0
-3.75,-72.15,113.0
-3.75,-72.1,118.0
-3.75,-72.05,115.0
-3.75,-72.0,130.0
-3.75,-71.95,136.0
-3.75,-71.9,135.0
-3.75,-71.85,125.0
-3.75,-71.8,126.0
-3.75,-71.75,124.0
-3.75,-71.7,110.0
-3.75,-71.65,92.0
-3.75,-71.6,94.0
-3.75,-71.55,89.0
-3.75,-71.5,88.0
-3.75,-71.45,95.0
-3.75,-71.4,90.0
-3.75,-71.35,83.0
-3.75,-71.3,82.0
-3.75,-71.25,87.0
-3.75,-71.2,96.0
-3.75,-71.15,110.0
-3.75,-71.1,102.0
-3.75,-71.05,110.0
-3.75,-71.0,119.0
-3.75,-70.95,116.0
-3.75,-70.9,107.0
-3.75,-70.85,123.0
-3.75,-70.8,101.0
-3.75,-70.75,89.0
-3.75,-70.7,91.0
-3.75,-70.65,85.0
-3.75,-70.6,82.0
-3.75,-70.55,77.0
-3.75,-70.5,82.0
-3.75,-70.45,83.0
-3.75,-70.4,115.0
-3.75,-70.35,113.0
-3.75,-70.3,118.0
-3.75,-70.25,111.0
-3.75,-70.2,114.0
-3.75,-70.15,129.0
-3.75,-70.1,143.0
-3.75,-70.05,131.0
-3.75,-70.0,133.0
-3.75,-69.95,144.0
-3.75,-69.9,131.0
-3.75,-69.85,141.0
-3.75,-69.8,139.0
-3.75,-69.75,141.0
-3.75,-69.7,128.0
-3.75,-69.65,121.0
-3.75,-69.6,121.0
-3.75,-69.55,111.0
-3.75,-69.5,89.0
-3.75,-69.45,81.0
-3.75,-69.4,86.0
-3.75,-69.35,83.0
-3.75,-69.3,56.0
-3.75,-69.25,145.0
-3.75,-69.2,110.0
-3.75,-69.15,149.0
-3.75,-69.1,134.0
-3.75,-69.05,116.0
-3.75,-69.0,111.0
-3.75,-68.95,103.0
-3.75,-68.9,77.0
-3.75,-68.85,124.0
-3.75,-68.8,143.0
-3.75,-68.75,140.0
-3.75,-68.7,120.0
-3.75,-68.65,88.0
-3.75,-68.6,85.0
-3.75,-68.55,89.0
-3.75,-68.5,112.0
-3.75,-68.45,116.0
-3.75,-68.4,114.0
-3.75,-68.35,109.0
-3.75,-68.3,110.0
-3.75,-68.25,103.0
-3.75,-68.2,113.0
-3.75,-68.15,108.0
-3.75,-68.1,110.0
-3.75,-68.05,112.0
-3.75,-68.0,108.0
-3.5,-81.0,0.0
-3.5,-80.95,0.0
-3.5,-80.9,0.0
-3.5,-80.85,0.0
-3.5,-80.8,0.0
-3.5,-80.75,0.0
-3.5,-80.7,0.0
-3.5,-80.65,0.0
-3.5,-80.6,0.0
-3.5,-80.55,0.0
-3.5,-80.5,0.0
-3.5,-80.45,0.0
-3.5,-80.4,0.0
-3.5,-80.35,3.0
-3.5,-80.3,9.0
-3.5,-80.25,4.0
-3.5,-80.2,18.0
-3.5,-80.15,19.0
-3.5,-80.1,13.0
-3.5,-80.05,19.0
-3.5,-80.0,17.0
-3.5,-79.95,22.0
-3.5,-79.9,20.0
-3.5,-79.85,223.0
-3.5,-79.8,908.0
-3.5,-79.75,662.0
-3.5,-79.7,1132.0
-3.5,-79.65,2484.0
-3.5,-79.6,3200.0
-3.5,-79.55,3291.0
-3.5,-79.5,3267.0
-3.5,-79.45,2852.0
-3.5,-79.4,2408.0
-3.5,-79.35,2735.0
-3.5,-79.3,2099.0
-3.5,-79.25,2268.0
-3.5,-79.2,2614.0
-3.5,-79.15,2570.0
-3.5,-79.1,2886.0
-3.5,-79.05,3129.0
-3.5,-79.0,2635.0
-3.5,-78.95,2071.0
-3.5,-78.9,2080.0
-3.5,-78.85,2839.0
-3.5,-78.8,2663.0
-3.5,-78.75,1772.0
-3.5,-78.7,1324.0
-3.5,-78.65,1537.0
-3.5,-78.6,1245.0
-3.5,-78.55,792.0
-3.5,-78.5,749.0
-3.5,-78.45,1355.0
-3.5,-78.4,1976.0
-3.5,-78.35,1894.0
-3.5,-78.3,1168.0
-3.5,-78.25,1206.0
-3.5,-78.2,1454.0
-3.5,-78.15,1425.0
-3.5,-78.1,718.0
-3.5,-78.05,616.0
-3.5,-78.0,617.0
-3.5,-77.95,385.0
-3.5,-77.9,354.0
-3.5,-77.85,214.0
-3.5,-77.8,207.0
-3.5,-77.75,676.0
-3.5,-77.7,327.0
-3.5,-77.65,213.0
-3.5,-77.6,197.0
-3.5,-77.55,188.0
-3.5,-77.5,204.0
-3.5,-77.45,207.0
-3.5,-77.4,213.0
-3.5,-77.35,208.0
-3.5,-77.3,209.0
-3.5,-77.25,205.0
-3.5,-77.2,209.0
-3.5,-77.15,213.0
-3.5,-77.1,213.0
-3.5,-77.05,213.0
-3.5,-77.0,211.0
-3.5,-76.95,211.0
-3.5,-76.9,217.0
-3.5,-76.85,209.0
-3.5,-76.8,204.0
-3.5,-76.75,207.0
-3.5,-76.7,201.0
-3.5,-76.65,202.0
-3.5,-76.6,197.0
-3.5,-76.55,189.0
-3.5,-76.5,193.0
-3.5,-76.45,178.0
-3.5,-76.4,195.0
-3.5,-76.35,195.0
-3.5,-76.3,189.0
-3.5,-76.25,183.0
-3.5,-76.2,191.0
-3.5,-76.15,190.0
-3.5,-76.1,186.0
-3.5,-76.05,189.0
-3.5,-76.0,185.0
-3.5,-75.95,180.0
-3.5,-75.9,179.0
-3.5,-75.85,182.0
-3.5,-75.8,185.0
-3.5,-75.75,181.0
-3.5,-75.7,182.0
-3.5,-75.65,177.0
-3.5,-75.6,177.0
-3.5,-75.55,181.0
-3.5,-75.5,178.0
-3.5,-75.45,189.0
-3.5,-75.4,159.0
-3.5,-75.35,190.0
-3.5,-75.3,157.0
-3.5,-75.25,156.0
-3.5,-75.2,144.0
-3.5,-75.15,139.0
-3.5,-75.1,151.0
-3.5,-75.05,148.0
-3.5,-75.0,144.0
-3.5,-74.95,144.0
-3.5,-74.9,144.0
-3.5,-74.85,141.0
-3.5,-74.8,127.0
-3.5,-74.75,129.0
-3.5,-74.7,135.0
-3.5,-74.65,160.0
-3.5,-74.6,171.0
-3.5,-74.55,154.0
-3.5,-74.5,120.0
-3.5,-74.45,122.0
-3.5,-74.4,143.0
-3.5,-74.35,162.0
-3.5,-74.3,173.0
-3.5,-74.25,157.0
-3.5,-74.2,161.0
-3.5,-74.15,136.0
-3.5,-74.1,147.0
-3.5,-74.05,155.0
-3.5,-74.0,154.0
-3.5,-73.95,164.0
-3.5,-73.9,157.0
-3.5,-73.85,140.0
-3.5,-73.8,142.0
-3.5,-73.75,118.0
-3.5,-73.7,140.0
-3.5,-73.65,144.0
-3.5,-73.6,135.0
-3.5,-73.55,127.0
-3.5,-73.5,121.0
-3.5,-73.45,122.0
-3.5,-73.4,108.0
-3.5,-73.35,123.0
-3.5,-73.3,122.0
-3.5,-73.25,104.0
-3.5,-73.2,112.0
-3.5,-73.15,107.0
-3.5,-73.1,86.0
-3.5,-73.05,97.0
-3.5,-73.0,102.0
-3.5,-72.95,86.0
-3.5,-72.9,81.0
-3.5,-72.85,81.0
-3.5,-72.8,105.0
-3.5,-72.75,88.0
-3.5,-72.7,77.0
-3.5,-72.65,88.0
-3.5,-72.6,100.0
-3.5,-72.55,92.0
-3.5,-72.5,90.0
-3.5,-72.45,98.0
-3.5,-72.4,100.0
-3.5,-72.35,81.0
-3.5,-72.3,101.0
-3.5,-72.25,91.0
-3.5,-72.2,73.0
-3.5,-72.15,86.0
-3.5,-72.1,91.0
-3.5,-72.05,117.0
-3.5,-72.0,91.0
-3.5,-71.95,94.0
-3.5,-71.9,95.0
-3.5,-71.85,93.0
-3.5,-71.8,97.0
-3.5,-71.75,57.0
-3.5,-71.7,83.0
-3.5,-71.65,93.0
-3.5,-71.6,96.0
-3.5,-71.55,94.0
-3.5,-71.5,117.0
-3.5,-71.45,106.0
-3.5,-71.4,126.0
-3.5,-71.35,133.0
-3.5,-71.3,155.0
-3.5,-71.25,126.0
-3.5,-71.2,124.0
-3.5,-71.15,126.0
-3.5,-71.1,112.0
-3.5,-71.05,108.0
-3.5,-71.0,98.0
-3.5,-70.95,109.0
-3.5,-70.9,99.0
-3.5,-70.85,113.0
-3.5,-70.8,133.0
-3.5,-70.75,142.0
-3.5,-70.7,128.0
-3.5,-70.65,109.0
-3.5,-70.6,110.0
-3.5,-70.55,108.0
-3.5,-70.5,132.0
-3.5,-70.45,129.0
-3.5,-70.4,142.0
-3.5,-70.35,130.0
-3.5,-70.3,136.0
-3.5,-70.25,144.0
-3.5,-70.2,164.0
-3.5,-70.15,140.0
-3.5,-70.1,148.0
-3.5,-70.05,151.0
-3.5,-70.0,138.0
-3.5,-69.95,132.0
-3.5,-69.9,102.0
-3.5,-69.85,120.0
-3.5,-69.8,124.0
-3.5,-69.75,134.0
-3.5,-69.7,135.0
-3.5,-69.65,121.0
-3.5,-69.6,130.0
-3.5,-69.55,100.0
-3.5,-69.5,87.0
-3.5,-69.45,69.0
-3.5,-69.4,85.0
-3.5,-69.35,77.0
-3.5,-69.3,63.0
-3.5,-69.25,81.0
-3.5,-69.2,77.0
-3.5,-69.15,67.0
-3.5,-69.1,56.0
-3.5,-69.05,111.0
-3.5,-69.0,99.0
-3.5,-68.95,124.0
-3.5,-68.9,73.0
-3.5,-68.85,72.0
-3.5,-68.8,117.0
-3.5,-68.75,123.0
-3.5,-68.7,119.0
-3.5,-68.65,118.0
-3.5,-68.6,105.0
-3.5,-68.55,113.0
-3.5,-68.5,115.0
-3.5,-68.45,110.0
-3.5,-68.4,104.0
-3.5,-68.35,87.0
-3.5,-68.3,93.0
-3.5,-68.25,97.0
-3.5,-68.2,86.0
-3.5,-68.15,85.0
-3.5,-68.1,69.0
-3.5,-68.05,101.0
-3.5,-68.0,84.0
-3.25,-81.0,0.0
-3.25,-80.95,0.0
-3.25,-80.9,0.0
-3.25,-80.85,0.0
-3.25,-80.8,0.0
-3.25,-80.75,0.0
-3.25,-80.7,0.0
-3.25,-80.65,0.0
-3.25,-80.6,0.0
-3.25,-80.55,0.0
-3.25,-80.5,0.0
-3.25,-80.45,0.0
-3.25,-80.4,0.0
-3.25,-80.35,0.0
-3.25,-80.3,0.0
-3.25,-80.25,0.0
-3.25,-80.2,0.0
-3.25,-80.15,0.0
-3.25,-80.1,0.0
-3.25,-80.05,4.0
-3.25,-80.0,2.0
-3.25,-79.95,7.0
-3.25,-79.9,13.0
-3.25,-79.85,18.0
-3.25,-79.8,22.0
-3.25,-79.75,223.0
-3.25,-79.7,677.0
-3.25,-79.65,1475.0
-3.25,-79.6,1471.0
-3.25,-79.55,1587.0
-3.25,-79.5,2254.0
-3.25,-79.45,2690.0
-3.25,-79.4,2509.0
-3.25,-79.35,2050.0
-3.25,-79.3,1801.0
-3.25,-79.25,1540.0
-3.25,-79.2,1586.0
-3.25,-79.15,2679.0
-3.25,-79.1,3145.0
-3.25,-79.05,3009.0
-3.25,-79.0,3019.0
-3.25,-78.95,3072.0
-3.25,-78.9,3244.0
-3.25,-78.85,3223.0
-3.25,-78.8,3129.0
-3.25,-78.75,2340.0
-3.25,-78.7,1897.0
-3.25,-78.65,1870.0
-3.25,-78.6,1871.0
-3.25,-78.55,1139.0
-3.25,-78.5,1491.0
-3.25,-78.45,838.0
-3.25,-78.4,1131.0
-3.25,-78.35,1757.0
-3.25,-78.3,2005.0
-3.25,-78.25,1067.0
-3.25,-78.2,1086.0
-3.25,-78.15,1735.0
-3.25,-78.1,1805.0
-3.25,-78.05,1545.0
-3.25,-78.0,734.0
-3.25,-77.95,376.0
-3.25,-77.9,276.0
-3.25,-77.85,205.0
-3.25,-77.8,234.0
-3.25,-77.75,357.0
-3.25,-77.7,236.0
-3.25,-77.65,235.0
-3.25,-77.6,213.0
-3.25,-77.55,204.0
-3.25,-77.5,208.0
-3.25,-77.45,212.0
-3.25,-77.4,217.0
-3.25,-77.35,222.0
-3.25,-77.3,224.0
-3.25,-77.25,221.0
-3.25,-77.2,223.0
-3.25,-77.15,232.0
-3.25,-77.1,228.0
-3.25,-77.05,231.0
-3.25,-77.0,229.0
-3.25,-76.95,219.0
-3.25,-76.9,230.0
-3.25,-76.85,222.0
-3.25,-76.8,228.0
-3.25,-76.75,216.0
-3.25,-76.7,220.0
-3.25,-76.65,219.0
-3.25,-76.6,222.0
-3.25,-76.55,211.0
-3.25,-76.5,231.0
-3.25,-76.45,223.0
-3.25,-76.4,207.0
-3.25,-76.35,221.0
-3.25,-76.3,224.0
-3.25,-76.25,202.0
-3.25,-76.2,202.0
-3.25,-76.15,199.0
-3.25,-76.1,205.0
-3.25,-76.05,198.0
-3.25,-76.0,202.0
-3.25,-75.95,198.0
-3.25,-75.9,217.0
-3.25,-75.85,209.0
-3.25,-75.8,214.0
-3.25,-75.75,193.0
-3.25,-75.7,204.0
-3.25,-75.65,157.0
-3.25,-75.6,211.0
-3.25,-75.55,200.0
-3.25,-75.5,202.0
-3.25,-75.45,192.0
-3.25,-75.4,193.0
-3.25,-75.35,185.0
-3.25,-75.3,175.0
-3.25,-75.25,167.0
-3.25,-75.2,147.0
-3.25,-75.15,142.0
-3.25,-75.1,153.0
-3.25,-75.05,136.0
-3.25,-75.0,125.0
-3.25,-74.95,183.0
-3.25,-74.9,152.0
-3.25,-74.85,183.0
-3.25,-74.8,196.0
-3.25,-74.75,199.0
-3.25,-74.7,158.0
-3.25,-74.65,134.0
-3.25,-74.6,169.0
-3.25,-74.55,168.0
-3.25,-74.5,186.0
-3.25,-74.45,147.0
-3.25,-74.4,160.0
-3.25,-74.35,151.0
-3.25,-74.3,164.0
-3.25,-74.25,166.0
-3.25,-74.2,158.0
-3.25,-74.15,166.0
-3.25,-74.1,179.0
-3.25,-74.05,141.0
-3.25,-74.0,119.0
-3.25,-73.95,145.0
-3.25,-73.9,141.0
-3.25,-73.85,151.0
-3.25,-73.8,155.0
-3.25,-73.75,150.0
-3.25,-73.7,137.0
-3.25,-73.65,143.0
-3.25,-73.6,141.0
-3.25,-73.55,123.0
-3.25,-73.5,113.0
-3.25,-73.45,118.0
-3.25,-73.4,121.0
-3.25,-73.35,116.0
-3.25,-73.3,124.0
-3.25,-73.25,110.0
-3.25,-73.2,109.0
-3.25,-73.15,137.0
-3.25,-73.1,130.0
-3.25,-73.05,131.0
-3.25,-73.0,120.0
-3.25,-72.95,118.0
-3.25,-72.9,117.0
-3.25,-72.85,127.0
-3.25,-72.8,125.0
-3.25,-72.75,138.0
-3.25,-72.7,147.0
-3.25,-72.65,165.0
-3.25,-72.6,140.0
-3.25,-72.55,124.0
-3.25,-72.5,129.0
-3.25,-72.45,90.0
-3.25,-72.4,117.0
-3.25,-72.35,120.0
-3.25,-72.3,113.0
-3.25,-72.25,112.0
-3.25,-72.2,118.0
-3.25,-72.15,116.0
-3.25,-72.1,130.0
-3.25,-72.05,125.0
-3.25,-72.0,104.0
-3.25,-71.95,118.0
-3.25,-71.9,122.0
-3.25,-71.85,140.0
-3.25,-71.8,113.0
-3.25,-71.75,112.0
-3.25,-71.7,122.0
-3.25,-71.65,120.0
-3.25,-71.6,119.0
-3.25,-71.55,121.0
-3.25,-71.5,140.0
-3.25,-71.45,148.0
-3.25,-71.4,145.0
-3.25,-71.35,141.0
-3.25,-71.3,143.0
-3.25,-71.25,141.0
-3.25,-71.2,149.0
-3.25,-71.15,140.0
-3.25,-71.1,138.0
-3.25,-71.05,147.0
-3.25,-71.0,148.0
-3.25,-70.95,139.0
-3.25,-70.9,123.0
-3.25,-70.85,123.0
-3.25,-70.8,135.0
-3.25,-70.75,124.0
-3.25,-70.7,116.0
-3.25,-70.65,128.0
-3.25,-70.6,131.0
-3.25,-70.55,100.0
-3.25,-70.5,115.0
-3.25,-70.45,111.0
-3.25,-70.4,102.0
-3.25,-70.35,109.0
-3.25,-70.3,105.0
-3.25,-70.25,119.0
-3.25,-70.2,99.0
-3.25,-70.15,102.0
-3.25,-70.1,114.0
-3.25,-70.05,112.0
-3.25,-70.0,119.0
-3.25,-69.95,157.0
-3.25,-69.9,129.0
-3.25,-69.85,136.0
-3.25,-69.8,139.0
-3.25,-69.75,145.0
-3.25,-69.7,122.0
-3.25,-69.65,112.0
-3.25,-69.6,122.0
-3.25,-69.55,110.0
-3.25,-69.5,107.0
-3.25,-69.45,84.0
-3.25,-69.4,80.0
-3.25,-69.35,84.0
-3.25,-69.3,77.0
-3.25,-69.25,77.0
-3.25,-69.2,72.0
-3.25,-69.15,89.0
-3.25,-69.1,93.0
-3.25,-69.05,86.0
-3.25,-69.0,67.0
-3.25,-68.95,65.0
-3.25,-68.9,64.0
-3.25,-68.85,64.0
-3.25,-68.8,57.0
-3.25,-68.75,60.0
-3.25,-68.7,67.0
-3.25,-68.65,58.0
-3.25,-68.6,60.0
-3.25,-68.55,69.0
-3.25,-68.5,75.0
-3.25,-68.45,64.0
-3.25,-68.4,67.0
-3.25,-68.35,65.0
-3.25,-68.3,71.0
-3.25,-68.25,54.0
-3.25,-68.2,62.0
-3.25,-68.15,66.0
-3.25,-68.1,75.0
-3.25,-68.05,57.0
-3.25,-68.0,65.0
-3.0,-82.0,0.0
-3.0,-81.95,0.0
-3.0,-81.9,0.0
-3.0,-81.85,0.0
-3.0,-81.8,0.0
-3.0,-81.75,0.0
-3.0,-81.7,0.0
-3.0,-81.65,0.0
-3.0,-81.6,0.0
-3.0,-81.55,0.0
-3.0,-81.5,0.0
-3.0,-81.45,0.0
-3.0,-81.4,0.0
-3.0,-81.35,0.0
-3.0,-81.3,0.0
-3.0,-81.25,0.0
-3.0,-81.2,0.0
-3.0,-81.15,0.0
-3.0,-81.1,0.0
-3.0,-81.05,0.0
-3.0,-81.0,0.0
-3.0,-80.95,0.0
-3.0,-80.9,0.0
-3.0,-80.85,0.0
-3.0,-80.8,0.0
-3.0,-80.75,0.0
-3.0,-80.7,0.0
-3.0,-80.65,0.0
-3.0,-80.6,0.0
-3.0,-80.55,0.0
-3.0,-80.5,0.0
-3.0,-80.45,0.0
-3.0,-80.4,0.0
-3.0,-80.35,0.0
-3.0,-80.3,0.0
-3.0,-80.25,0.0
-3.0,-80.2,5.0
-3.0,-80.15,0.0
-3.0,-80.1,0.0
-3.0,-80.05,0.0
-3.0,-80.0,0.0
-3.0,-79.95,0.0
-3.0,-79.9,0.0
-3.0,-79.85,0.0
-3.0,-79.8,5.0
-3.0,-79.75,39.0
-3.0,-79.7,75.0
-3.0,-79.65,237.0
-3.0,-79.6,412.0
-3.0,-79.55,1354.0
-3.0,-79.5,2183.0
-3.0,-79.45,3136.0
-3.0,-79.4,3470.0
-3.0,-79.35,3827.0
-3.0,-79.3,3598.0
-3.0,-79.25,3669.0
-3.0,-79.2,3826.0
-3.0,-79.15,3230.0
-3.0,-79.1,2929.0
-3.0,-79.05,2673.0
-3.0,-79.0,2818.0
-3.0,-78.95,2916.0
-3.0,-78.9,2928.0
-3.0,-78.85,3021.0
-3.0,-78.8,2587.0
-3.0,-78.75,2772.0
-3.0,-78.7,3611.0
-3.0,-78.65,3325.0
-3.0,-78.6,3001.0
-3.0,-78.55,2105.0
-3.0,-78.5,1936.0
-3.0,-78.45,1365.0
-3.0,-78.4,1358.0
-3.0,-78.35,1282.0
-3.0,-78.3,1584.0
-3.0,-78.25,693.0
-3.0,-78.2,879.0
-3.0,-78.15,1156.0
-3.0,-78.1,871.0
-3.0,-78.05,554.0
-3.0,-78.0,584.0
-3.0,-77.95,501.0
-3.0,-77.9,264.0
-3.0,-77.85,241.0
-3.0,-77.8,337.0
-3.0,-77.75,240.0
-3.0,-77.7,196.0
-3.0,-77.65,217.0
-3.0,-77.6,222.0
-3.0,-77.55,225.0
-3.0,-77.5,225.0
-3.0,-77.45,219.0
-3.0,-77.4,229.0
-3.0,-77.35,225.0
-3.0,-77.3,238.0
-3.0,-77.25,248.0
-3.0,-77.2,245.0
-3.0,-77.15,240.0
-3.0,-77.1,248.0
-3.0,-77.05,246.0
-3.0,-77.0,242.0
-3.0,-76.95,245.0
-3.0,-76.9,240.0
-3.0,-76.85,229.0
-3.0,-76.8,265.0
-3.0,-76.75,231.0
-3.0,-76.7,222.0
-3.0,-76.65,250.0
-3.0,-76.6,256.0
-3.0,-76.55,264.0
-3.0,-76.5,219.0
-3.0,-76.45,226.0
-3.0,-76.4,200.0
-3.0,-76.35,256.0
-3.0,-76.3,289.0
-3.0,-76.25,234.0
-3.0,-76.2,216.0
-3.0,-76.15,224.0
-3.0,-76.1,236.0
-3.0,-76.05,244.0
-3.0,-76.0,214.0
-3.0,-75.95,220.0
-3.0,-75.9,199.0
-3.0,-75.85,231.0
-3.0,-75.8,170.0
-3.0,-75.75,221.0
-3.0,-75.7,223.0
-3.0,-75.65,253.0
-3.0,-75.6,241.0
-3.0,-75.55,238.0
-3.0,-75.5,216.0
-3.0,-75.45,253.0
-3.0,-75.4,199.0
-3.0,-75.35,178.0
-3.0,-75.3,152.0
-3.0,-75.25,180.0
-3.0,-75.2,178.0
-3.0,-75.15,158.0
-3.0,-75.1,134.0
-3.0,-75.05,171.0
-3.0,-75.0,167.0
-3.0,-74.95,163.0
-3.0,-74.9,170.0
-3.0,-74.85,177.0
-3.0,-74.8,159.0
-3.0,-74.75,180.0
-3.0,-74.7,202.0
-3.0,-74.65,198.0
-3.0,-74.6,186.0
-3.0,-74.55,168.0
-3.0,-74.5,185.0
-3.0,-74.45,189.0
-3.0,-74.4,186.0
-3.0,-74.35,178.0
-3.0,-74.3,148.0
-3.0,-74.25,188.0
-3.0,-74.2,174.0
-3.0,-74.15,176.0
-3.0,-74.1,150.0
-3.0,-74.05,147.0
-3.0,-74.0,140.0
-3.0,-73.95,141.0
-3.0,-73.9,128.0
-3.0,-73.85,130.0
-3.0,-73.8,129.0
-3.0,-73.75,114.0
-3.0,-73.7,105.0
-3.0,-73.65,123.0
-3.0,-73.6,135.0
-3.0,-73.55,121.0
-3.0,-73.5,138.0
-3.0,-73.45,133.0
-3.0,-73.4,117.0
-3.0,-73.35,120.0
-3.0,-73.3,97.0
-3.0,-73.25,124.0
-3.0,-73.2,118.0
-3.0,-73.15,126.0
-3.0,-73.1,136.0
-3.0,-73.05,139.0
-3.0,-73.0,149.0
-3.0,-72.95,145.0
-3.0,-72.9,131.0
-3.0,-72.85,141.0
-3.0,-72.8,138.0
-3.0,-72.75,137.0
-3.0,-72.7,146.0
-3.0,-72.65,146.0
-3.0,-72.6,134.0
-3.0,-72.55,127.0
-3.0,-72.5,125.0
-3.0,-72.45,120.0
-3.0,-72.4,132.0
-3.0,-72.35,118.0
-3.0,-72.3,129.0
-3.0,-72.25,141.0
-3.0,-72.2,125.0
-3.0,-72.15,119.0
-3.0,-72.1,124.0
-3.0,-72.05,127.0
-3.0,-72.0,138.0
-3.0,-71.95,136.0
-3.0,-71.9,133.0
-3.0,-71.85,123.0
-3.0,-71.8,137.0
-3.0,-71.75,140.0
-3.0,-71.7,138.0
-3.0,-71.65,129.0
-3.0,-71.6,139.0
-3.0,-71.55,133.0
-3.0,-71.5,133.0
-3.0,-71.45,135.0
-3.0,-71.4,138.0
-3.0,-71.35,131.0
-3.0,-71.3,137.0
-3.0,-71.25,131.0
-3.0,-71.2,115.0
-3.0,-71.15,127.0
-3.0,-71.1,127.0
-3.0,-71.05,115.0
-3.0,-71.0,107.0
-3.0,-70.95,129.0
-3.0,-70.9,134.0
-3.0,-70.85,117.0
-3.0,-70.8,127.0
-3.0,-70.75,113.0
-3.0,-70.7,124.0
-3.0,-70.65,126.0
-3.0,-70.6,137.0
-3.0,-70.55,130.0
-3.0,-70.5,136.0
-3.0,-70.45,125.0
-3.0,-70.4,132.0
-3.0,-70.35,127.0
-3.0,-70.3,120.0
-3.0,-70.25,104.0
-3.0,-70.2,115.0
-3.0,-70.15,109.0
-3.0,-70.1,105.0
-3.0,-70.05,88.0
-3.0,-70.0,91.0
-3.0,-69.95,77.0
-3.0,-69.9,96.0
-3.0,-69.85,93.0
-3.0,-69.8,111.0
-3.0,-69.75,110.0
-3.0,-69.7,111.0
-3.0,-69.65,114.0
-3.0,-69.6,94.0
-3.0,-69.55,102.0
-3.0,-69.5,100.0
-3.0,-69.45,107.0
-3.0,-69.4,114.0
-3.0,-69.35,85.0
-3.0,-69.3,98.0
-3.0,-69.25,83.0
-3.0,-69.2,56.0
-3.0,-69.15,69.0
-3.0,-69.1,66.0
-3.0,-69.05,70.0
-3.0,-69.0,73.0
-3.0,-68.95,75.0
-3.0,-68.9,61.0
-3.0,-68.85,61.0
-3.0,-68.8,75.0
-3.0,-68.75,71.0
-3.0,-68.7,64.0
-3.0,-68.65,52.0
-3.0,-68.6,59.0
-3.0,-68.55,63.0
-3.0,-68.5,72.0
-3.0,-68.45,64.0
-3.0,-68.4,61.0
-3.0,-68.35,60.0
-3.0,-68.3,67.0
-3.0,-68.25,62.0
-3.0,-68.2,49.0
-3.0,-68.15,82.0
-3.0,-68.1,100.0
-3.0,-68.05,106.0
-3.0,-68.0,97.0
-2.75,-82.0,0.0
-2.75,-81.95,0.0
-2.75,-81.9,0.0
-2.75,-81.85,0.0
-2.75,-81.8,0.0
-2.75,-81.75,0.0
-2.75,-81.7,0.0
-2.75,-81.65,0.0
-2.75,-81.6,0.0
-2.75,-81.55,0.0
-2.75,-81.5,0.0
-2.75,-81.45,0.0
-2.75,-81.4,0.0
-2.75,-81.35,0.0
-2.75,-81.3,0.0
-2.75,-81.25,0.0
-2.75,-81.2,0.0
-2.75,-81.15,0.0
-2.75,-81.1,0.0
-2.75,-81.05,0.0
-2.75,-81.0,0.0
-2.75,-80.95,0.0
-2.75,-80.9,0.0
-2.75,-80.85,0.0
-2.75,-80.8,0.0
-2.75,-80.75,0.0
-2.75,-80.7,0.0
-2.75,-80.65,0.0
-2.75,-80.6,0.0
-2.75,-80.55,0.0
-2.75,-80.5,0.0
-2.75,-80.45,0.0
-2.75,-80.4,0.0
-2.75,-80.35,0.0
-2.75,-80.3,0.0
-2.75,-80.25,0.0
-2.75,-80.2,21.0
-2.75,-80.15,13.0
-2.75,-80.1,21.0
-2.75,-80.05,55.0
-2.75,-80.0,37.0
-2.75,-79.95,18.0
-2.75,-79.9,0.0
-2.75,-79.85,0.0
-2.75,-79.8,0.0
-2.75,-79.75,3.0
-2.75,-79.7,15.0
-2.75,-79.65,69.0
-2.75,-79.6,422.0
-2.75,-79.55,818.0
-2.75,-79.5,1386.0
-2.75,-79.45,3019.0
-2.75,-79.4,2536.0
-2.75,-79.35,3003.0
-2.75,-79.3,4246.0
-2.75,-79.25,4182.0
-2.75,-79.2,4186.0
-2.75,-79.15,4059.0
-2.75,-79.1,3986.0
-2.75,-79.05,3628.0
-2.75,-79.0,3419.0
-2.75,-78.95,2898.0
-2.75,-78.9,2885.0
-2.75,-78.85,2465.0
-2.75,-78.8,2906.0
-2.75,-78.75,2698.0
-2.75,-78.7,2664.0
-2.75,-78.65,2164.0
-2.75,-78.6,3389.0
-2.75,-78.55,2969.0
-2.75,-78.5,1948.0
-2.75,-78.45,1711.0
-2.75,-78.4,896.0
-2.75,-78.35,647.0
-2.75,-78.3,525.0
-2.75,-78.25,740.0
-2.75,-78.2,907.0
-2.75,-78.15,1574.0
-2.75,-78.1,1743.0
-2.75,-78.05,1289.0
-2.75,-78.0,1231.0
-2.75,-77.95,1059.0
-2.75,-77.9,868.0
-2.75,-77.85,891.0
-2.75,-77.8,266.0
-2.75,-77.75,258.0
-2.75,-77.7,281.0
-2.75,-77.65,258.0
-2.75,-77.6,289.0
-2.75,-77.55,224.0
-2.75,-77.5,218.0
-2.75,-77.45,239.0
-2.75,-77.4,252.0
-2.75,-77.35,252.0
-2.75,-77.3,253.0
-2.75,-77.25,259.0
-2.75,-77.2,259.0
-2.75,-77.15,264.0
-2.75,-77.1,266.0
-2.75,-77.05,260.0
-2.75,-77.0,257.0
-2.75,-76.95,281.0
-2.75,-76.9,274.0
-2.75,-76.85,269.0
-2.75,-76.8,257.0
-2.75,-76.75,271.0
-2.75,-76.7,252.0
-2.75,-76.65,262.0
-2.75,-76.6,259.0
-2.75,-76.55,246.0
-2.75,-76.5,243.0
-2.75,-76.45,246.0
-2.75,-76.4,238.0
-2.75,-76.35,263.0
-2.75,-76.3,263.0
-2.75,-76.25,270.0
-2.75,-76.2,251.0
-2.75,-76.15,267.0
-2.75,-76.1,239.0
-2.75,-76.05,222.0
-2.75,-76.0,220.0
-2.75,-75.95,218.0
-2.75,-75.9,222.0
-2.75,-75.85,260.0
-2.75,-75.8,227.0
-2.75,-75.75,209.0
-2.75,-75.7,207.0
-2.75,-75.65,197.0
-2.75,-75.6,194.0
-2.75,-75.55,177.0
-2.75,-75.5,161.0
-2.75,-75.45,169.0
-2.75,-75.4,182.0
-2.75,-75.35,182.0
-2.75,-75.3,206.0
-2.75,-75.25,204.0
-2.75,-75.2,185.0
-2.75,-75.15,181.0
-2.75,-75.1,168.0
-2.75,-75.05,173.0
-2.75,-75.0,202.0
-2.75,-74.95,192.0
-2.75,-74.9,200.0
-2.75,-74.85,190.0
-2.75,-74.8,191.0
-2.75,-74.75,227.0
-2.75,-74.7,235.0
-2.75,-74.65,218.0
-2.75,-74.6,190.0
-2.75,-74.55,184.0
-2.75,-74.5,191.0
-2.75,-74.45,170.0
-2.75,-74.4,152.0
-2.75,-74.35,154.0
-2.75,-74.3,140.0
-2.75,-74.25,129.0
-2.75,-74.2,131.0
-2.75,-74.15,135.0
-2.75,-74.1,140.0
-2.75,-74.05,143.0
-2.75,-74.0,143.0
-2.75,-73.95,149.0
-2.75,-73.9,148.0
-2.75,-73.85,142.0
-2.75,-73.8,138.0
-2.75,-73.75,147.0
-2.75,-73.7,136.0
-2.75,-73.65,142.0
-2.75,-73.6,124.0
-2.75,-73.55,122.0
-2.75,-73.5,107.0
-2.75,-73.45,124.0
-2.75,-73.4,129.0
-2.75,-73.35,146.0
-2.75,-73.3,151.0
-2.75,-73.25,149.0
-2.75,-73.2,150.0
-2.75,-73.15,180.0
-2.75,-73.1,184.0
-2.75,-73.05,182.0
-2.75,-73.0,173.0
-2.75,-72.95,165.0
-2.75,-72.9,163.0
-2.75,-72.85,153.0
-2.75,-72.8,158.0
-2.75,-72.75,140.0
-2.75,-72.7,136.0
-2.75,-72.65,129.0
-2.75,-72.6,131.0
-2.75,-72.55,133.0
-2.75,-72.5,123.0
-2.75,-72.45,141.0
-2.75,-72.4,128.0
-2.75,-72.35,131.0
-2.75,-72.3,139.0
-2.75,-72.25,132.0
-2.75,-72.2,135.0
-2.75,-72.15,126.0
-2.75,-72.1,128.0
-2.75,-72.05,145.0
-2.75,-72.0,147.0
-2.75,-71.95,152.0
-2.75,-71.9,138.0
-2.75,-71.85,141.0
-2.75,-71.8,149.0
-2.75,-71.75,134.0
-2.75,-71.7,145.0
-2.75,-71.65,143.0
-2.75,-71.6,149.0
-2.75,-71.55,123.0
-2.75,-71.5,130.0
-2.75,-71.45,148.0
-2.75,-71.4,129.0
-2.75,-71.35,139.0
-2.75,-71.3,130.0
-2.75,-71.25,115.0
-2.75,-71.2,120.0
-2.75,-71.15,120.0
-2.75,-71.1,118.0
-2.75,-71.05,127.0
-2.75,-71.0,118.0
-2.75,-70.95,92.0
-2.75,-70.9,102.0
-2.75,-70.85,89.0
-2.75,-70.8,94.0
-2.75,-70.75,101.0
-2.75,-70.7,111.0
-2.75,-70.65,102.0
-2.75,-70.6,106.0
-2.75,-70.55,100.0
-2.75,-70.5,98.0
-2.75,-70.45,87.0
-2.75,-70.4,78.0
-2.75,-70.35,98.0
-2.75,-70.3,97.0
-2.75,-70.25,97.0
-2.75,-70.2,72.0
-2.75,-70.15,76.0
-2.75,-70.1,83.0
-2.75,-70.05,66.0
-2.75,-70.0,83.0
-2.75,-69.95,80.0
-2.75,-69.9,85.0
-2.75,-69.85,82.0
-2.75,-69.8,61.0
-2.75,-69.75,69.0
-2.75,-69.7,97.0
-2.75,-69.65,106.0
-2.75,-69.6,110.0
-2.75,-69.55,103.0
-2.75,-69.5,110.0
-2.75,-69.45,75.0
-2.75,-69.4,111.0
-2.75,-69.35,113.0
-2.75,-69.3,127.0
-2.75,-69.25,115.0
-2.75,-69.2,133.0
-2.75,-69.15,122.0
-2.75,-69.1,119.0
-2.75,-69.05,123.0
-2.75,-69.0,125.0
-2.75,-68.95,125.0
-2.75,-68.9,125.0
-2.75,-68.85,107.0
-2.75,-68.8,121.0
-2.75,-68.75,117.0
-2.75,-68.7,121.0
-2.75,-68.65,102.0
-2.75,-68.6,115.0
-2.75,-68.55,101.0
-2.75,-68.5,103.0
-2.75,-68.45,104.0
-2.75,-68.4,107.0
-2.75,-68.35,110.0
-2.75,-68.3,73.0
-2.75,-68.25,84.0
-2.75,-68.2,100.0
-2.75,-68.15,92.0
-2.75,-68.1,96.0
-2.75,-68.05,86.0
-2.75,-68.0,95.0
-2.5,-82.0,0.0
-2.5,-81.95,0.0
-2.5,-81.9,0.0
-2.5,-81.85,0.0
-2.5,-81.8,0.0
-2.5,-81.75,0.0
-2.5,-81.7,0.0
-2.5,-81.65,0.0
-2.5,-81.6,0.0
-2.5,-81.55,0.0
-2.5,-81.5,0.0
-2.5,-81.45,0.0
-2.5,-81.4,0.0
-2.5,-81.35,0.0
-2.5,-81.3,0.0
-2.5,-81.25,0.0
-2.5,-81.2,0.0
-2.5,-81.15,0.0
-2.5,-81.1,0.0
-2.5,-81.05,0.0
-2.5,-81.0,0.0
-2.5,-80.95,0.0
-2.5,-80.9,0.0
-2.5,-80.85,0.0
-2.5,-80.8,0.0
-2.5,-80.75,0.0
-2.5,-80.7,0.0
-2.5,-80.65,0.0
-2.5,-80.6,0.0
-2.5,-80.55,10.0
-2.5,-80.5,57.0
-2.5,-80.45,210.0
-2.5,-80.4,60.0
-2.5,-80.35,28.0
-2.5,-80.3,68.0
-2.5,-80.25,6.0
-2.5,-80.2,5.0
-2.5,-80.15,0.0
-2.5,-80.1,7.0
-2.5,-80.05,0.0
-2.5,-80.0,12.0
-2.5,-79.95,8.0
-2.5,-79.9,8.0
-2.5,-79.85,22.0
-2.5,-79.8,18.0
-2.5,-79.75,27.0
-2.5,-79.7,19.0
-2.5,-79.65,8.0
-2.5,-79.6,10.0
-2.5,-79.55,14.0
-2.5,-79.5,24.0
-2.5,-79.45,42.0
-2.5,-79.4,76.0
-2.5,-79.35,134.0
-2.5,-79.3,506.0
-2.5,-79.25,454.0
-2.5,-79.2,797.0
-2.5,-79.15,1579.0
-2.5,-79.1,1565.0
-2.5,-79.05,1831.0
-2.5,-79.0,2342.0
-2.5,-78.95,2990.0
-2.5,-78.9,3574.0
-2.5,-78.85,3435.0
-2.5,-78.8,3484.0
-2.5,-78.75,3708.0
-2.5,-78.7,2965.0
-2.5,-78.65,3748.0
-2.5,-78.6,3248.0
-2.5,-78.55,2728.0
-2.5,-78.5,3551.0
-2.5,-78.45,3317.0
-2.5,-78.4,2316.0
-2.5,-78.35,1698.0
-2.5,-78.3,1150.0
-2.5,-78.25,912.0
-2.5,-78.2,1074.0
-2.5,-78.15,773.0
-2.5,-78.1,1064.0
-2.5,-78.05,1266.0
-2.5,-78.0,1687.0
-2.5,-77.95,1272.0
-2.5,-77.9,528.0
-2.5,-77.85,906.0
-2.5,-77.8,663.0
-2.5,-77.75,389.0
-2.5,-77.7,323.0
-2.5,-77.65,369.0
-2.5,-77.6,352.0
-2.5,-77.55,355.0
-2.5,-77.5,281.0
-2.5,-77.45,275.0
-2.5,-77.4,292.0
-2.5,-77.35,298.0
-2.5,-77.3,284.0
-2.5,-77.25,286.0
-2.5,-77.2,293.0
-2.5,-77.15,292.0
-2.5,-77.1,289.0
-2.5,-77.05,286.0
-2.5,-77.0,245.0
-2.5,-76.95,281.0
-2.5,-76.9,280.0
-2.5,-76.85,287.0
-2.5,-76.8,254.0
-2.5,-76.75,292.0
-2.5,-76.7,294.0
-2.5,-76.65,247.0
-2.5,-76.6,291.0
-2.5,-76.55,337.0
-2.5,-76.5,305.0
-2.5,-76.45,274.0
-2.5,-76.4,325.0
-2.5,-76.35,277.0
-2.5,-76.3,250.0
-2.5,-76.25,235.0
-2.5,-76.2,251.0
-2.5,-76.15,239.0
-2.5,-76.1,243.0
-2.5,-76.05,242.0
-2.5,-76.0,228.0
-2.5,-75.95,219.0
-2.5,-75.9,199.0
-2.5,-75.85,203.0
-2.5,-75.8,197.0
-2.5,-75.75,149.0
-2.5,-75.7,165.0
-2.5,-75.65,183.0
-2.5,-75.6,183.0
-2.5,-75.55,194.0
-2.5,-75.5,193.0
-2.5,-75.45,209.0
-2.5,-75.4,196.0
-2.5,-75.35,206.0
-2.5,-75.3,206.0
-2.5,-75.25,239.0
-2.5,-75.2,170.0
-2.5,-75.15,185.0
-2.5,-75.1,197.0
-2.5,-75.05,177.0
-2.5,-75.0,169.0
-2.5,-74.95,177.0
-2.5,-74.9,211.0
-2.5,-74.85,209.0
-2.5,-74.8,167.0
-2.5,-74.75,168.0
-2.5,-74.7,163.0
-2.5,-74.65,148.0
-2.5,-74.6,165.0
-2.5,-74.55,161.0
-2.5,-74.5,159.0
-2.5,-74.45,153.0
-2.5,-74.4,166.0
-2.5,-74.35,147.0
-2.5,-74.3,147.0
-2.5,-74.25,133.0
-2.5,-74.2,170.0
-2.5,-74.15,153.0
-2.5,-74.1,149.0
-2.5,-74.05,146.0
-2.5,-74.0,151.0
-2.5,-73.95,157.0
-2.5,-73.9,163.0
-2.5,-73.85,154.0
-2.5,-73.8,155.0
-2.5,-73.75,158.0
-2.5,-73.7,161.0
-2.5,-73.65,131.0
-2.5,-73.6,126.0
-2.5,-73.55,143.0
-2.5,-73.5,124.0
-2.5,-73.45,140.0
-2.5,-73.4,151.0
-2.5,-73.35,168.0
-2.5,-73.3,158.0
-2.5,-73.25,149.0
-2.5,-73.2,122.0
-2.5,-73.15,142.0
-2.5,-73.1,152.0
-2.5,-73.05,135.0
-2.5,-73.0,143.0
-2.5,-72.95,143.0
-2.5,-72.9,136.0
-2.5,-72.85,147.0
-2.5,-72.8,151.0
-2.5,-72.75,153.0
-2.5,-72.7,144.0
-2.5,-72.65,139.0
-2.5,-72.6,121.0
-2.5,-72.55,117.0
-2.5,-72.5,116.0
-2.5,-72.45,114.0
-2.5,-72.4,113.0
-2.5,-72.35,114.0
-2.5,-72.3,112.0
-2.5,-72.25,115.0
-2.5,-72.2,111.0
-2.5,-72.15,117.0
-2.5,-72.1,111.0
-2.5,-72.05,109.0
-2.5,-72.0,128.0
-2.5,-71.95,129.0
-2.5,-71.9,166.0
-2.5,-71.85,165.0
-2.5,-71.8,163.0
-2.5,-71.75,128.0
-2.5,-71.7,131.0
-2.5,-71.65,136.0
-2.5,-71.6,122.0
-2.5,-71.55,151.0
-2.5,-71.5,138.0
-2.5,-71.45,135.0
-2.5,-71.4,153.0
-2.5,-71.35,146.0
-2.5,-71.3,135.0
-2.5,-71.25,137.0
-2.5,-71.2,125.0
-2.5,-71.15,134.0
-2.5,-71.1,139.0
-2.5,-71.05,155.0
-2.5,-71.0,161.0
-2.5,-70.95,137.0
-2.5,-70.9,127.0
-2.5,-70.85,112.0
-2.5,-70.8,118.0
-2.5,-70.75,108.0
-2.5,-70.7,105.0
-2.5,-70.65,85.0
-2.5,-70.6,96.0
-2.5,-70.55,82.0
-2.5,-70.5,89.0
-2.5,-70.45,74.0
-2.5,-70.4,104.0
-2.5,-70.35,82.0
-2.5,-70.3,101.0
-2.5,-70.25,85.0
-2.5,-70.2,116.0
-2.5,-70.15,106.0
-2.5,-70.1,126.0
-2.5,-70.05,109.0
-2.5,-70.0,122.0
-2.5,-69.95,108.0
-2.5,-69.9,106.0
-2.5,-69.85,140.0
-2.5,-69.8,131.0
-2.5,-69.75,119.0
-2.5,-69.7,135.0
-2.5,-69.65,145.0
-2.5,-69.6,128.0
-2.5,-69.55,143.0
-2.5,-69.5,124.0
-2.5,-69.45,137.0
-2.5,-69.4,159.0
-2.5,-69.35,153.0
-2.5,-69.3,147.0
-2.5,-69.25,128.0
-2.5,-69.2,137.0
-2.5,-69.15,137.0
-2.5,-69.1,137.0
-2.5,-69.05,122.0
-2.5,-69.0,124.0
-2.5,-68.95,128.0
-2.5,-68.9,115.0
-2.5,-68.85,112.0
-2.5,-68.8,131.0
-2.5,-68.75,117.0
-2.5,-68.7,115.0
-2.5,-68.65,122.0
-2.5,-68.6,116.0
-2.5,-68.55,112.0
-2.5,-68.5,109.0
-2.5,-68.45,120.0
-2.5,-68.4,117.0
-2.5,-68.35,115.0
-2.5,-68.3,118.0
-2.5,-68.25,120.0
-2.5,-68.2,113.0
-2.5,-68.15,112.0
-2.5,-68.1,112.0
-2.5,-68.05,113.0
-2.5,-68.0,120.0
-2.25,-82.0,0.0
-2.25,-81.95,0.0
-2.25,-81.9,0.0
-2.25,-81.85,0.0
-2.25,-81.8,0.0
-2.25,-81.75,0.0
-2.25,-81.7,0.0
-2.25,-81.65,0.0
-2.25,-81.6,0.0
-2.25,-81.55,0.0
-2.25,-81.5,0.0
-2.25,-81.45,0.0
-2.25,-81.4,0.0
-2.25,-81.35,0.0
-2.25,-81.3,0.0
-2.25,-81.25,0.0
-2.25,-81.2,0.0
-2.25,-81.15,0.0
-2.25,-81.1,0.0
-2.25,-81.05,0.0
-2.25,-81.0,0.0
-2.25,-80.95,0.0
-2.25,-80.9,32.0
-2.25,-80.85,41.0
-2.25,-80.8,26.0
-2.25,-80.75,53.0
-2.25,-80.7,82.0
-2.25,-80.65,98.0
-2.25,-80.6,58.0
-2.25,-80.55,70.0
-2.25,-80.5,86.0
-2.25,-80.45,93.0
-2.25,-80.4,107.0
-2.25,-80.35,115.0
-2.25,-80.3,98.0
-2.25,-80.25,101.0
-2.25,-80.2,76.0
-2.25,-80.15,74.0
-2.25,-80.1,31.0
-2.25,-80.05,18.0
-2.25,-80.0,16.0
-2.25,-79.95,3.0
-2.25,-79.9,5.0
-2.25,-79.85,-5.0
-2.25,-79.8,2.0
-2.25,-79.75,4.0
-2.25,-79.7,3.0
-2.25,-79.65,12.0
-2.25,-79.6,18.0
-2.25,-79.55,25.0
-2.25,-79.5,29.0
-2.25,-79.45,34.0
-2.25,-79.4,39.0
-2.25,-79.35,61.0
-2.25,-79.3,90.0
-2.25,-79.25,134.0
-2.25,-79.2,187.0
-2.25,-79.15,798.0
-2.25,-79.1,614.0
-2.25,-79.05,1691.0
-2.25,-79.0,2226.0
-2.25,-78.95,1877.0
-2.25,-78.9,2010.0
-2.25,-78.85,2425.0
-2.25,-78.8,2921.0
-2.25,-78.75,2766.0
-2.25,-78.7,3782.0
-2.25,-78.65,3946.0
-2.25,-78.6,3742.0
-2.25,-78.55,3939.0
-2.25,-78.5,4148.0
-2.25,-78.45,3158.0
-2.25,-78.4,3223.0
-2.25,-78.35,3077.0
-2.25,-78.3,2208.0
-2.25,-78.25,2258.0
-2.25,-78.2,1528.0
-2.25,-78.15,1201.0
-2.25,-78.1,1097.0
-2.25,-78.05,1053.0
-2.25,-78.0,1122.0
-2.25,-77.95,1093.0
-2.25,-77.9,1758.0
-2.25,-77.85,1461.0
-2.25,-77.8,1389.0
-2.25,-77.75,701.0
-2.25,-77.7,603.0
-2.25,-77.65,650.0
-2.25,-77.6,639.0
-2.25,-77.55,476.0
-2.25,-77.5,487.0
-2.25,-77.45,402.0
-2.25,-77.4,378.0
-2.25,-77.35,378.0
-2.25,-77.3,361.0
-2.25,-77.25,327.0
-2.25,-77.2,335.0
-2.25,-77.15,360.0
-2.25,-77.1,336.0
-2.25,-77.05,282.0
-2.25,-77.0,338.0
-2.25,-76.95,322.0
-2.25,-76.9,305.0
-2.25,-76.85,337.0
-2.25,-76.8,287.0
-2.25,-76.75,302.0
-2.25,-76.7,350.0
-2.25,-76.65,297.0
-2.25,-76.6,312.0
-2.25,-76.55,311.0
-2.25,-76.5,293.0
-2.25,-76.45,268.0
-2.25,-76.4,264.0
-2.25,-76.35,243.0
-2.25,-76.3,228.0
-2.25,-76.25,225.0
-2.25,-76.2,217.0
-2.25,-76.15,221.0
-2.25,-76.1,204.0
-2.25,-76.05,185.0
-2.25,-76.0,181.0
-2.25,-75.95,180.0
-2.25,-75.9,180.0
-2.25,-75.85,201.0
-2.25,-75.8,203.0
-2.25,-75.75,211.0
-2.25,-75.7,198.0
-2.25,-75.65,229.0
-2.25,-75.6,206.0
-2.25,-75.55,194.0
-2.25,-75.5,190.0
-2.25,-75.45,194.0
-2.25,-75.4,192.0
-2.25,-75.35,189.0
-2.25,-75.3,150.0
-2.25,-75.25,193.0
-2.25,-75.2,201.0
-2.25,-75.15,232.0
-2.25,-75.1,192.0
-2.25,-75.05,182.0
-2.25,-75.0,166.0
-2.25,-74.95,167.0
-2.25,-74.9,169.0
-2.25,-74.85,194.0
-2.25,-74.8,182.0
-2.25,-74.75,159.0
-2.25,-74.7,152.0
-2.25,-74.65,157.0
-2.25,-74.6,152.0
-2.25,-74.55,136.0
-2.25,-74.5,146.0
-2.25,-74.45,151.0
-2.25,-74.4,141.0
-2.25,-74.35,131.0
-2.25,-74.3,147.0
-2.25,-74.25,140.0
-2.25,-74.2,137.0
-2.25,-74.15,144.0
-2.25,-74.1,141.0
-2.25,-74.05,141.0
-2.25,-74.0,152.0
-2.25,-73.95,157.0
-2.25,-73.9,140.0
-2.25,-73.85,158.0
-2.25,-73.8,148.0
-2.25,-73.75,176.0
-2.25,-73.7,171.0
-2.25,-73.65,142.0
-2.25,-73.6,155.0
-2.25,-73.55,148.0
-2.25,-73.5,155.0
-2.25,-73.45,181.0
-2.25,-73.4,187.0
-2.25,-73.35,146.0
-2.25,-73.3,149.0
-2.25,-73.25,159.0
-2.25,-73.2,158.0
-2.25,-73.15,130.0
-2.25,-73.1,133.0
-2.25,-73.05,131.0
-2.25,-73.0,140.0
-2.25,-72.95,155.0
-2.25,-72.9,162.0
-2.25,-72.85,160.0
-2.25,-72.8,139.0
-2.25,-72.75,139.0
-2.25,-72.7,165.0
-2.25,-72.65,153.0
-2.25,-72.6,138.0
-2.25,-72.55,145.0
-2.25,-72.5,164.0
-2.25,-72.45,167.0
-2.25,-72.4,152.0
-2.25,-72.35,164.0
-2.25,-72.3,150.0
-2.25,-72.25,153.0
-2.25,-72.2,159.0
-2.25,-72.15,152.0
-2.25,-72.1,124.0
-2.25,-72.05,122.0
-2.25,-72.0,120.0
-2.25,-71.95,121.0
-2.25,-71.9,106.0
-2.25,-71.85,106.0
-2.25,-71.8,132.0
-2.25,-71.75,105.0
-2.25,-71.7,103.0
-2.25,-71.65,104.0
-2.25,-71.6,95.0
-2.25,-71.55,85.0
-2.25,-71.5,111.0
-2.25,-71.45,126.0
-2.25,-71.4,122.0
-2.25,-71.35,125.0
-2.25,-71.3,112.0
-2.25,-71.25,107.0
-2.25,-71.2,133.0
-2.25,-71.15,118.0
-2.25,-71.1,97.0
-2.25,-71.05,92.0
-2.25,-71.0,93.0
-2.25,-70.95,78.0
-2.25,-70.9,100.0
-2.25,-70.85,78.0
-2.25,-70.8,86.0
-2.25,-70.75,120.0
-2.25,-70.7,126.0
-2.25,-70.65,128.0
-2.25,-70.6,115.0
-2.25,-70.55,126.0
-2.25,-70.5,128.0
-2.25,-70.45,123.0
-2.25,-70.4,133.0
-2.25,-70.35,136.0
-2.25,-70.3,131.0
-2.25,-70.25,129.0
-2.25,-70.2,128.0
-2.25,-70.15,120.0
-2.25,-70.1,131.0
-2.25,-70.05,123.0
-2.25,-70.0,144.0
-2.25,-69.95,124.0
-2.25,-69.9,144.0
-2.25,-69.85,111.0
-2.25,-69.8,120.0
-2.25,-69.75,161.0
-2.25,-69.7,129.0
-2.25,-69.65,114.0
-2.25,-69.6,122.0
-2.25,-69.55,130.0
-2.25,-69.5,130.0
-2.25,-69.45,114.0
-2.25,-69.4,109.0
-2.25,-69.35,108.0
-2.25,-69.3,107.0
-2.25,-69.25,110.0
-2.25,-69.2,143.0
-2.25,-69.15,146.0
-2.25,-69.1,150.0
-2.25,-69.05,134.0
-2.25,-69.0,127.0
-2.25,-68.95,116.0
-2.25,-68.9,115.0
-2.25,-68.85,129.0
-2.25,-68.8,117.0
-2.25,-68.75,99.0
-2.25,-68.7,128.0
-2.25,-68.65,105.0
-2.25,-68.6,111.0
-2.25,-68.55,119.0
-2.25,-68.5,111.0
-2.25,-68.45,118.0
-2.25,-68.4,103.0
-2.25,-68.35,110.0
-2.25,-68.3,119.0
-2.25,-68.25,109.0
-2.25,-68.2,101.0
-2.25,-68.15,114.0
-2.25,-68.1,112.0
-2.25,-68.05,102.0
-2.25,-68.0,107.0
-2.0,-82.0,0.0
-2.0,-81.95,0.0
-2.0,-81.9,0.0
-2.0,-81.85,0.0
-2.0,-81.8,0.0
-2.0,-81.75,0.0
-2.0,-81.7,0.0
-2.0,-81.65,0.0
-2.0,-81.6,0.0
-2.0,-81.55,0.0
-2.0,-81.5,0.0
-2.0,-81.45,0.0
-2.0,-81.4,0.0
-2.0,-81.35,0.0
-2.0,-81.3,0.0
-2.0,-81.25,0.0
-2.0,-81.2,0.0
-2.0,-81.15,0.0
-2.0,-81.1,0.0
-2.0,-81.05,0.0
-2.0,-81.0,0.0
-2.0,-80.95,0.0
-2.0,-80.9,0.0
-2.0,-80.85,0.0
-2.0,-80.8,0.0
-2.0,-80.75,16.0
-2.0,-80.7,23.0
-2.0,-80.65,32.0
-2.0,-80.6,26.0
-2.0,-80.55,36.0
-2.0,-80.5,101.0
-2.0,-80.45,159.0
-2.0,-80.4,395.0
-2.0,-80.35,344.0
-2.0,-80.3,245.0
-2.0,-80.25,139.0
-2.0,-80.2,170.0
-2.0,-80.15,51.0
-2.0,-80.1,232.0
-2.0,-80.05,17.0
-2.0,-80.0,5.0
-2.0,-79.95,51.0
-2.0,-79.9,104.0
-2.0,-79.85,3.0
-2.0,-79.8,8.0
-2.0,-79.75,8.0
-2.0,-79.7,9.0
-2.0,-79.65,2.0
-2.0,-79.6,9.0
-2.0,-79.55,13.0
-2.0,-79.5,25.0
-2.0,-79.45,18.0
-2.0,-79.4,26.0
-2.0,-79.35,30.0
-2.0,-79.3,31.0
-2.0,-79.25,149.0
-2.0,-79.2,829.0
-2.0,-79.15,1528.0
-2.0,-79.1,2369.0
-2.0,-79.05,2050.0
-2.0,-79.0,2485.0
-2.0,-78.95,1690.0
-2.0,-78.9,3035.0
-2.0,-78.85,4027.0
-2.0,-78.8,3875.0
-2.0,-78.75,3369.0
-2.0,-78.7,3566.0
-2.0,-78.65,3722.0
-2.0,-78.6,3983.0
-2.0,-78.55,3930.0
-2.0,-78.5,4022.0
-2.0,-78.45,3783.0
-2.0,-78.4,3411.0
-2.0,-78.35,4664.0
-2.0,-78.3,3112.0
-2.0,-78.25,2110.0
-2.0,-78.2,1866.0
-2.0,-78.15,1743.0
-2.0,-78.1,1479.0
-2.0,-78.05,1161.0
-2.0,-78.0,999.0
-2.0,-77.95,942.0
-2.0,-77.9,935.0
-2.0,-77.85,848.0
-2.0,-77.8,1009.0
-2.0,-77.75,823.0
-2.0,-77.7,647.0
-2.0,-77.65,680.0
-2.0,-77.6,669.0
-2.0,-77.55,555.0
-2.0,-77.5,467.0
-2.0,-77.45,450.0
-2.0,-77.4,476.0
-2.0,-77.35,429.0
-2.0,-77.3,416.0
-2.0,-77.25,390.0
-2.0,-77.2,416.0
-2.0,-77.15,349.0
-2.0,-77.1,387.0
-2.0,-77.05,381.0
-2.0,-77.0,318.0
-2.0,-76.95,396.0
-2.0,-76.9,369.0
-2.0,-76.85,339.0
-2.0,-76.8,353.0
-2.0,-76.75,292.0
-2.0,-76.7,258.0
-2.0,-76.65,273.0
-2.0,-76.6,240.0
-2.0,-76.55,264.0
-2.0,-76.5,234.0
-2.0,-76.45,215.0
-2.0,-76.4,225.0
-2.0,-76.35,215.0
-2.0,-76.3,233.0
-2.0,-76.25,235.0
-2.0,-76.2,221.0
-2.0,-76.15,235.0
-2.0,-76.1,188.0
-2.0,-76.05,206.0
-2.0,-76.0,217.0
-2.0,-75.95,227.0
-2.0,-75.9,248.0
-2.0,-75.85,223.0
-2.0,-75.8,215.0
-2.0,-75.75,190.0
-2.0,-75.7,197.0
-2.0,-75.65,198.0
-2.0,-75.6,192.0
-2.0,-75.55,201.0
-2.0,-75.5,204.0
-2.0,-75.45,207.0
-2.0,-75.4,210.0
-2.0,-75.35,207.0
-2.0,-75.3,247.0
-2.0,-75.25,188.0
-2.0,-75.2,168.0
-2.0,-75.15,226.0
-2.0,-75.1,232.0
-2.0,-75.05,186.0
-2.0,-75.0,170.0
-2.0,-74.95,157.0
-2.0,-74.9,139.0
-2.0,-74.85,154.0
-2.0,-74.8,186.0
-2.0,-74.75,208.0
-2.0,-74.7,207.0
-2.0,-74.65,194.0
-2.0,-74.6,200.0
-2.0,-74.55,181.0
-2.0,-74.5,152.0
-2.0,-74.45,131.0
-2.0,-74.4,151.0
-2.0,-74.35,145.0
-2.0,-74.3,151.0
-2.0,-74.25,155.0
-2.0,-74.2,189.0
-2.0,-74.15,187.0
-2.0,-74.1,196.0
-2.0,-74.05,167.0
-2.0,-74.0,178.0
-2.0,-73.95,129.0
-2.0,-73.9,185.0
-2.0,-73.85,168.0
-2.0,-73.8,160.0
-2.0,-73.75,162.0
-2.0,-73.7,169.0
-2.0,-73.65,171.0
-2.0,-73.6,169.0
-2.0,-73.55,161.0
-2.0,-73.5,163.0
-2.0,-73.45,160.0
-2.0,-73.4,153.0
-2.0,-73.35,143.0
-2.0,-73.3,142.0
-2.0,-73.25,149.0
-2.0,-73.2,141.0
-2.0,-73.15,138.0
-2.0,-73.1,160.0
-2.0,-73.05,164.0
-2.0,-73.0,173.0
-2.0,-72.95,177.0
-2.0,-72.9,166.0
-2.0,-72.85,161.0
-2.0,-72.8,175.0
-2.0,-72.75,152.0
-2.0,-72.7,149.0
-2.0,-72.65,140.0
-2.0,-72.6,142.0
-2.0,-72.55,141.0
-2.0,-72.5,119.0
-2.0,-72.45,133.0
-2.0,-72.4,134.0
-2.0,-72.35,143.0
-2.0,-72.3,116.0
-2.0,-72.25,126.0
-2.0,-72.2,124.0
-2.0,-72.15,127.0
-2.0,-72.1,123.0
-2.0,-72.05,128.0
-2.0,-72.0,135.0
-2.0,-71.95,128.0
-2.0,-71.9,143.0
-2.0,-71.85,137.0
-2.0,-71.8,140.0
-2.0,-71.75,131.0
-2.0,-71.7,132.0
-2.0,-71.65,135.0
-2.0,-71.6,140.0
-2.0,-71.55,137.0
-2.0,-71.5,138.0
-2.0,-71.45,133.0
-2.0,-71.4,133.0
-2.0,-71.35,132.0
-2.0,-71.3,148.0
-2.0,-71.25,157.0
-2.0,-71.2,134.0
-2.0,-71.15,130.0
-2.0,-71.1,126.0
-2.0,-71.05,117.0
-2.0,-71.0,129.0
-2.0,-70.95,130.0
-2.0,-70.9,109.0
-2.0,-70.85,116.0
-2.0,-70.8,112.0
-2.0,-70.75,123.0
-2.0,-70.7,133.0
-2.0,-70.65,147.0
-2.0,-70.6,133.0
-2.0,-70.55,125.0
-2.0,-70.5,130.0
-2.0,-70.45,139.0
-2.0,-70.4,134.0
-2.0,-70.35,129.0
-2.0,-70.3,149.0
-2.0,-70.25,153.0
-2.0,-70.2,141.0
-2.0,-70.15,132.0
-2.0,-70.1,113.0
-2.0,-70.05,120.0
-2.0,-70.0,148.0
-2.0,-69.95,138.0
-2.0,-69.9,145.0
-2.0,-69.85,145.0
-2.0,-69.8,154.0
-2.0,-69.75,119.0
-2.0,-69.7,115.0
-2.0,-69.65,125.0
-2.0,-69.6,139.0
-2.0,-69.55,130.0
-2.0,-69.5,154.0
-2.0,-69.45,140.0
-2.0,-69.4,134.0
-2.0,-69.35,151.0
-2.0,-69.3,153.0
-2.0,-69.25,123.0
-2.0,-69.2,117.0
-2.0,-69.15,155.0
-2.0,-69.1,132.0
-2.0,-69.05,138.0
-2.0,-69.0,134.0
-2.0,-68.95,118.0
-2.0,-68.9,113.0
-2.0,-68.85,128.0
-2.0,-68.8,126.0
-2.0,-68.75,124.0
-2.0,-68.7,118.0
-2.0,-68.65,111.0
-2.0,-68.6,100.0
-2.0,-68.55,97.0
-2.0,-68.5,68.0
-2.0,-68.45,112.0
-2.0,-68.4,111.0
-2.0,-68.35,115.0
-2.0,-68.3,111.0
-2.0,-68.25,72.0
-2.0,-68.2,112.0
-2.0,-68.15,96.0
-2.0,-68.1,118.0
-2.0,-68.05,107.0
-2.0,-68.0,99.0
-1.75,-82.0,0.0
-1.75,-81.95,0.0
-1.75,-81.9,0.0
-1.75,-81.85,0.0
-1.75,-81.8,0.0
-1.75,-81.75,0.0
-1.75,-81.7,0.0
-1.75,-81.65,0.0
-1.75,-81.6,0.0
-1.75,-81.55,0.0
-1.75,-81.5,0.0
-1.75,-81.45,0.0
-1.75,-81.4,0.0
-1.75,-81.35,0.0
-1.75,-81.3,0.0
-1.75,-81.25,0.0
-1.75,-81.2,0.0
-1.75,-81.15,0.0
-1.75,-81.1,0.0
-1.75,-81.05,0.0
-1.75,-81.0,0.0
-1.75,-80.95,0.0
-1.75,-80.9,0.0
-1.75,-80.85,0.0
-1.75,-80.8,0.0
-1.75,-80.75,123.0
-1.75,-80.7,330.0
-1.75,-80.65,391.0
-1.75,-80.6,452.0
-1.75,-80.55,617.0
-1.75,-80.5,484.0
-1.75,-80.45,269.0
-1.75,-80.4,284.0
-1.75,-80.35,112.0
-1.75,-80.3,85.0
-1.75,-80.25,70.0
-1.75,-80.2,57.0
-1.75,-80.15,42.0
-1.75,-80.1,20.0
-1.75,-80.05,6.0
-1.75,-80.0,5.0
-1.75,-79.95,11.0
-1.75,-79.9,10.0
-1.75,-79.85,5.0
-1.75,-79.8,7.0
-1.75,-79.75,9.0
-1.75,-79.7,6.0
-1.75,-79.65,10.0
-1.75,-79.6,8.0
-1.75,-79.55,6.0
-1.75,-79.5,6.0
-1.75,-79.45,5.0
-1.75,-79.4,13.0
-1.75,-79.35,20.0
-1.75,-79.3,77.0
-1.75,-79.25,382.0
-1.75,-79.2,1205.0
-1.75,-79.15,1255.0
-1.75,-79.1,2532.0
-1.75,-79.05,2853.0
-1.75,-79.0,2577.0
-1.75,-78.95,3104.0
-1.75,-78.9,4181.0
-1.75,-78.85,4091.0
-1.75,-78.8,3799.0
-1.75,-78.75,3311.0
-1.75,-78.7,3497.0
-1.75,-78.65,2783.0
-1.75,-78.6,2765.0
-1.75,-78.55,3307.0
-1.75,-78.5,4118.0
-1.75,-78.45,4002.0
-1.75,-78.4,3925.0
-1.75,-78.35,3540.0
-1.75,-78.3,2192.0
-1.75,-78.25,3205.0
-1.75,-78.2,2034.0
-1.75,-78.15,1367.0
-1.75,-78.1,1140.0
-1.75,-78.05,1000.0
-1.75,-78.0,954.0
-1.75,-77.95,940.0
-1.75,-77.9,858.0
-1.75,-77.85,892.0
-1.75,-77.8,700.0
-1.75,-77.75,606.0
-1.75,-77.7,530.0
-1.75,-77.65,425.0
-1.75,-77.6,470.0
-1.75,-77.55,519.0
-1.75,-77.5,445.0
-1.75,-77.45,397.0
-1.75,-77.4,406.0
-1.75,-77.35,447.0
-1.75,-77.3,442.0
-1.75,-77.25,429.0
-1.75,-77.2,426.0
-1.75,-77.15,402.0
-1.75,-77.1,303.0
-1.75,-77.05,375.0
-1.75,-77.0,393.0
-1.75,-76.95,363.0
-1.75,-76.9,353.0
-1.75,-76.85,300.0
-1.75,-76.8,269.0
-1.75,-76.75,309.0
-1.75,-76.7,282.0
-1.75,-76.65,283.0
-1.75,-76.6,257.0
-1.75,-76.55,218.0
-1.75,-76.5,221.0
-1.75,-76.45,236.0
-1.75,-76.4,238.0
-1.75,-76.35,234.0
-1.75,-76.3,247.0
-1.75,-76.25,253.0
-1.75,-76.2,264.0
-1.75,-76.15,231.0
-1.75,-76.1,227.0
-1.75,-76.05,231.0
-1.75,-76.0,264.0
-1.75,-75.95,256.0
-1.75,-75.9,242.0
-1.75,-75.85,211.0
-1.75,-75.8,244.0
-1.75,-75.75,239.0
-1.75,-75.7,231.0
-1.75,-75.65,228.0
-1.75,-75.6,275.0
-1.75,-75.55,257.0
-1.75,-75.5,285.0
-1.75,-75.45,223.0
-1.75,-75.4,213.0
-1.75,-75.35,215.0
-1.75,-75.3,271.0
-1.75,-75.25,249.0
-1.75,-75.2,251.0
-1.75,-75.15,192.0
-1.75,-75.1,166.0
-1.75,-75.05,165.0
-1.75,-75.0,188.0
-1.75,-74.95,190.0
-1.75,-74.9,167.0
-1.75,-74.85,191.0
-1.75,-74.8,184.0
-1.75,-74.75,182.0
-1.75,-74.7,143.0
-1.75,-74.65,167.0
-1.75,-74.6,163.0
-1.75,-74.55,175.0
-1.75,-74.5,157.0
-1.75,-74.45,173.0
-1.75,-74.4,203.0
-1.75,-74.35,174.0
-1.75,-74.3,193.0
-1.75,-74.25,194.0
-1.75,-74.2,188.0
-1.75,-74.15,174.0
-1.75,-74.1,158.0
-1.75,-74.05,141.0
-1.75,-74.0,142.0
-1.75,-73.95,141.0
-1.75,-73.9,156.0
-1.75,-73.85,171.0
-1.75,-73.8,175.0
-1.75,-73.75,183.0
-1.75,-73.7,177.0
-1.75,-73.65,171.0
-1.75,-73.6,194.0
-1.75,-73.55,167.0
-1.75,-73.5,174.0
-1.75,-73.45,128.0
-1.75,-73.4,148.0
-1.75,-73.35,145.0
-1.75,-73.3,130.0
-1.75,-73.25,139.0
-1.75,-73.2,147.0
-1.75,-73.15,160.0
-1.75,-73.1,169.0
-1.75,-73.05,162.0
-1.75,-73.0,145.0
-1.75,-72.95,155.0
-1.75,-72.9,170.0
-1.75,-72.85,152.0
-1.75,-72.8,156.0
-1.75,-72.75,172.0
-1.75,-72.7,160.0
-1.75,-72.65,139.0
-1.75,-72.6,141.0
-1.75,-72.55,114.0
-1.75,-72.5,128.0
-1.75,-72.45,131.0
-1.75,-72.4,139.0
-1.75,-72.35,138.0
-1.75,-72.3,146.0
-1.75,-72.25,146.0
-1.75,-72.2,159.0
-1.75,-72.15,159.0
-1.75,-72.1,148.0
-1.75,-72.05,126.0
-1.75,-72.0,125.0
-1.75,-71.95,135.0
-1.75,-71.9,145.0
-1.75,-71.85,136.0
-1.75,-71.8,132.0
-1.75,-71.75,138.0
-1.75,-71.7,117.0
-1.75,-71.65,135.0
-1.75,-71.6,143.0
-1.75,-71.55,129.0
-1.75,-71.5,131.0
-1.75,-71.45,110.0
-1.75,-71.4,126.0
-1.75,-71.35,120.0
-1.75,-71.3,118.0
-1.75,-71.25,141.0
-1.75,-71.2,151.0
-1.75,-71.15,151.0
-1.75,-71.1,154.0
-1.75,-71.05,157.0
-1.75,-71.0,149.0
-1.75,-70.95,155.0
-1.75,-70.9,145.0
-1.75,-70.85,146.0
-1.75,-70.8,131.0
-1.75,-70.75,122.0
-1.75,-70.7,119.0
-1.75,-70.65,128.0
-1.75,-70.6,113.0
-1.75,-70.55,119.0
-1.75,-70.5,133.0
-1.75,-70.45,150.0
-1.75,-70.4,137.0
-1.75,-70.35,117.0
-1.75,-70.3,144.0
-1.75,-70.25,150.0
-1.75,-70.2,164.0
-1.75,-70.15,148.0
-1.75,-70.1,150.0
-1.75,-70.05,146.0
-1.75,-70.0,151.0
-1.75,-69.95,136.0
-1.75,-69.9,131.0
-1.75,-69.85,139.0
-1.75,-69.8,139.0
-1.75,-69.75,136.0
-1.75,-69.7,140.0
-1.75,-69.65,168.0
-1.75,-69.6,162.0
-1.75,-69.55,139.0
-1.75,-69.5,135.0
-1.75,-69.45,164.0
-1.75,-69.4,138.0
-1.75,-69.35,124.0
-1.75,-69.3,89.0
-1.75,-69.25,98.0
-1.75,-69.2,70.0
-1.75,-69.15,71.0
-1.75,-69.1,85.0
-1.75,-69.05,84.0
-1.75,-69.0,83.0
-1.75,-68.95,84.0
-1.75,-68.9,73.0
-1.75,-68.85,89.0
-1.75,-68.8,80.0
-1.75,-68.75,80.0
-1.75,-68.7,82.0
-1.75,-68.65,66.0
-1.75,-68.6,66.0
-1.75,-68.55,68.0
-1.75,-68.5,65.0
-1.75,-68.45,62.0
-1.75,-68.4,78.0
-1.75,-68.35,81.0
-1.75,-68.3,79.0
-1.75,-68.25,65.0
-1.75,-68.2,98.0
-1.75,-68.15,100.0
-1.75,-68.1,99.0
-1.75,-68.05,84.0
-1.75,-68.0,87.0
-1.5,-82.0,0.0
-1.5,-81.95,0.0
-1.5,-81.9,0.0
-1.5,-81.85,0.0
-1.5,-81.8,0.0
-1.5,-81.75,0.0
-1.5,-81.7,0.0
-1.5,-81.65,0.0
-1.5,-81.6,0.0
-1.5,-81.55,0.0
-1.5,-81.5,0.0
-1.5,-81.45,0.0
-1.5,-81.4,0.0
-1.5,-81.35,0.0
-1.5,-81.3,0.0
-1.5,-81.25,0.0
-1.5,-81.2,0.0
-1.5,-81.15,0.0
-1.5,-81.1,0.0
-1.5,-81.05,0.0
-1.5,-81.0,0.0
-1.5,-80.95,0.0
-1.5,-80.9,0.0
-1.5,-80.85,0.0
-1.5,-80.8,80.0
-1.5,-80.75,112.0
-1.5,-80.7,294.0
-1.5,-80.65,356.0
-1.5,-80.6,308.0
-1.5,-80.55,393.0
-1.5,-80.5,440.0
-1.5,-80.45,186.0
-1.5,-80.4,217.0
-1.5,-80.35,128.0
-1.5,-80.3,174.0
-1.5,-80.25,196.0
-1.5,-80.2,152.0
-1.5,-80.15,68.0
-1.5,-80.1,45.0
-1.5,-80.05,27.0
-1.5,-80.0,19.0
-1.5,-79.95,18.0
-1.5,-79.9,24.0
-1.5,-79.85,21.0
-1.5,-79.8,22.0
-1.5,-79.75,17.0
-1.5,-79.7,23.0
-1.5,-79.65,20.0
-1.5,-79.6,20.0
-1.5,-79.55,16.0
-1.5,-79.5,17.0
-1.5,-79.45,30.0
-1.5,-79.4,76.0
-1.5,-79.35,396.0
-1.5,-79.3,292.0
-1.5,-79.25,1123.0
-1.5,-79.2,1192.0
-1.5,-79.15,1529.0
-1.5,-79.1,2285.0
-1.5,-79.05,3238.0
-1.5,-79.0,3483.0
-1.5,-78.95,3605.0
-1.5,-78.9,4012.0
-1.5,-78.85,4436.0
-1.5,-78.8,4585.0
-1.5,-78.75,3811.0
-1.5,-78.7,3585.0
-1.5,-78.65,4301.0
-1.5,-78.6,3739.0
-1.5,-78.55,3296.0
-1.5,-78.5,2624.0
-1.5,-78.45,3478.0
-1.5,-78.4,3531.0
-1.5,-78.35,3204.0
-1.5,-78.3,2854.0
-1.5,-78.25,2110.0
-1.5,-78.2,1846.0
-1.5,-78.15,1444.0
-1.5,-78.1,1249.0
-1.5,-78.05,1030.0
-1.5,-78.0,908.0
-1.5,-77.95,966.0
-1.5,-77.9,743.0
-1.5,-77.85,713.0
-1.5,-77.8,667.0
-1.5,-77.75,840.0
-1.5,-77.7,644.0
-1.5,-77.65,764.0
-1.5,-77.6,492.0
-1.5,-77.55,491.0
-1.5,-77.5,443.0
-1.5,-77.45,359.0
-1.5,-77.4,328.0
-1.5,-77.35,398.0
-1.5,-77.3,438.0
-1.5,-77.25,477.0
-1.5,-77.2,404.0
-1.5,-77.15,394.0
-1.5,-77.1,408.0
-1.5,-77.05,394.0
-1.5,-77.0,300.0
-1.5,-76.95,330.0
-1.5,-76.9,299.0
-1.5,-76.85,273.0
-1.5,-76.8,290.0
-1.5,-76.75,287.0
-1.5,-76.7,275.0
-1.5,-76.65,256.0
-1.5,-76.6,235.0
-1.5,-76.55,239.0
-1.5,-76.5,244.0
-1.5,-76.45,241.0
-1.5,-76.4,254.0
-1.5,-76.35,255.0
-1.5,-76.3,229.0
-1.5,-76.25,225.0
-1.5,-76.2,278.0
-1.5,-76.15,249.0
-1.5,-76.1,245.0
-1.5,-76.05,226.0
-1.5,-76.0,217.0
-1.5,-75.95,205.0
-1.5,-75.9,223.0
-1.5,-75.85,233.0
-1.5,-75.8,211.0
-1.5,-75.75,222.0
-1.5,-75.7,216.0
-1.5,-75.65,190.0
-1.5,-75.6,180.0
-1.5,-75.55,217.0
-1.5,-75.5,208.0
-1.5,-75.45,179.0
-1.5,-75.4,199.0
-1.5,-75.35,185.0
-1.5,-75.3,215.0
-1.5,-75.25,189.0
-1.5,-75.2,181.0
-1.5,-75.15,196.0
-1.5,-75.1,213.0
-1.5,-75.05,199.0
-1.5,-75.0,183.0
-1.5,-74.95,167.0
-1.5,-74.9,176.0
-1.5,-74.85,179.0
-1.5,-74.8,165.0
-1.5,-74.75,170.0
-1.5,-74.7,164.0
-1.5,-74.65,168.0
-1.5,-74.6,207.0
-1.5,-74.55,183.0
-1.5,-74.5,199.0
-1.5,-74.45,176.0
-1.5,-74.4,193.0
-1.5,-74.35,175.0
-1.5,-74.3,169.0
-1.5,-74.25,160.0
-1.5,-74.2,159.0
-1.5,-74.15,194.0
-1.5,-74.1,193.0
-1.5,-74.05,200.0
-1.5,-74.0,174.0
-1.5,-73.95,151.0
-1.5,-73.9,176.0
-1.5,-73.85,195.0
-1.5,-73.8,165.0
-1.5,-73.75,172.0
-1.5,-73.7,158.0
-1.5,-73.65,156.0
-1.5,-73.6,162.0
-1.5,-73.55,150.0
-1.5,-73.5,152.0
-1.5,-73.45,168.0
-1.5,-73.4,153.0
-1.5,-73.35,132.0
-1.5,-73.3,150.0
-1.5,-73.25,180.0
-1.5,-73.2,178.0
-1.5,-73.15,202.0
-1.5,-73.1,183.0
-1.5,-73.05,196.0
-1.5,-73.0,175.0
-1.5,-72.95,174.0
-1.5,-72.9,162.0
-1.5,-72.85,179.0
-1.5,-72.8,180.0
-1.5,-72.75,153.0
-1.5,-72.7,148.0
-1.5,-72.65,147.0
-1.5,-72.6,143.0
-1.5,-72.55,144.0
-1.5,-72.5,156.0
-1.5,-72.45,154.0
-1.5,-72.4,168.0
-1.5,-72.35,164.0
-1.5,-72.3,153.0
-1.5,-72.25,156.0
-1.5,-72.2,144.0
-1.5,-72.15,146.0
-1.5,-72.1,137.0
-1.5,-72.05,132.0
-1.5,-72.0,135.0
-1.5,-71.95,139.0
-1.5,-71.9,130.0
-1.5,-71.85,145.0
-1.5,-71.8,138.0
-1.5,-71.75,151.0
-1.5,-71.7,143.0
-1.5,-71.65,135.0
-1.5,-71.6,134.0
-1.5,-71.55,123.0
-1.5,-71.5,125.0
-1.5,-71.45,105.0
-1.5,-71.4,103.0
-1.5,-71.35,104.0
-1.5,-71.3,130.0
-1.5,-71.25,122.0
-1.5,-71.2,117.0
-1.5,-71.15,123.0
-1.5,-71.1,103.0
-1.5,-71.05,127.0
-1.5,-71.0,127.0
-1.5,-70.95,118.0
-1.5,-70.9,131.0
-1.5,-70.85,127.0
-1.5,-70.8,158.0
-1.5,-70.75,146.0
-1.5,-70.7,139.0
-1.5,-70.65,114.0
-1.5,-70.6,127.0
-1.5,-70.55,115.0
-1.5,-70.5,110.0
-1.5,-70.45,103.0
-1.5,-70.4,108.0
-1.5,-70.35,85.0
-1.5,-70.3,89.0
-1.5,-70.25,92.0
-1.5,-70.2,108.0
-1.5,-70.15,104.0
-1.5,-70.1,82.0
-1.5,-70.05,86.0
-1.5,-70.0,88.0
-1.5,-69.95,122.0
-1.5,-69.9,123.0
-1.5,-69.85,137.0
-1.5,-69.8,135.0
-1.5,-69.75,122.0
-1.5,-69.7,165.0
-1.5,-69.65,170.0
-1.5,-69.6,130.0
-1.5,-69.55,142.0
-1.5,-69.5,103.0
-1.5,-69.45,76.0
-1.5,-69.4,83.0
-1.5,-69.35,102.0
-1.5,-69.3,121.0
-1.5,-69.25,114.0
-1.5,-69.2,138.0
-1.5,-69.15,133.0
-1.5,-69.1,137.0
-1.5,-69.05,136.0
-1.5,-69.0,129.0
-1.5,-68.95,133.0
-1.5,-68.9,122.0
-1.5,-68.85,109.0
-1.5,-68.8,120.0
-1.5,-68.75,127.0
-1.5,-68.7,120.0
-1.5,-68.65,121.0
-1.5,-68.6,124.0
-1.5,-68.55,113.0
-1.5,-68.5,113.0
-1.5,-68.45,109.0
-1.5,-68.4,99.0
-1.5,-68.35,115.0
-1.5,-68.3,105.0
-1.5,-68.25,110.0
-1.5,-68.2,107.0
-1.5,-68.15,103.0
-1.5,-68.1,97.0
-1.5,-68.05,101.0
-1.5,-68.0,96.0
-1.25,-82.0,0.0
-1.25,-81.95,0.0
-1.25,-81.9,0.0
-1.25,-81.85,0.0
-1.25,-81.8,0.0
-1.25,-81.75,0.0
-1.25,-81.7,0.0
-1.25,-81.65,0.0
-1.25,-81.6,0.0
-1.25,-81.55,0.0
-1.25,-81.5,0.0
-1.25,-81.45,0.0
-1.25,-81.4,0.0
-1.25,-81.35,0.0
-1.25,-81.3,0.0
-1.25,-81.25,0.0
-1.25,-81.2,0.0
-1.25,-81.15,0.0
-1.25,-81.1,0.0
-1.25,-81.05,0.0
-1.25,-81.0,0.0
-1.25,-80.95,0.0
-1.25,-80.9,0.0
-1.25,-80.85,0.0
-1.25,-80.8,22.0
-1.25,-80.75,40.0
-1.25,-80.7,205.0
-1.25,-80.65,297.0
-1.25,-80.6,255.0
-1.25,-80.55,269.0
-1.25,-80.5,321.0
-1.25,-80.45,174.0
-1.25,-80.4,416.0
-1.25,-80.35,271.0
-1.25,-80.3,202.0
-1.25,-80.25,112.0
-1.25,-80.2,183.0
-1.25,-80.15,227.0
-1.25,-80.1,150.0
-1.25,-80.05,72.0
-1.25,-80.0,64.0
-1.25,-79.95,40.0
-1.25,-79.9,38.0
-1.25,-79.85,31.0
-1.25,-79.8,49.0
-1.25,-79.75,46.0
-1.25,-79.7,39.0
-1.25,-79.65,39.0
-1.25,-79.6,46.0
-1.25,-79.55,43.0
-1.25,-79.5,40.0
-1.25,-79.45,44.0
-1.25,-79.4,55.0
-1.25,-79.35,83.0
-1.25,-79.3,157.0
-1.25,-79.25,258.0
-1.25,-79.2,466.0
-1.25,-79.15,1172.0
-1.25,-79.1,2259.0
-1.25,-79.05,2495.0
-1.25,-79.0,2556.0
-1.25,-78.95,3103.0
-1.25,-78.9,4183.0
-1.25,-78.85,3809.0
-1.25,-78.8,3945.0
-1.25,-78.75,3514.0
-1.25,-78.7,3186.0
-1.25,-78.65,2697.0
-1.25,-78.6,2393.0
-1.25,-78.55,2552.0
-1.25,-78.5,2718.0
-1.25,-78.45,3832.0
-1.25,-78.4,3647.0
-1.25,-78.35,3547.0
-1.25,-78.3,3614.0
-1.25,-78.25,3074.0
-1.25,-78.2,2336.0
-1.25,-78.15,2047.0
-1.25,-78.1,2204.0
-1.25,-78.05,1434.0
-1.25,-78.0,1116.0
-1.25,-77.95,787.0
-1.25,-77.9,568.0
-1.25,-77.85,1032.0
-1.25,-77.8,888.0
-1.25,-77.75,609.0
-1.25,-77.7,583.0
-1.25,-77.65,508.0
-1.25,-77.6,699.0
-1.25,-77.55,501.0
-1.25,-77.5,383.0
-1.25,-77.45,340.0
-1.25,-77.4,486.0
-1.25,-77.35,425.0
-1.25,-77.3,319.0
-1.25,-77.25,383.0
-1.25,-77.2,329.0
-1.25,-77.15,288.0
-1.25,-77.1,312.0
-1.25,-77.05,286.0
-1.25,-77.0,352.0
-1.25,-76.95,309.0
-1.25,-76.9,339.0
-1.25,-76.85,322.0
-1.25,-76.8,273.0
-1.25,-76.75,357.0
-1.25,-76.7,264.0
-1.25,-76.65,230.0
-1.25,-76.6,230.0
-1.25,-76.55,230.0
-1.25,-76.5,240.0
-1.25,-76.45,209.0
-1.25,-76.4,235.0
-1.25,-76.35,248.0
-1.25,-76.3,249.0
-1.25,-76.25,250.0
-1.25,-76.2,234.0
-1.25,-76.15,221.0
-1.25,-76.1,237.0
-1.25,-76.05,216.0
-1.25,-76.0,238.0
-1.25,-75.95,233.0
-1.25,-75.9,228.0
-1.25,-75.85,238.0
-1.25,-75.8,199.0
-1.25,-75.75,205.0
-1.25,-75.7,210.0
-1.25,-75.65,214.0
-1.25,-75.6,222.0
-1.25,-75.55,210.0
-1.25,-75.5,221.0
-1.25,-75.45,220.0
-1.25,-75.4,267.0
-1.25,-75.35,251.0
-1.25,-75.3,194.0
-1.25,-75.25,193.0
-1.25,-75.2,210.0
-1.25,-75.15,210.0
-1.25,-75.1,205.0
-1.25,-75.05,203.0
-1.25,-75.0,199.0
-1.25,-74.95,190.0
-1.25,-74.9,176.0
-1.25,-74.85,174.0
-1.25,-74.8,186.0
-1.25,-74.75,202.0
-1.25,-74.7,207.0
-1.25,-74.65,191.0
-1.25,-74.6,211.0
-1.25,-74.55,208.0
-1.25,-74.5,204.0
-1.25,-74.45,210.0
-1.25,-74.4,176.0
-1.25,-74.35,177.0
-1.25,-74.3,168.0
-1.25,-74.25,179.0
-1.25,-74.2,189.0
-1.25,-74.15,187.0
-1.25,-74.1,179.0
-1.25,-74.05,186.0
-1.25,-74.0,196.0
-1.25,-73.95,195.0
-1.25,-73.9,189.0
-1.25,-73.85,170.0
-1.25,-73.8,142.0
-1.25,-73.75,158.0
-1.25,-73.7,153.0
-1.25,-73.65,150.0
-1.25,-73.6,165.0
-1.25,-73.55,172.0
-1.25,-73.5,168.0
-1.25,-73.45,143.0
-1.25,-73.4,181.0
-1.25,-73.35,194.0
-1.25,-73.3,191.0
-1.25,-73.25,171.0
-1.25,-73.2,168.0
-1.25,-73.15,179.0
-1.25,-73.1,164.0
-1.25,-73.05,186.0
-1.25,-73.0,172.0
-1.25,-72.95,146.0
-1.25,-72.9,140.0
-1.25,-72.85,167.0
-1.25,-72.8,157.0
-1.25,-72.75,176.0
-1.25,-72.7,177.0
-1.25,-72.65,177.0
-1.25,-72.6,169.0
-1.25,-72.55,169.0
-1.25,-72.5,163.0
-1.25,-72.45,162.0
-1.25,-72.4,168.0
-1.25,-72.35,156.0
-1.25,-72.3,168.0
-1.25,-72.25,142.0
-1.25,-72.2,137.0
-1.25,-72.15,160.0
-1.25,-72.1,128.0
-1.25,-72.05,145.0
-1.25,-72.0,162.0
-1.25,-71.95,162.0
-1.25,-71.9,177.0
-1.25,-71.85,165.0
-1.25,-71.8,152.0
-1.25,-71.75,167.0
-1.25,-71.7,155.0
-1.25,-71.65,159.0
-1.25,-71.6,165.0
-1.25,-71.55,145.0
-1.25,-71.5,146.0
-1.25,-71.45,137.0
-1.25,-71.4,144.0
-1.25,-71.35,145.0
-1.25,-71.3,156.0
-1.25,-71.25,135.0
-1.25,-71.2,147.0
-1.25,-71.15,138.0
-1.25,-71.1,144.0
-1.25,-71.05,122.0
-1.25,-71.0,79.0
-1.25,-70.95,102.0
-1.25,-70.9,77.0
-1.25,-70.85,97.0
-1.25,-70.8,122.0
-1.25,-70.75,142.0
-1.25,-70.7,118.0
-1.25,-70.65,130.0
-1.25,-70.6,125.0
-1.25,-70.55,126.0
-1.25,-70.5,142.0
-1.25,-70.45,144.0
-1.25,-70.4,136.0
-1.25,-70.35,134.0
-1.25,-70.3,108.0
-1.25,-70.25,127.0
-1.25,-70.2,127.0
-1.25,-70.15,122.0
-1.25,-70.1,112.0
-1.25,-70.05,128.0
-1.25,-70.0,96.0
-1.25,-69.95,87.0
-1.25,-69.9,87.0
-1.25,-69.85,93.0
-1.25,-69.8,86.0
-1.25,-69.75,67.0
-1.25,-69.7,106.0
-1.25,-69.65,132.0
-1.25,-69.6,113.0
-1.25,-69.55,92.0
-1.25,-69.5,76.0
-1.25,-69.45,63.0
-1.25,-69.4,88.0
-1.25,-69.35,116.0
-1.25,-69.3,147.0
-1.25,-69.25,152.0
-1.25,-69.2,150.0
-1.25,-69.15,143.0
-1.25,-69.1,141.0
-1.25,-69.05,141.0
-1.25,-69.0,141.0
-1.25,-68.95,138.0
-1.25,-68.9,115.0
-1.25,-68.85,140.0
-1.25,-68.8,131.0
-1.25,-68.75,106.0
-1.25,-68.7,116.0
-1.25,-68.65,88.0
-1.25,-68.6,103.0
-1.25,-68.55,101.0
-1.25,-68.5,121.0
-1.25,-68.45,111.0
-1.25,-68.4,106.0
-1.25,-68.35,104.0
-1.25,-68.3,115.0
-1.25,-68.25,107.0
-1.25,-68.2,107.0
-1.25,-68.15,100.0
-1.25,-68.1,84.0
-1.25,-68.05,77.0
-1.25,-68.0,99.0
-1.0,-81.0,0.0
-1.0,-80.95,0.0
-1.0,-80.9,0.0
-1.0,-80.85,35.0
-1.0,-80.8,154.0
-1.0,-80.75,106.0
-1.0,-80.7,82.0
-1.0,-80.65,75.0
-1.0,-80.6,81.0
-1.0,-80.55,132.0
-1.0,-80.5,235.0
-1.0,-80.45,39.0
-1.0,-80.4,40.0
-1.0,-80.35,138.0
-1.0,-80.3,300.0
-1.0,-80.25,270.0
-1.0,-80.2,428.0
-1.0,-80.15,302.0
-1.0,-80.1,485.0
-1.0,-80.05,100.0
-1.0,-80.0,119.0
-1.0,-79.95,177.0
-1.0,-79.9,88.0
-1.0,-79.85,97.0
-1.0,-79.8,62.0
-1.0,-79.75,70.0
-1.0,-79.7,52.0
-1.0,-79.65,64.0
-1.0,-79.6,65.0
-1.0,-79.55,70.0
-1.0,-79.5,84.0
-1.0,-79.45,55.0
-1.0,-79.4,92.0
-1.0,-79.35,104.0
-1.0,-79.3,149.0
-1.0,-79.25,319.0
-1.0,-79.2,599.0
-1.0,-79.15,564.0
-1.0,-79.1,1216.0
-1.0,-79.05,2047.0
-1.0,-79.0,2789.0
-1.0,-78.95,3908.0
-1.0,-78.9,4337.0
-1.0,-78.85,4028.0
-1.0,-78.8,4203.0
-1.0,-78.75,3672.0
-1.0,-78.7,2940.0
-1.0,-78.65,2948.0
-1.0,-78.6,2694.0
-1.0,-78.55,2994.0
-1.0,-78.5,3611.0
-1.0,-78.45,3867.0
-1.0,-78.4,4013.0
-1.0,-78.35,3886.0
-1.0,-78.3,3318.0
-1.0,-78.25,3730.0
-1.0,-78.2,2725.0
-1.0,-78.15,3366.0
-1.0,-78.1,1904.0
-1.0,-78.05,2333.0
-1.0,-78.0,1114.0
-1.0,-77.95,1663.0
-1.0,-77.9,678.0
-1.0,-77.85,623.0
-1.0,-77.8,639.0
-1.0,-77.75,687.0
-1.0,-77.7,838.0
-1.0,-77.65,532.0
-1.0,-77.6,455.0
-1.0,-77.55,410.0
-1.0,-77.5,432.0
-1.0,-77.45,387.0
-1.0,-77.4,425.0
-1.0,-77.35,418.0
-1.0,-77.3,418.0
-1.0,-77.25,375.0
-1.0,-77.2,364.0
-1.0,-77.15,330.0
-1.0,-77.1,343.0
-1.0,-77.05,357.0
-1.0,-77.0,306.0
-1.0,-76.95,266.0
-1.0,-76.9,280.0
-1.0,-76.85,338.0
-1.0,-76.8,330.0
-1.0,-76.75,317.0
-1.0,-76.7,261.0
-1.0,-76.65,273.0
-1.0,-76.6,282.0
-1.0,-76.55,272.0
-1.0,-76.5,271.0
-1.0,-76.45,363.0
-1.0,-76.4,345.0
-1.0,-76.35,289.0
-1.0,-76.3,272.0
-1.0,-76.25,279.0
-1.0,-76.2,238.0
-1.0,-76.15,236.0
-1.0,-76.1,262.0
-1.0,-76.05,240.0
-1.0,-76.0,242.0
-1.0,-75.95,248.0
-1.0,-75.9,227.0
-1.0,-75.85,212.0
-1.0,-75.8,206.0
-1.0,-75.75,205.0
-1.0,-75.7,216.0
-1.0,-75.65,209.0
-1.0,-75.6,246.0
-1.0,-75.55,203.0
-1.0,-75.5,199.0
-1.0,-75.45,190.0
-1.0,-75.4,209.0
-1.0,-75.35,217.0
-1.0,-75.3,194.0
-1.0,-75.25,198.0
-1.0,-75.2,190.0
-1.0,-75.15,165.0
-1.0,-75.1,180.0
-1.0,-75.05,185.0
-1.0,-75.0,221.0
-1.0,-74.95,184.0
-1.0,-74.9,199.0
-1.0,-74.85,226.0
-1.0,-74.8,218.0
-1.0,-74.75,194.0
-1.0,-74.7,191.0
-1.0,-74.65,202.0
-1.0,-74.6,208.0
-1.0,-74.55,192.0
-1.0,-74.5,204.0
-1.0,-74.45,176.0
-1.0,-74.4,173.0
-1.0,-74.35,163.0
-1.0,-74.3,163.0
-1.0,-74.25,170.0
-1.0,-74.2,173.0
-1.0,-74.15,164.0
-1.0,-74.1,181.0
-1.0,-74.05,170.0
-1.0,-74.0,171.0
-1.0,-73.95,181.0
-1.0,-73.9,186.0
-1.0,-73.85,179.0
-1.0,-73.8,173.0
-1.0,-73.75,173.0
-1.0,-73.7,184.0
-1.0,-73.65,164.0
-1.0,-73.6,152.0
-1.0,-73.55,199.0
-1.0,-73.5,206.0
-1.0,-73.45,208.0
-1.0,-73.4,198.0
-1.0,-73.35,209.0
-1.0,-73.3,198.0
-1.0,-73.25,191.0
-1.0,-73.2,163.0
-1.0,-73.15,173.0
-1.0,-73.1,161.0
-1.0,-73.05,188.0
-1.0,-73.0,168.0
-1.0,-72.95,176.0
-1.0,-72.9,186.0
-1.0,-72.85,179.0
-1.0,-72.8,190.0
-1.0,-72.75,193.0
-1.0,-72.7,201.0
-1.0,-72.65,194.0
-1.0,-72.6,179.0
-1.0,-72.55,177.0
-1.0,-72.5,184.0
-1.0,-72.45,180.0
-1.0,-72.4,176.0
-1.0,-72.35,186.0
-1.0,-72.3,184.0
-1.0,-72.25,178.0
-1.0,-72.2,178.0
-1.0,-72.15,164.0
-1.0,-72.1,167.0
-1.0,-72.05,165.0
-1.0,-72.0,147.0
-1.0,-71.95,149.0
-1.0,-71.9,156.0
-1.0,-71.85,161.0
-1.0,-71.8,170.0
-1.0,-71.75,163.0
-1.0,-71.7,168.0
-1.0,-71.65,158.0
-1.0,-71.6,143.0
-1.0,-71.55,92.0
-1.0,-71.5,158.0
-1.0,-71.45,129.0
-1.0,-71.4,165.0
-1.0,-71.35,159.0
-1.0,-71.3,141.0
-1.0,-71.25,122.0
-1.0,-71.2,139.0
-1.0,-71.15,137.0
-1.0,-71.1,133.0
-1.0,-71.05,138.0
-1.0,-71.0,218.0
-1.0,-70.95,163.0
-1.0,-70.9,160.0
-1.0,-70.85,156.0
-1.0,-70.8,149.0
-1.0,-70.75,135.0
-1.0,-70.7,129.0
-1.0,-70.65,114.0
-1.0,-70.6,108.0
-1.0,-70.55,94.0
-1.0,-70.5,95.0
-1.0,-70.45,97.0
-1.0,-70.4,101.0
-1.0,-70.35,120.0
-1.0,-70.3,116.0
-1.0,-70.25,106.0
-1.0,-70.2,95.0
-1.0,-70.15,120.0
-1.0,-70.1,112.0
-1.0,-70.05,110.0
-1.0,-70.0,143.0
-1.0,-69.95,93.0
-1.0,-69.9,93.0
-1.0,-69.85,111.0
-1.0,-69.8,147.0
-1.0,-69.75,98.0
-1.0,-69.7,113.0
-1.0,-69.65,152.0
-1.0,-69.6,129.0
-1.0,-69.55,112.0
-1.0,-69.5,124.0
-1.0,-69.45,118.0
-1.0,-69.4,85.0
-1.0,-69.35,112.0
-1.0,-69.3,128.0
-1.0,-69.25,143.0
-1.0,-69.2,135.0
-1.0,-69.15,137.0
-1.0,-69.1,141.0
-1.0,-69.05,153.0
-1.0,-69.0,132.0
-1.0,-68.95,131.0
-1.0,-68.9,125.0
-1.0,-68.85,136.0
-1.0,-68.8,138.0
-1.0,-68.75,117.0
-1.0,-68.7,120.0
-1.0,-68.65,119.0
-1.0,-68.6,122.0
-1.0,-68.55,124.0
-1.0,-68.5,124.0
-1.0,-68.45,114.0
-1.0,-68.4,107.0
-1.0,-68.35,94.0
-1.0,-68.3,100.0
-1.0,-68.25,112.0
-1.0,-68.2,112.0
-1.0,-68.15,98.0
-1.0,-68.1,103.0
-1.0,-68.05,106.0
-1.0,-68.0,99.0
-0.75,-81.0,0.0
-0.75,-80.95,0.0
-0.75,-80.9,0.0
-0.75,-80.85,0.0
-0.75,-80.8,0.0
-0.75,-80.75,0.0
-0.75,-80.7,0.0
-0.75,-80.65,0.0
-0.75,-80.6,0.0
-0.75,-80.55,0.0
-0.75,-80.5,37.0
-0.75,-80.45,101.0
-0.75,-80.4,293.0
-0.75,-80.35,91.0
-0.75,-80.3,86.0
-0.75,-80.25,10.0
-0.75,-80.2,50.0
-0.75,-80.15,37.0
-0.75,-80.1,59.0
-0.75,-80.05,265.0
-0.75,-80.0,111.0
-0.75,-79.95,164.0
-0.75,-79.9,287.0
-0.75,-79.85,271.0
-0.75,-79.8,188.0
-0.75,-79.75,148.0
-0.75,-79.7,126.0
-0.75,-79.65,111.0
-0.75,-79.6,78.0
-0.75,-79.55,94.0
-0.75,-79.5,122.0
-0.75,-79.45,87.0
-0.75,-79.4,144.0
-0.75,-79.35,152.0
-0.75,-79.3,255.0
-0.75,-79.25,296.0
-0.75,-79.2,397.0
-0.75,-79.15,577.0
-0.75,-79.1,937.0
-0.75,-79.05,1521.0
-0.75,-79.0,2286.0
-0.75,-78.95,3318.0
-0.75,-78.9,2931.0
-0.75,-78.85,3347.0
-0.75,-78.8,3758.0
-0.75,-78.75,3442.0
-0.75,-78.7,3248.0
-0.75,-78.65,3091.0
-0.75,-78.6,3031.0
-0.75,-78.55,3145.0
-0.75,-78.5,3474.0
-0.75,-78.45,4101.0
-0.75,-78.4,4154.0
-0.75,-78.35,3874.0
-0.75,-78.3,3897.0
-0.75,-78.25,3665.0
-0.75,-78.2,3832.0
-0.75,-78.15,3447.0
-0.75,-78.1,2353.0
-0.75,-78.05,2110.0
-0.75,-78.0,2706.0
-0.75,-77.95,2473.0
-0.75,-77.9,2260.0
-0.75,-77.85,1506.0
-0.75,-77.8,1141.0
-0.75,-77.75,1202.0
-0.75,-77.7,1099.0
-0.75,-77.65,1095.0
-0.75,-77.6,1056.0
-0.75,-77.55,951.0
-0.75,-77.5,702.0
-0.75,-77.45,617.0
-0.75,-77.4,447.0
-0.75,-77.35,332.0
-0.75,-77.3,370.0
-0.75,-77.25,332.0
-0.75,-77.2,330.0
-0.75,-77.15,285.0
-0.75,-77.1,308.0
-0.75,-77.05,326.0
-0.75,-77.0,297.0
-0.75,-76.95,320.0
-0.75,-76.9,298.0
-0.75,-76.85,308.0
-0.75,-76.8,294.0
-0.75,-76.75,285.0
-0.75,-76.7,315.0
-0.75,-76.65,329.0
-0.75,-76.6,271.0
-0.75,-76.55,322.0
-0.75,-76.5,306.0
-0.75,-76.45,242.0
-0.75,-76.4,233.0
-0.75,-76.35,270.0
-0.75,-76.3,336.0
-0.75,-76.25,327.0
-0.75,-76.2,300.0
-0.75,-76.15,254.0
-0.75,-76.1,232.0
-0.75,-76.05,240.0
-0.75,-76.0,231.0
-0.75,-75.95,238.0
-0.75,-75.9,224.0
-0.75,-75.85,229.0
-0.75,-75.8,213.0
-0.75,-75.75,213.0
-0.75,-75.7,212.0
-0.75,-75.65,209.0
-0.75,-75.6,209.0
-0.75,-75.55,192.0
-0.75,-75.5,205.0
-0.75,-75.45,200.0
-0.75,-75.4,227.0
-0.75,-75.35,193.0
-0.75,-75.3,192.0
-0.75,-75.25,192.0
-0.75,-75.2,242.0
-0.75,-75.15,238.0
-0.75,-75.1,233.0
-0.75,-75.05,225.0
-0.75,-75.0,224.0
-0.75,-74.95,212.0
-0.75,-74.9,198.0
-0.75,-74.85,196.0
-0.75,-74.8,187.0
-0.75,-74.75,190.0
-0.75,-74.7,191.0
-0.75,-74.65,173.0
-0.75,-74.6,170.0
-0.75,-74.55,186.0
-0.75,-74.5,173.0
-0.75,-74.45,191.0
-0.75,-74.4,194.0
-0.75,-74.35,160.0
-0.75,-74.3,170.0
-0.75,-74.25,183.0
-0.75,-74.2,189.0
-0.75,-74.15,195.0
-0.75,-74.1,176.0
-0.75,-74.05,185.0
-0.75,-74.0,184.0
-0.75,-73.95,164.0
-0.75,-73.9,203.0
-0.75,-73.85,186.0
-0.75,-73.8,181.0
-0.75,-73.75,197.0
-0.75,-73.7,187.0
-0.75,-73.65,171.0
-0.75,-73.6,192.0
-0.75,-73.55,228.0
-0.75,-73.5,217.0
-0.75,-73.45,217.0
-0.75,-73.4,218.0
-0.75,-73.35,224.0
-0.75,-73.3,221.0
-0.75,-73.25,211.0
-0.75,-73.2,191.0
-0.75,-73.15,211.0
-0.75,-73.1,205.0
-0.75,-73.05,211.0
-0.75,-73.0,208.0
-0.75,-72.95,207.0
-0.75,-72.9,203.0
-0.75,-72.85,200.0
-0.75,-72.8,191.0
-0.75,-72.75,199.0
-0.75,-72.7,225.0
-0.75,-72.65,255.0
-0.75,-72.6,250.0
-0.75,-72.55,178.0
-0.75,-72.5,179.0
-0.75,-72.45,277.0
-0.75,-72.4,182.0
-0.75,-72.35,138.0
-0.75,-72.3,169.0
-0.75,-72.25,174.0
-0.75,-72.2,165.0
-0.75,-72.15,165.0
-0.75,-72.1,147.0
-0.75,-72.05,95.0
-0.75,-72.0,115.0
-0.75,-71.95,95.0
-0.75,-71.9,134.0
-0.75,-71.85,164.0
-0.75,-71.8,160.0
-0.75,-71.75,179.0
-0.75,-71.7,162.0
-0.75,-71.65,147.0
-0.75,-71.6,173.0
-0.75,-71.55,207.0
-0.75,-71.5,198.0
-0.75,-71.45,195.0
-0.75,-71.4,166.0
-0.75,-71.35,181.0
-0.75,-71.3,177.0
-0.75,-71.25,165.0
-0.75,-71.2,167.0
-0.75,-71.15,154.0
-0.75,-71.1,152.0
-0.75,-71.05,163.0
-0.75,-71.0,164.0
-0.75,-70.95,178.0
-0.75,-70.9,159.0
-0.75,-70.85,156.0
-0.75,-70.8,147.0
-0.75,-70.75,164.0
-0.75,-70.7,133.0
-0.75,-70.65,148.0
-0.75,-70.6,147.0
-0.75,-70.55,155.0
-0.75,-70.5,146.0
-0.75,-70.45,147.0
-0.75,-70.4,138.0
-0.75,-70.35,132.0
-0.75,-70.3,107.0
-0.75,-70.25,106.0
-0.75,-70.2,109.0
-0.75,-70.15,127.0
-0.75,-70.1,139.0
-0.75,-70.05,139.0
-0.75,-70.0,141.0
-0.75,-69.95,110.0
-0.75,-69.9,115.0
-0.75,-69.85,112.0
-0.75,-69.8,108.0
-0.75,-69.75,132.0
-0.75,-69.7,125.0
-0.75,-69.65,105.0
-0.75,-69.6,110.0
-0.75,-69.55,132.0
-0.75,-69.5,149.0
-0.75,-69.45,160.0
-0.75,-69.4,151.0
-0.75,-69.35,144.0
-0.75,-69.3,162.0
-0.75,-69.25,151.0
-0.75,-69.2,159.0
-0.75,-69.15,140.0
-0.75,-69.1,123.0
-0.75,-69.05,144.0
-0.75,-69.0,137.0
-0.75,-68.95,147.0
-0.75,-68.9,133.0
-0.75,-68.85,138.0
-0.75,-68.8,102.0
-0.75,-68.75,131.0
-0.75,-68.7,113.0
-0.75,-68.65,92.0
-0.75,-68.6,128.0
-0.75,-68.55,97.0
-0.75,-68.5,80.0
-0.75,-68.45,80.0
-0.75,-68.4,95.0
-0.75,-68.35,112.0
-0.75,-68.3,113.0
-0.75,-68.25,118.0
-0.75,-68.2,116.0
-0.75,-68.15,114.0
-0.75,-68.1,110.0
-0.75,-68.05,109.0
-0.75,-68.0,111.0
-0.5,-81.0,0.0
-0.5,-80.95,0.0
-0.5,-80.9,0.0
-0.5,-80.85,0.0
-0.5,-80.8,0.0
-0.5,-80.75,0.0
-0.5,-80.7,0.0
-0.5,-80.65,0.0
-0.5,-80.6,0.0
-0.5,-80.55,0.0
-0.5,-80.5,0.0
-0.5,-80.45,0.0
-0.5,-80.4,15.0
-0.5,-80.35,215.0
-0.5,-80.3,187.0
-0.5,-80.25,169.0
-0.5,-80.2,261.0
-0.5,-80.15,295.0
-0.5,-80.1,452.0
-0.5,-80.05,219.0
-0.5,-80.0,332.0
-0.5,-79.95,417.0
-0.5,-79.9,316.0
-0.5,-79.85,154.0
-0.5,-79.8,318.0
-0.5,-79.75,250.0
-0.5,-79.7,211.0
-0.5,-79.65,167.0
-0.5,-79.6,161.0
-0.5,-79.55,160.0
-0.5,-79.5,176.0
-0.5,-79.45,182.0
-0.5,-79.4,173.0
-0.5,-79.35,218.0
-0.5,-79.3,243.0
-0.5,-79.25,481.0
-0.5,-79.2,802.0
-0.5,-79.15,1236.0
-0.5,-79.1,1598.0
-0.5,-79.05,2374.0
-0.5,-79.0,2359.0
-0.5,-78.95,1991.0
-0.5,-78.9,1934.0
-0.5,-78.85,1881.0
-0.5,-78.8,2685.0
-0.5,-78.75,2476.0
-0.5,-78.7,2940.0
-0.5,-78.65,3886.0
-0.5,-78.6,3074.0
-0.5,-78.55,2872.0
-0.5,-78.5,3430.0
-0.5,-78.45,3348.0
-0.5,-78.4,3674.0
-0.5,-78.35,4118.0
-0.5,-78.3,3801.0
-0.5,-78.25,4014.0
-0.5,-78.2,4166.0
-0.5,-78.15,4954.0
-0.5,-78.1,4214.0
-0.5,-78.05,2956.0
-0.5,-78.0,3557.0
-0.5,-77.95,2889.0
-0.5,-77.9,2205.0
-0.5,-77.85,2058.0
-0.5,-77.8,2830.0
-0.5,-77.75,2676.0
-0.5,-77.7,2528.0
-0.5,-77.65,2068.0
-0.5,-77.6,1977.0
-0.5,-77.55,1339.0
-0.5,-77.5,1523.0
-0.5,-77.45,1121.0
-0.5,-77.4,519.0
-0.5,-77.35,488.0
-0.5,-77.3,321.0
-0.5,-77.25,300.0
-0.5,-77.2,282.0
-0.5,-77.15,292.0
-0.5,-77.1,302.0
-0.5,-77.05,301.0
-0.5,-77.0,265.0
-0.5,-76.95,252.0
-0.5,-76.9,310.0
-0.5,-76.85,287.0
-0.5,-76.8,252.0
-0.5,-76.75,256.0
-0.5,-76.7,266.0
-0.5,-76.65,259.0
-0.5,-76.6,269.0
-0.5,-76.55,262.0
-0.5,-76.5,252.0
-0.5,-76.45,244.0
-0.5,-76.4,216.0
-0.5,-76.35,212.0
-0.5,-76.3,245.0
-0.5,-76.25,243.0
-0.5,-76.2,238.0
-0.5,-76.15,237.0
-0.5,-76.1,233.0
-0.5,-76.05,225.0
-0.5,-76.0,226.0
-0.5,-75.95,227.0
-0.5,-75.9,224.0
-0.5,-75.85,221.0
-0.5,-75.8,219.0
-0.5,-75.75,219.0
-0.5,-75.7,216.0
-0.5,-75.65,211.0
-0.5,-75.6,210.0
-0.5,-75.55,209.0
-0.5,-75.5,207.0
-0.5,-75.45,210.0
-0.5,-75.4,202.0
-0.5,-75.35,177.0
-0.5,-75.3,187.0
-0.5,-75.25,193.0
-0.5,-75.2,217.0
-0.5,-75.15,211.0
-0.5,-75.1,214.0
-0.5,-75.05,218.0
-0.5,-75.0,225.0
-0.5,-74.95,219.0
-0.5,-74.9,202.0
-0.5,-74.85,207.0
-0.5,-74.8,189.0
-0.5,-74.75,203.0
-0.5,-74.7,204.0
-0.5,-74.65,204.0
-0.5,-74.6,206.0
-0.5,-74.55,208.0
-0.5,-74.5,196.0
-0.5,-74.45,187.0
-0.5,-74.4,179.0
-0.5,-74.35,207.0
-0.5,-74.3,192.0
-0.5,-74.25,186.0
-0.5,-74.2,198.0
-0.5,-74.15,208.0
-0.5,-74.1,195.0
-0.5,-74.05,206.0
-0.5,-74.0,216.0
-0.5,-73.95,207.0
-0.5,-73.9,207.0
-0.5,-73.85,206.0
-0.5,-73.8,187.0
-0.5,-73.75,186.0
-0.5,-73.7,206.0
-0.5,-73.65,187.0
-0.5,-73.6,184.0
-0.5,-73.55,168.0
-0.5,-73.5,163.0
-0.5,-73.45,162.0
-0.5,-73.4,162.0
-0.5,-73.35,159.0
-0.5,-73.3,163.0
-0.5,-73.25,173.0
-0.5,-73.2,182.0
-0.5,-73.15,205.0
-0.5,-73.1,174.0
-0.5,-73.05,188.0
-0.5,-73.0,177.0
-0.5,-72.95,200.0
-0.5,-72.9,216.0
-0.5,-72.85,198.0
-0.5,-72.8,219.0
-0.5,-72.75,203.0
-0.5,-72.7,253.0
-0.5,-72.65,181.0
-0.5,-72.6,272.0
-0.5,-72.55,350.0
-0.5,-72.5,304.0
-0.5,-72.45,336.0
-0.5,-72.4,147.0
-0.5,-72.35,139.0
-0.5,-72.3,173.0
-0.5,-72.25,171.0
-0.5,-72.2,165.0
-0.5,-72.15,143.0
-0.5,-72.1,168.0
-0.5,-72.05,181.0
-0.5,-72.0,177.0
-0.5,-71.95,179.0
-0.5,-71.9,158.0
-0.5,-71.85,195.0
-0.5,-71.8,188.0
-0.5,-71.75,190.0
-0.5,-71.7,168.0
-0.5,-71.65,160.0
-0.5,-71.6,142.0
-0.5,-71.55,174.0
-0.5,-71.5,196.0
-0.5,-71.45,201.0
-0.5,-71.4,187.0
-0.5,-71.35,176.0
-0.5,-71.3,176.0
-0.5,-71.25,169.0
-0.5,-71.2,168.0
-0.5,-71.15,178.0
-0.5,-71.1,180.0
-0.5,-71.05,172.0
-0.5,-71.0,173.0
-0.5,-70.95,165.0
-0.5,-70.9,167.0
-0.5,-70.85,176.0
-0.5,-70.8,162.0
-0.5,-70.75,163.0
-0.5,-70.7,151.0
-0.5,-70.65,127.0
-0.5,-70.6,120.0
-0.5,-70.55,121.0
-0.5,-70.5,96.0
-0.5,-70.45,129.0
-0.5,-70.4,137.0
-0.5,-70.35,90.0
-0.5,-70.3,122.0
-0.5,-70.25,124.0
-0.5,-70.2,150.0
-0.5,-70.15,151.0
-0.5,-70.1,155.0
-0.5,-70.05,121.0
-0.5,-70.0,138.0
-0.5,-69.95,144.0
-0.5,-69.9,162.0
-0.5,-69.85,192.0
-0.5,-69.8,176.0
-0.5,-69.75,158.0
-0.5,-69.7,130.0
-0.5,-69.65,135.0
-0.5,-69.6,134.0
-0.5,-69.55,131.0
-0.5,-69.5,150.0
-0.5,-69.45,175.0
-0.5,-69.4,174.0
-0.5,-69.35,156.0
-0.5,-69.3,155.0
-0.5,-69.25,156.0
-0.5,-69.2,151.0
-0.5,-69.15,148.0
-0.5,-69.1,141.0
-0.5,-69.05,149.0
-0.5,-69.0,130.0
-0.5,-68.95,122.0
-0.5,-68.9,116.0
-0.5,-68.85,128.0
-0.5,-68.8,129.0
-0.5,-68.75,127.0
-0.5,-68.7,126.0
-0.5,-68.65,128.0
-0.5,-68.6,129.0
-0.5,-68.55,120.0
-0.5,-68.5,114.0
-0.5,-68.45,124.0
-0.5,-68.4,112.0
-0.5,-68.35,110.0
-0.5,-68.3,105.0
-0.5,-68.25,105.0
-0.5,-68.2,110.0
-0.5,-68.15,103.0
-0.5,-68.1,113.0
-0.5,-68.05,107.0
-0.5,-68.0,108.0
-0.25,-81.0,0.0
-0.25,-80.95,0.0
-0.25,-80.9,0.0
-0.25,-80.85,0.0
-0.25,-80.8,0.0
-0.25,-80.75,0.0
-0.25,-80.7,0.0
-0.25,-80.65,0.0
-0.25,-80.6,0.0
-0.25,-80.55,0.0
-0.25,-80.5,0.0
-0.25,-80.45,0.0
-0.25,-80.4,0.0
-0.25,-80.35,119.0
-0.25,-80.3,177.0
-0.25,-80.25,18.0
-0.25,-80.2,487.0
-0.25,-80.15,261.0
-0.25,-80.1,278.0
-0.25,-80.05,279.0
-0.25,-80.0,225.0
-0.25,-79.95,274.0
-0.25,-79.9,308.0
-0.25,-79.85,202.0
-0.25,-79.8,194.0
-0.25,-79.75,282.0
-0.25,-79.7,223.0
-0.25,-79.65,270.0
-0.25,-79.6,207.0
-0.25,-79.55,208.0
-0.25,-79.5,235.0
-0.25,-79.45,237.0
-0.25,-79.4,258.0
-0.25,-79.35,297.0
-0.25,-79.3,349.0
-0.25,-79.25,425.0
-0.25,-79.2,505.0
-0.25,-79.15,577.0
-0.25,-79.1,734.0
-0.25,-79.05,821.0
-0.25,-79.0,993.0
-0.25,-78.95,1018.0
-0.25,-78.9,1241.0
-0.25,-78.85,1960.0
-0.25,-78.8,1907.0
-0.25,-78.75,2235.0
-0.25,-78.7,2672.0
-0.25,-78.65,3253.0
-0.25,-78.6,3027.0
-0.25,-78.55,2945.0
-0.25,-78.5,3074.0
-0.25,-78.45,2415.0
-0.25,-78.4,2866.0
-0.25,-78.35,2584.0
-0.25,-78.3,2963.0
-0.25,-78.25,3838.0
-0.25,-78.2,4207.0
-0.25,-78.15,4027.0
-0.25,-78.1,3866.0
-0.25,-78.05,3913.0
-0.25,-78.0,3333.0
-0.25,-77.95,2909.0
-0.25,-77.9,2377.0
-0.25,-77.85,2037.0
-0.25,-77.8,2158.0
-0.25,-77.75,1730.0
-0.25,-77.7,1332.0
-0.25,-77.65,1968.0
-0.25,-77.6,1836.0
-0.25,-77.55,1785.0
-0.25,-77.5,1228.0
-0.25,-77.45,1515.0
-0.25,-77.4,733.0
-0.25,-77.35,439.0
-0.25,-77.3,429.0
-0.25,-77.25,342.0
-0.25,-77.2,310.0
-0.25,-77.15,298.0
-0.25,-77.1,311.0
-0.25,-77.05,275.0
-0.25,-77.0,306.0
-0.25,-76.95,304.0
-0.25,-76.9,289.0
-0.25,-76.85,289.0
-0.25,-76.8,271.0
-0.25,-76.75,290.0
-0.25,-76.7,277.0
-0.25,-76.65,254.0
-0.25,-76.6,272.0
-0.25,-76.55,244.0
-0.25,-76.5,240.0
-0.25,-76.45,260.0
-0.25,-76.4,247.0
-0.25,-76.35,249.0
-0.25,-76.3,247.0
-0.25,-76.25,244.0
-0.25,-76.2,249.0
-0.25,-76.15,250.0
-0.25,-76.1,247.0
-0.25,-76.05,235.0
-0.25,-76.0,234.0
-0.25,-75.95,225.0
-0.25,-75.9,228.0
-0.25,-75.85,215.0
-0.25,-75.8,251.0
-0.25,-75.75,250.0
-0.25,-75.7,271.0
-0.25,-75.65,249.0
-0.25,-75.6,221.0
-0.25,-75.55,216.0
-0.25,-75.5,220.0
-0.25,-75.45,222.0
-0.25,-75.4,216.0
-0.25,-75.35,224.0
-0.25,-75.3,235.0
-0.25,-75.25,230.0
-0.25,-75.2,219.0
-0.25,-75.15,217.0
-0.25,-75.1,212.0
-0.25,-75.05,227.0
-0.25,-75.0,198.0
-0.25,-74.95,193.0
-0.25,-74.9,196.0
-0.25,-74.85,196.0
-0.25,-74.8,201.0
-0.25,-74.75,179.0
-0.25,-74.7,179.0
-0.25,-74.65,196.0
-0.25,-74.6,198.0
-0.25,-74.55,196.0
-0.25,-74.5,206.0
-0.25,-74.45,211.0
-0.25,-74.4,222.0
-0.25,-74.35,210.0
-0.25,-74.3,190.0
-0.25,-74.25,187.0
-0.25,-74.2,178.0
-0.25,-74.15,157.0
-0.25,-74.1,157.0
-0.25,-74.05,168.0
-0.25,-74.0,168.0
-0.25,-73.95,192.0
-0.25,-73.9,185.0
-0.25,-73.85,178.0
-0.25,-73.8,187.0
-0.25,-73.75,186.0
-0.25,-73.7,194.0
-0.25,-73.65,193.0
-0.25,-73.6,193.0
-0.25,-73.55,199.0
-0.25,-73.5,202.0
-0.25,-73.45,190.0
-0.25,-73.4,191.0
-0.25,-73.35,173.0
-0.25,-73.3,174.0
-0.25,-73.25,182.0
-0.25,-73.2,192.0
-0.25,-73.15,243.0
-0.25,-73.1,246.0
-0.25,-73.05,235.0
-0.25,-73.0,224.0
-0.25,-72.95,210.0
-0.25,-72.9,196.0
-0.25,-72.85,220.0
-0.25,-72.8,200.0
-0.25,-72.75,202.0
-0.25,-72.7,255.0
-0.25,-72.65,325.0
-0.25,-72.6,366.0
-0.25,-72.55,183.0
-0.25,-72.5,173.0
-0.25,-72.45,180.0
-0.25,-72.4,162.0
-0.25,-72.35,182.0
-0.25,-72.3,144.0
-0.25,-72.25,132.0
-0.25,-72.2,170.0
-0.25,-72.15,181.0
-0.25,-72.1,182.0
-0.25,-72.05,190.0
-0.25,-72.0,179.0
-0.25,-71.95,188.0
-0.25,-71.9,197.0
-0.25,-71.85,193.0
-0.25,-71.8,207.0
-0.25,-71.75,198.0
-0.25,-71.7,192.0
-0.25,-71.65,187.0
-0.25,-71.6,182.0
-0.25,-71.55,200.0
-0.25,-71.5,197.0
-0.25,-71.45,198.0
-0.25,-71.4,205.0
-0.25,-71.35,185.0
-0.25,-71.3,194.0
-0.25,-71.25,155.0
-0.25,-71.2,160.0
-0.25,-71.15,154.0
-0.25,-71.1,166.0
-0.25,-71.05,181.0
-0.25,-71.0,168.0
-0.25,-70.95,166.0
-0.25,-70.9,137.0
-0.25,-70.85,159.0
-0.25,-70.8,190.0
-0.25,-70.75,174.0
-0.25,-70.7,180.0
-0.25,-70.65,177.0
-0.25,-70.6,172.0
-0.25,-70.55,180.0
-0.25,-70.5,163.0
-0.25,-70.45,170.0
-0.25,-70.4,172.0
-0.25,-70.35,145.0
-0.25,-70.3,155.0
-0.25,-70.25,143.0
-0.25,-70.2,143.0
-0.25,-70.15,120.0
-0.25,-70.1,140.0
-0.25,-70.05,159.0
-0.25,-70.0,150.0
-0.25,-69.95,150.0
-0.25,-69.9,159.0
-0.25,-69.85,148.0
-0.25,-69.8,192.0
-0.25,-69.75,168.0
-0.25,-69.7,162.0
-0.25,-69.65,260.0
-0.25,-69.6,258.0
-0.25,-69.55,162.0
-0.25,-69.5,137.0
-0.25,-69.45,139.0
-0.25,-69.4,117.0
-0.25,-69.35,123.0
-0.25,-69.3,131.0
-0.25,-69.25,139.0
-0.25,-69.2,127.0
-0.25,-69.15,137.0
-0.25,-69.1,126.0
-0.25,-69.05,155.0
-0.25,-69.0,121.0
-0.25,-68.95,136.0
-0.25,-68.9,119.0
-0.25,-68.85,123.0
-0.25,-68.8,106.0
-0.25,-68.75,124.0
-0.25,-68.7,131.0
-0.25,-68.65,128.0
-0.25,-68.6,129.0
-0.25,-68.55,123.0
-0.25,-68.5,127.0
-0.25,-68.45,96.0
-0.25,-68.4,117.0
-0.25,-68.35,103.0
-0.25,-68.3,110.0
-0.25,-68.25,95.0
-0.25,-68.2,103.0
-0.25,-68.15,106.0
-0.25,-68.1,105.0
-0.25,-68.05,100.0
-0.25,-68.0,100.0
0.0,-81.0,0.0
0.0,-80.95,0.0
0.0,-80.9,0.0
0.0,-80.85,0.0
0.0,-80.8,0.0
0.0,-80.75,0.0
0.0,-80.7,0.0
0.0,-80.65,0.0
0.0,-80.6,0.0
0.0,-80.55,0.0
0.0,-80.5,0.0
0.0,-80.45,0.0
0.0,-80.4,0.0
0.0,-80.35,0.0
0.0,-80.3,0.0
0.0,-80.25,0.0
0.0,-80.2,0.0
0.0,-80.15,0.0
0.0,-80.1,48.0
0.0,-80.05,234.0
0.0,-80.0,502.0
0.0,-79.95,207.0
0.0,-79.9,135.0
0.0,-79.85,240.0
0.0,-79.8,269.0
0.0,-79.75,335.0
0.0,-79.7,211.0
0.0,-79.65,137.0
0.0,-79.6,157.0
0.0,-79.55,174.0
0.0,-79.5,187.0
0.0,-79.45,201.0
0.0,-79.4,220.0
0.0,-79.35,229.0
0.0,-79.3,321.0
0.0,-79.25,335.0
0.0,-79.2,389.0
0.0,-79.15,483.0
0.0,-79.1,577.0
0.0,-79.05,644.0
0.0,-79.0,776.0
0.0,-78.95,904.0
0.0,-78.9,1016.0
0.0,-78.85,1111.0
0.0,-78.8,1481.0
0.0,-78.75,1717.0
0.0,-78.7,2038.0
0.0,-78.65,2408.0
0.0,-78.6,2769.0
0.0,-78.55,2871.0
0.0,-78.5,2851.0
0.0,-78.45,2446.0
0.0,-78.4,2054.0
0.0,-78.35,2293.0
0.0,-78.3,2387.0
0.0,-78.25,2616.0
0.0,-78.2,2860.0
0.0,-78.15,2798.0
0.0,-78.1,3301.0
0.0,-78.05,4057.0
0.0,-78.0,4691.0
0.0,-77.95,3974.0
0.0,-77.9,3281.0
0.0,-77.85,2616.0
0.0,-77.8,2094.0
0.0,-77.75,2871.0
0.0,-77.7,2284.0
0.0,-77.65,1587.0
0.0,-77.6,1058.0
0.0,-77.55,1286.0
0.0,-77.5,1316.0
0.0,-77.45,916.0
0.0,-77.4,659.0
0.0,-77.35,559.0
0.0,-77.3,703.0
0.0,-77.25,391.0
0.0,-77.2,394.0
0.0,-77.15,374.0
0.0,-77.1,362.0
0.0,-77.05,325.0
0.0,-77.0,333.0
0.0,-76.95,336.0
0.0,-76.9,334.0
0.0,-76.85,311.0
0.0,-76.8,310.0
0.0,-76.75,290.0
0.0,-76.7,281.0
0.0,-76.65,266.0
0.0,-76.6,273.0
0.0,-76.55,290.0
0.0,-76.5,309.0
0.0,-76.45,281.0
0.0,-76.4,295.0
0.0,-76.35,292.0
0.0,-76.3,249.0
0.0,-76.25,266.0
0.0,-76.2,218.0
0.0,-76.15,256.0
0.0,-76.1,251.0
0.0,-76.05,262.0
0.0,-76.0,267.0
0.0,-75.95,258.0
0.0,-75.9,231.0
0.0,-75.85,235.0
0.0,-75.8,257.0
0.0,-75.75,232.0
0.0,-75.7,234.0
0.0,-75.65,228.0
0.0,-75.6,222.0
0.0,-75.55,213.0
0.0,-75.5,232.0
0.0,-75.45,232.0
0.0,-75.4,227.0
0.0,-75.35,229.0
0.0,-75.3,235.0
0.0,-75.25,196.0
0.0,-75.2,208.0
0.0,-75.15,236.0
0.0,-75.1,213.0
0.0,-75.05,205.0
0.0,-75.0,194.0
0.0,-74.95,201.0
0.0,-74.9,206.0
0.0,-74.85,208.0
0.0,-74.8,201.0
0.0,-74.75,193.0
0.0,-74.7,191.0
0.0,-74.65,177.0
0.0,-74.6,209.0
0.0,-74.55,203.0
0.0,-74.5,218.0
0.0,-74.45,186.0
0.0,-74.4,187.0
0.0,-74.35,195.0
0.0,-74.3,185.0
0.0,-74.25,179.0
0.0,-74.2,186.0
0.0,-74.15,180.0
0.0,-74.1,201.0
0.0,-74.05,207.0
0.0,-74.0,192.0
0.0,-73.95,205.0
0.0,-73.9,213.0
0.0,-73.85,217.0
0.0,-73.8,199.0
0.0,-73.75,206.0
0.0,-73.7,197.0
0.0,-73.65,202.0
0.0,-73.6,214.0
0.0,-73.55,228.0
0.0,-73.5,207.0
0.0,-73.45,212.0
0.0,-73.4,218.0
0.0,-73.35,216.0
0.0,-73.3,213.0
0.0,-73.25,210.0
0.0,-73.2,222.0
0.0,-73.15,285.0
0.0,-73.1,186.0
0.0,-73.05,203.0
0.0,-73.0,201.0
0.0,-72.95,213.0
0.0,-72.9,227.0
0.0,-72.85,238.0
0.0,-72.8,240.0
0.0,-72.75,189.0
0.0,-72.7,189.0
0.0,-72.65,184.0
0.0,-72.6,163.0
0.0,-72.55,159.0
0.0,-72.5,218.0
0.0,-72.45,251.0
0.0,-72.4,154.0
0.0,-72.35,177.0
0.0,-72.3,166.0
0.0,-72.25,153.0
0.0,-72.2,125.0
0.0,-72.15,124.0
0.0,-72.1,164.0
0.0,-72.05,200.0
0.0,-72.0,190.0
0.0,-71.95,189.0
0.0,-71.9,177.0
0.0,-71.85,193.0
0.0,-71.8,179.0
0.0,-71.75,199.0
0.0,-71.7,205.0
0.0,-71.65,211.0
0.0,-71.6,203.0
0.0,-71.55,203.0
0.0,-71.5,200.0
0.0,-71.45,199.0
0.0,-71.4,202.0
0.0,-71.35,191.0
0.0,-71.3,190.0
0.0,-71.25,190.0
0.0,-71.2,181.0
0.0,-71.15,201.0
0.0,-71.1,151.0
0.0,-71.05,163.0
0.0,-71.0,157.0
0.0,-70.95,332.0
0.0,-70.9,205.0
0.0,-70.85,245.0
0.0,-70.8,231.0
0.0,-70.75,218.0
0.0,-70.7,171.0
0.0,-70.65,167.0
0.0,-70.6,142.0
0.0,-70.55,151.0
0.0,-70.5,141.0
0.0,-70.45,167.0
0.0,-70.4,167.0
0.0,-70.35,155.0
0.0,-70.3,181.0
0.0,-70.25,179.0
0.0,-70.2,175.0
0.0,-70.15,150.0
0.0,-70.1,164.0
0.0,-70.05,163.0
0.0,-70.0,161.0
0.0,-69.95,173.0
0.0,-69.9,168.0
0.0,-69.85,151.0
0.0,-69.8,154.0
0.0,-69.75,133.0
0.0,-69.7,146.0
0.0,-69.65,149.0
0.0,-69.6,181.0
0.0,-69.55,164.0
0.0,-69.5,142.0
0.0,-69.45,134.0
0.0,-69.4,157.0
0.0,-69.35,176.0
0.0,-69.3,167.0
0.0,-69.25,157.0
0.0,-69.2,149.0
0.0,-69.15,157.0
0.0,-69.1,138.0
0.0,-69.05,141.0
0.0,-69.0,119.0
0.0,-68.95,122.0
0.0,-68.9,112.0
0.0,-68.85,114.0
0.0,-68.8,116.0
0.0,-68.75,115.0
0.0,-68.7,103.0
0.0,-68.65,90.0
0.0,-68.6,92.0
0.0,-68.55,93.0
0.0,-68.5,92.0
0.0,-68.45,100.0
0.0,-68.4,105.0
0.0,-68.35,76.0
0.0,-68.3,93.0
0.0,-68.25,75.0
0.0,-68.2,81.0
0.0,-68.15,116.0
0.0,-68.1,116.0
0.0,-68.05,108.0
0.0,-68.0,104.0
0.25,-81.0,0.0
0.25,-80.95,0.0
0.25,-80.9,0.0
0.25,-80.85,0.0
0.25,-80.8,0.0
0.25,-80.75,0.0
0.25,-80.7,0.0
0.25,-80.65,0.0
0.25,-80.6,0.0
0.25,-80.55,0.0
0.25,-80.5,0.0
0.25,-80.45,0.0
0.25,-80.4,0.0
0.25,-80.35,0.0
0.25,-80.3,0.0
0.25,-80.25,0.0
0.25,-80.2,0.0
0.25,-80.15,0.0
0.25,-80.1,0.0
0.25,-80.05,0.0
0.25,-80.0,2.0
0.25,-79.95,2.0
0.25,-79.9,17.0
0.25,-79.85,129.0
0.25,-79.8,271.0
0.25,-79.75,201.0
0.25,-79.7,239.0
0.25,-79.65,177.0
0.25,-79.6,147.0
0.25,-79.55,148.0
0.25,-79.5,100.0
0.25,-79.45,98.0
0.25,-79.4,105.0
0.25,-79.35,92.0
0.25,-79.3,142.0
0.25,-79.25,145.0
0.25,-79.2,178.0
0.25,-79.15,341.0
0.25,-79.1,401.0
0.25,-79.05,416.0
0.25,-79.0,467.0
0.25,-78.95,857.0
0.25,-78.9,767.0
0.25,-78.85,831.0
0.25,-78.8,784.0
0.25,-78.75,880.0
0.25,-78.7,1257.0
0.25,-78.65,1530.0
0.25,-78.6,1369.0
0.25,-78.55,1921.0
0.25,-78.5,2303.0
0.25,-78.45,3081.0
0.25,-78.4,3179.0
0.25,-78.35,2812.0
0.25,-78.3,2565.0
0.25,-78.25,2556.0
0.25,-78.2,3566.0
0.25,-78.15,3436.0
0.25,-78.1,2801.0
0.25,-78.05,3595.0
0.25,-78.0,3648.0
0.25,-77.95,3747.0
0.25,-77.9,3504.0
0.25,-77.85,3604.0
0.25,-77.8,2636.0
0.25,-77.75,2149.0
0.25,-77.7,2104.0
0.25,-77.65,1670.0
0.25,-77.6,1351.0
0.25,-77.55,804.0
0.25,-77.5,751.0
0.25,-77.45,832.0
0.25,-77.4,646.0
0.25,-77.35,619.0
0.25,-77.3,516.0
0.25,-77.25,435.0
0.25,-77.2,388.0
0.25,-77.15,382.0
0.25,-77.1,363.0
0.25,-77.05,334.0
0.25,-77.0,325.0
0.25,-76.95,314.0
0.25,-76.9,286.0
0.25,-76.85,286.0
0.25,-76.8,277.0
0.25,-76.75,281.0
0.25,-76.7,301.0
0.25,-76.65,270.0
0.25,-76.6,282.0
0.25,-76.55,256.0
0.25,-76.5,270.0
0.25,-76.45,260.0
0.25,-76.4,251.0
0.25,-76.35,268.0
0.25,-76.3,275.0
0.25,-76.25,275.0
0.25,-76.2,270.0
0.25,-76.15,275.0
0.25,-76.1,265.0
0.25,-76.05,244.0
0.25,-76.0,227.0
0.25,-75.95,250.0
0.25,-75.9,254.0
0.25,-75.85,271.0
0.25,-75.8,259.0
0.25,-75.75,271.0
0.25,-75.7,261.0
0.25,-75.65,232.0
0.25,-75.6,246.0
0.25,-75.55,249.0
0.25,-75.5,230.0
0.25,-75.45,236.0
0.25,-75.4,230.0
0.25,-75.35,231.0
0.25,-75.3,242.0
0.25,-75.25,232.0
0.25,-75.2,228.0
0.25,-75.15,240.0
0.25,-75.1,228.0
0.25,-75.05,207.0
0.25,-75.0,227.0
0.25,-74.95,181.0
0.25,-74.9,171.0
0.25,-74.85,193.0
0.25,-74.8,195.0
0.25,-74.75,189.0
0.25,-74.7,184.0
0.25,-74.65,208.0
0.25,-74.6,210.0
0.25,-74.55,196.0
0.25,-74.5,206.0
0.25,-74.45,210.0
0.25,-74.4,211.0
0.25,-74.35,212.0
0.25,-74.3,192.0
0.25,-74.25,200.0
0.25,-74.2,198.0
0.25,-74.15,190.0
0.25,-74.1,188.0
0.25,-74.05,209.0
0.25,-74.0,209.0
0.25,-73.95,211.0
0.25,-73.9,223.0
0.25,-73.85,229.0
0.25,-73.8,232.0
0.25,-73.75,239.0
0.25,-73.7,224.0
0.25,-73.65,216.0
0.25,-73.6,212.0
0.25,-73.55,225.0
0.25,-73.5,228.0
0.25,-73.45,203.0
0.25,-73.4,197.0
0.25,-73.35,202.0
0.25,-73.3,199.0
0.25,-73.25,201.0
0.25,-73.2,228.0
0.25,-73.15,246.0
0.25,-73.1,272.0
0.25,-73.05,250.0
0.25,-73.0,239.0
0.25,-72.95,237.0
0.25,-72.9,244.0
0.25,-72.85,241.0
0.25,-72.8,250.0
0.25,-72.75,257.0
0.25,-72.7,272.0
0.25,-72.65,196.0
0.25,-72.6,259.0
0.25,-72.55,156.0
0.25,-72.5,149.0
0.25,-72.45,151.0
0.25,-72.4,160.0
0.25,-72.35,154.0
0.25,-72.3,177.0
0.25,-72.25,178.0
0.25,-72.2,183.0
0.25,-72.15,195.0
0.25,-72.1,185.0
0.25,-72.05,157.0
0.25,-72.0,186.0
0.25,-71.95,188.0
0.25,-71.9,207.0
0.25,-71.85,217.0
0.25,-71.8,218.0
0.25,-71.75,214.0
0.25,-71.7,172.0
0.25,-71.65,174.0
0.25,-71.6,193.0
0.25,-71.55,196.0
0.25,-71.5,213.0
0.25,-71.45,210.0
0.25,-71.4,224.0
0.25,-71.35,186.0
0.25,-71.3,191.0
0.25,-71.25,198.0
0.25,-71.2,197.0
0.25,-71.15,176.0
0.25,-71.1,190.0
0.25,-71.05,193.0
0.25,-71.0,172.0
0.25,-70.95,189.0
0.25,-70.9,184.0
0.25,-70.85,202.0
0.25,-70.8,324.0
0.25,-70.75,331.0
0.25,-70.7,223.0
0.25,-70.65,226.0
0.25,-70.6,236.0
0.25,-70.55,189.0
0.25,-70.5,195.0
0.25,-70.45,157.0
0.25,-70.4,173.0
0.25,-70.35,192.0
0.25,-70.3,186.0
0.25,-70.25,188.0
0.25,-70.2,179.0
0.25,-70.15,164.0
0.25,-70.1,175.0
0.25,-70.05,146.0
0.25,-70.0,147.0
0.25,-69.95,161.0
0.25,-69.9,161.0
0.25,-69.85,145.0
0.25,-69.8,119.0
0.25,-69.75,108.0
0.25,-69.7,137.0
0.25,-69.65,122.0
0.25,-69.6,131.0
0.25,-69.55,125.0
0.25,-69.5,140.0
0.25,-69.45,126.0
0.25,-69.4,111.0
0.25,-69.35,122.0
0.25,-69.3,120.0
0.25,-69.25,124.0
0.25,-69.2,145.0
0.25,-69.15,136.0
0.25,-69.1,137.0
0.25,-69.05,143.0
0.25,-69.0,143.0
0.25,-68.95,131.0
0.25,-68.9,147.0
0.25,-68.85,116.0
0.25,-68.8,103.0
0.25,-68.75,131.0
0.25,-68.7,111.0
0.25,-68.65,126.0
0.25,-68.6,120.0
0.25,-68.55,97.0
0.25,-68.5,112.0
0.25,-68.45,104.0
0.25,-68.4,114.0
0.25,-68.35,111.0
0.25,-68.3,115.0
0.25,-68.25,112.0
0.25,-68.2,110.0
0.25,-68.15,105.0
0.25,-68.1,106.0
0.25,-68.05,73.0
0.25,-68.0,100.0
0.5,-81.0,0.0
0.5,-80.95,0.0
0.5,-80.9,0.0
0.5,-80.85,0.0
0.5,-80.8,0.0
0.5,-80.75,0.0
0.5,-80.7,0.0
0.5,-80.65,0.0
0.5,-80.6,0.0
0.5,-80.55,0.0
0.5,-80.5,0.0
0.5,-80.45,0.0
0.5,-80.4,0.0
0.5,-80.35,0.0
0.5,-80.3,0.0
0.5,-80.25,0.0
0.5,-80.2,0.0
0.5,-80.15,0.0
0.5,-80.1,0.0
0.5,-80.05,0.0
0.5,-80.0,31.0
0.5,-79.95,72.0
0.5,-79.9,68.0
0.5,-79.85,38.0
0.5,-79.8,241.0
0.5,-79.75,375.0
0.5,-79.7,248.0
0.5,-79.65,95.0
0.5,-79.6,335.0
0.5,-79.55,148.0
0.5,-79.5,287.0
0.5,-79.45,326.0
0.5,-79.4,255.0
0.5,-79.35,96.0
0.5,-79.3,202.0
0.5,-79.25,281.0
0.5,-79.2,565.0
0.5,-79.15,372.0
0.5,-79.1,612.0
0.5,-79.05,216.0
0.5,-79.0,596.0
0.5,-78.95,1002.0
0.5,-78.9,1088.0
0.5,-78.85,1371.0
0.5,-78.8,1579.0
0.5,-78.75,2089.0
0.5,-78.7,1147.0
0.5,-78.65,2019.0
0.5,-78.6,2117.0
0.5,-78.55,2695.0
0.5,-78.5,2425.0
0.5,-78.45,3190.0
0.5,-78.4,3315.0
0.5,-78.35,3798.0
0.5,-78.3,3377.0
0.5,-78.25,2749.0
0.5,-78.2,2465.0
0.5,-78.15,1699.0
0.5,-78.1,1711.0
0.5,-78.05,1742.0
0.5,-78.0,1955.0
0.5,-77.95,2643.0
0.5,-77.9,2568.0
0.5,-77.85,2644.0
0.5,-77.8,3120.0
0.5,-77.75,3472.0
0.5,-77.7,3201.0
0.5,-77.65,2901.0
0.5,-77.6,2927.0
0.5,-77.55,2297.0
0.5,-77.5,2276.0
0.5,-77.45,2615.0
0.5,-77.4,2867.0
0.5,-77.35,1635.0
0.5,-77.3,1590.0
0.5,-77.25,786.0
0.5,-77.2,551.0
0.5,-77.15,487.0
0.5,-77.1,477.0
0.5,-77.05,483.0
0.5,-77.0,424.0
0.5,-76.95,385.0
0.5,-76.9,333.0
0.5,-76.85,322.0
0.5,-76.8,293.0
0.5,-76.75,317.0
0.5,-76.7,276.0
0.5,-76.65,278.0
0.5,-76.6,276.0
0.5,-76.55,258.0
0.5,-76.5,253.0
0.5,-76.45,270.0
0.5,-76.4,255.0
0.5,-76.35,252.0
0.5,-76.3,257.0
0.5,-76.25,254.0
0.5,-76.2,269.0
0.5,-76.15,266.0
0.5,-76.1,265.0
0.5,-76.05,258.0
0.5,-76.0,252.0
0.5,-75.95,252.0
0.5,-75.9,252.0
0.5,-75.85,243.0
0.5,-75.8,245.0
0.5,-75.75,250.0
0.5,-75.7,246.0
0.5,-75.65,247.0
0.5,-75.6,235.0
0.5,-75.55,221.0
0.5,-75.5,226.0
0.5,-75.45,197.0
0.5,-75.4,202.0
0.5,-75.35,211.0
0.5,-75.3,221.0
0.5,-75.25,223.0
0.5,-75.2,181.0
0.5,-75.15,189.0
0.5,-75.1,199.0
0.5,-75.05,186.0
0.5,-75.0,235.0
0.5,-74.95,232.0
0.5,-74.9,228.0
0.5,-74.85,226.0
0.5,-74.8,222.0
0.5,-74.75,209.0
0.5,-74.7,225.0
0.5,-74.65,236.0
0.5,-74.6,235.0
0.5,-74.55,232.0
0.5,-74.5,215.0
0.5,-74.45,216.0
0.5,-74.4,212.0
0.5,-74.35,199.0
0.5,-74.3,185.0
0.5,-74.25,208.0
0.5,-74.2,175.0
0.5,-74.15,216.0
0.5,-74.1,209.0
0.5,-74.05,229.0
0.5,-74.0,239.0
0.5,-73.95,227.0
0.5,-73.9,227.0
0.5,-73.85,234.0
0.5,-73.8,234.0
0.5,-73.75,234.0
0.5,-73.7,240.0
0.5,-73.65,208.0
0.5,-73.6,206.0
0.5,-73.55,215.0
0.5,-73.5,216.0
0.5,-73.45,215.0
0.5,-73.4,233.0
0.5,-73.35,239.0
0.5,-73.3,248.0
0.5,-73.25,244.0
0.5,-73.2,383.0
0.5,-73.15,364.0
0.5,-73.1,429.0
0.5,-73.05,393.0
0.5,-73.0,270.0
0.5,-72.95,256.0
0.5,-72.9,253.0
0.5,-72.85,405.0
0.5,-72.8,363.0
0.5,-72.75,298.0
0.5,-72.7,190.0
0.5,-72.65,187.0
0.5,-72.6,273.0
0.5,-72.55,286.0
0.5,-72.5,186.0
0.5,-72.45,199.0
0.5,-72.4,216.0
0.5,-72.35,203.0
0.5,-72.3,170.0
0.5,-72.25,167.0
0.5,-72.2,191.0
0.5,-72.15,197.0
0.5,-72.1,202.0
0.5,-72.05,221.0
0.5,-72.0,211.0
0.5,-71.95,184.0
0.5,-71.9,174.0
0.5,-71.85,190.0
0.5,-71.8,194.0
0.5,-71.75,202.0
0.5,-71.7,187.0
0.5,-71.65,191.0
0.5,-71.6,194.0
0.5,-71.55,193.0
0.5,-71.5,199.0
0.5,-71.45,206.0
0.5,-71.4,197.0
0.5,-71.35,200.0
0.5,-71.3,195.0
0.5,-71.25,229.0
0.5,-71.2,222.0
0.5,-71.15,218.0
0.5,-71.1,211.0
0.5,-71.05,206.0
0.5,-71.0,202.0
0.5,-70.95,210.0
0.5,-70.9,205.0
0.5,-70.85,204.0
0.5,-70.8,227.0
0.5,-70.75,226.0
0.5,-70.7,219.0
0.5,-70.65,200.0
0.5,-70.6,180.0
0.5,-70.55,202.0
0.5,-70.5,227.0
0.5,-70.45,286.0
0.5,-70.4,194.0
0.5,-70.35,213.0
0.5,-70.3,188.0
0.5,-70.25,203.0
0.5,-70.2,193.0
0.5,-70.15,194.0
0.5,-70.1,172.0
0.5,-70.05,187.0
0.5,-70.0,190.0
0.5,-69.95,188.0
0.5,-69.9,177.0
0.5,-69.85,172.0
0.5,-69.8,167.0
0.5,-69.75,157.0
0.5,-69.7,161.0
0.5,-69.65,157.0
0.5,-69.6,150.0
0.5,-69.55,161.0
0.5,-69.5,156.0
0.5,-69.45,152.0
0.5,-69.4,181.0
0.5,-69.35,145.0
0.5,-69.3,143.0
0.5,-69.25,138.0
0.5,-69.2,158.0
0.5,-69.15,119.0
0.5,-69.1,131.0
0.5,-69.05,101.0
0.5,-69.0,127.0
0.5,-68.95,132.0
0.5,-68.9,115.0
0.5,-68.85,120.0
0.5,-68.8,122.0
0.5,-68.75,131.0
0.5,-68.7,118.0
0.5,-68.65,131.0
0.5,-68.6,138.0
0.5,-68.55,125.0
0.5,-68.5,126.0
0.5,-68.45,107.0
0.5,-68.4,102.0
0.5,-68.35,108.0
0.5,-68.3,109.0
0.5,-68.25,110.0
0.5,-68.2,125.0
0.5,-68.15,113.0
0.5,-68.1,110.0
0.5,-68.05,91.0
0.5,-68.0,107.0
0.75,-81.0,0.0
0.75,-80.95,0.0
0.75,-80.9,0.0
0.75,-80.85,0.0
0.75,-80.8,0.0
0.75,-80.75,0.0
0.75,-80.7,0.0
0.75,-80.65,0.0
0.75,-80.6,0.0
0.75,-80.55,0.0
0.75,-80.5,0.0
0.75,-80.45,0.0
0.75,-80.4,0.0
0.75,-80.35,0.0
0.75,-80.3,0.0
0.75,-80.25,0.0
0.75,-80.2,0.0
0.75,-80.15,0.0
0.75,-80.1,2.0
0.75,-80.05,199.0
0.75,-80.0,192.0
0.75,-79.95,163.0
0.75,-79.9,75.0
0.75,-79.85,32.0
0.75,-79.8,268.0
0.75,-79.75,213.0
0.75,-79.7,275.0
0.75,-79.65,310.0
0.75,-79.6,144.0
0.75,-79.55,26.0
0.75,-79.5,395.0
0.75,-79.45,189.0
0.75,-79.4,102.0
0.75,-79.35,130.0
0.75,-79.3,208.0
0.75,-79.25,266.0
0.75,-79.2,128.0
0.75,-79.15,96.0
0.75,-79.1,132.0
0.75,-79.05,168.0
0.75,-79.0,85.0
0.75,-78.95,72.0
0.75,-78.9,55.0
0.75,-78.85,144.0
0.75,-78.8,176.0
0.75,-78.75,527.0
0.75,-78.7,931.0
0.75,-78.65,1442.0
0.75,-78.6,1382.0
0.75,-78.55,1431.0
0.75,-78.5,1580.0
0.75,-78.45,968.0
0.75,-78.4,1252.0
0.75,-78.35,1521.0
0.75,-78.3,1825.0
0.75,-78.25,904.0
0.75,-78.2,1487.0
0.75,-78.15,1841.0
0.75,-78.1,2885.0
0.75,-78.05,3297.0
0.75,-78.0,3840.0
0.75,-77.95,3959.0
0.75,-77.9,3788.0
0.75,-77.85,3415.0
0.75,-77.8,3421.0
0.75,-77.75,3118.0
0.75,-77.7,3292.0
0.75,-77.65,3143.0
0.75,-77.6,3119.0
0.75,-77.55,3389.0
0.75,-77.5,3133.0
0.75,-77.45,3211.0
0.75,-77.4,2736.0
0.75,-77.35,2549.0
0.75,-77.3,2237.0
0.75,-77.25,1813.0
0.75,-77.2,1978.0
0.75,-77.15,1859.0
0.75,-77.1,1195.0
0.75,-77.05,752.0
0.75,-77.0,878.0
0.75,-76.95,679.0
0.75,-76.9,448.0
0.75,-76.85,443.0
0.75,-76.8,384.0
0.75,-76.75,343.0
0.75,-76.7,295.0
0.75,-76.65,310.0
0.75,-76.6,292.0
0.75,-76.55,311.0
0.75,-76.5,285.0
0.75,-76.45,330.0
0.75,-76.4,269.0
0.75,-76.35,309.0
0.75,-76.3,306.0
0.75,-76.25,304.0
0.75,-76.2,285.0
0.75,-76.15,272.0
0.75,-76.1,285.0
0.75,-76.05,254.0
0.75,-76.0,273.0
0.75,-75.95,249.0
0.75,-75.9,253.0
0.75,-75.85,228.0
0.75,-75.8,244.0
0.75,-75.75,241.0
0.75,-75.7,251.0
0.75,-75.65,221.0
0.75,-75.6,220.0
0.75,-75.55,206.0
0.75,-75.5,217.0
0.75,-75.45,196.0
0.75,-75.4,203.0
0.75,-75.35,202.0
0.75,-75.3,204.0
0.75,-75.25,202.0
0.75,-75.2,206.0
0.75,-75.15,223.0
0.75,-75.1,238.0
0.75,-75.05,235.0
0.75,-75.0,265.0
0.75,-74.95,240.0
0.75,-74.9,267.0
0.75,-74.85,229.0
0.75,-74.8,238.0
0.75,-74.75,250.0
0.75,-74.7,247.0
0.75,-74.65,246.0
0.75,-74.6,201.0
0.75,-74.55,200.0
0.75,-74.5,226.0
0.75,-74.45,239.0
0.75,-74.4,243.0
0.75,-74.35,246.0
0.75,-74.3,228.0
0.75,-74.25,235.0
0.75,-74.2,236.0
0.75,-74.15,223.0
0.75,-74.1,215.0
0.75,-74.05,209.0
0.75,-74.0,222.0
0.75,-73.95,235.0
0.75,-73.9,242.0
0.75,-73.85,227.0
0.75,-73.8,224.0
0.75,-73.75,232.0
0.75,-73.7,223.0
0.75,-73.65,228.0
0.75,-73.6,215.0
0.75,-73.55,225.0
0.75,-73.5,231.0
0.75,-73.45,247.0
0.75,-73.4,242.0
0.75,-73.35,251.0
0.75,-73.3,232.0
0.75,-73.25,239.0
0.75,-73.2,238.0
0.75,-73.15,261.0
0.75,-73.1,254.0
0.75,-73.05,249.0
0.75,-73.0,229.0
0.75,-72.95,261.0
0.75,-72.9,519.0
0.75,-72.85,286.0
0.75,-72.8,395.0
0.75,-72.75,216.0
0.75,-72.7,218.0
0.75,-72.65,215.0
0.75,-72.6,212.0
0.75,-72.55,194.0
0.75,-72.5,210.0
0.75,-72.45,230.0
0.75,-72.4,202.0
0.75,-72.35,200.0
0.75,-72.3,202.0
0.75,-72.25,193.0
0.75,-72.2,194.0
0.75,-72.15,167.0
0.75,-72.1,191.0
0.75,-72.05,193.0
0.75,-72.0,197.0
0.75,-71.95,197.0
0.75,-71.9,205.0
0.75,-71.85,223.0
0.75,-71.8,217.0
0.75,-71.75,212.0
0.75,-71.7,210.0
0.75,-71.65,225.0
0.75,-71.6,224.0
0.75,-71.55,239.0
0.75,-71.5,220.0
0.75,-71.45,209.0
0.75,-71.4,233.0
0.75,-71.35,225.0
0.75,-71.3,226.0
0.75,-71.25,218.0
0.75,-71.2,235.0
0.75,-71.15,209.0
0.75,-71.1,222.0
0.75,-71.05,205.0
0.75,-71.0,208.0
0.75,-70.95,212.0
0.75,-70.9,210.0
0.75,-70.85,229.0
0.75,-70.8,249.0
0.75,-70.75,395.0
0.75,-70.7,405.0
0.75,-70.65,217.0
0.75,-70.6,206.0
0.75,-70.55,216.0
0.75,-70.5,211.0
0.75,-70.45,216.0
0.75,-70.4,219.0
0.75,-70.35,202.0
0.75,-70.3,212.0
0.75,-70.25,191.0
0.75,-70.2,200.0
0.75,-70.15,188.0
0.75,-70.1,203.0
0.75,-70.05,204.0
0.75,-70.0,201.0
0.75,-69.95,203.0
0.75,-69.9,188.0
0.75,-69.85,199.0
0.75,-69.8,165.0
0.75,-69.75,169.0
0.75,-69.7,169.0
0.75,-69.65,170.0
0.75,-69.6,155.0
0.75,-69.55,152.0
0.75,-69.5,132.0
0.75,-69.45,140.0
0.75,-69.4,141.0
0.75,-69.35,166.0
0.75,-69.3,170.0
0.75,-69.25,169.0
0.75,-69.2,127.0
0.75,-69.15,133.0
0.75,-69.1,144.0
0.75,-69.05,146.0
0.75,-69.0,148.0
0.75,-68.95,141.0
0.75,-68.9,147.0
0.75,-68.85,134.0
0.75,-68.8,134.0
0.75,-68.75,138.0
0.75,-68.7,136.0
0.75,-68.65,138.0
0.75,-68.6,135.0
0.75,-68.55,122.0
0.75,-68.5,123.0
0.75,-68.45,130.0
0.75,-68.4,119.0
0.75,-68.35,123.0
0.75,-68.3,114.0
0.75,-68.25,88.0
0.75,-68.2,93.0
0.75,-68.15,110.0
0.75,-68.1,112.0
0.75,-68.05,110.0
0.75,-68.0,112.0
1.0,-80.0,0.0
1.0,-79.95,0.0
1.0,-79.9,0.0
1.0,-79.85,0.0
1.0,-79.8,0.0
1.0,-79.75,0.0
1.0,-79.7,0.0
1.0,-79.65,0.0
1.0,-79.6,0.0
1.0,-79.55,0.0
1.0,-79.5,127.0
1.0,-79.45,77.0
1.0,-79.4,104.0
1.0,-79.35,136.0
1.0,-79.3,114.0
1.0,-79.25,81.0
1.0,-79.2,53.0
1.0,-79.15,49.0
1.0,-79.1,63.0
1.0,-79.05,20.0
1.0,-79.0,35.0
1.0,-78.95,64.0
1.0,-78.9,30.0
1.0,-78.85,40.0
1.0,-78.8,44.0
1.0,-78.75,96.0
1.0,-78.7,141.0
1.0,-78.65,218.0
1.0,-78.6,509.0
1.0,-78.55,423.0
1.0,-78.5,497.0
1.0,-78.45,766.0
1.0,-78.4,1122.0
1.0,-78.35,1122.0
1.0,-78.3,944.0
1.0,-78.25,1503.0
1.0,-78.2,1112.0
1.0,-78.15,2022.0
1.0,-78.1,1730.0
1.0,-78.05,1960.0
1.0,-78.0,2170.0
1.0,-77.95,1972.0
1.0,-77.9,2900.0
1.0,-77.85,3175.0
1.0,-77.8,3737.0
1.0,-77.75,3089.0
1.0,-77.7,3014.0
1.0,-77.65,3181.0
1.0,-77.6,3412.0
1.0,-77.55,2899.0
1.0,-77.5,2459.0
1.0,-77.45,2302.0
1.0,-77.4,3146.0
1.0,-77.35,3649.0
1.0,-77.3,3567.0
1.0,-77.25,3488.0
1.0,-77.2,2814.0
1.0,-77.15,2855.0
1.0,-77.1,2801.0
1.0,-77.05,3171.0
1.0,-77.0,3378.0
1.0,-76.95,2182.0
1.0,-76.9,2167.0
1.0,-76.85,2382.0
1.0,-76.8,1836.0
1.0,-76.75,1300.0
1.0,-76.7,589.0
1.0,-76.65,486.0
1.0,-76.6,400.0
1.0,-76.55,379.0
1.0,-76.5,379.0
1.0,-76.45,290.0
1.0,-76.4,291.0
1.0,-76.35,276.0
1.0,-76.3,258.0
1.0,-76.25,258.0
1.0,-76.2,251.0
1.0,-76.15,242.0
1.0,-76.1,247.0
1.0,-76.05,241.0
1.0,-76.0,248.0
1.0,-75.95,223.0
1.0,-75.9,242.0
1.0,-75.85,231.0
1.0,-75.8,231.0
1.0,-75.75,224.0
1.0,-75.7,226.0
1.0,-75.65,253.0
1.0,-75.6,258.0
1.0,-75.55,232.0
1.0,-75.5,232.0
1.0,-75.45,247.0
1.0,-75.4,253.0
1.0,-75.35,202.0
1.0,-75.3,204.0
1.0,-75.25,220.0
1.0,-75.2,218.0
1.0,-75.15,219.0
1.0,-75.1,246.0
1.0,-75.05,268.0
1.0,-75.0,294.0
1.0,-74.95,249.0
1.0,-74.9,237.0
1.0,-74.85,272.0
1.0,-74.8,248.0
1.0,-74.75,231.0
1.0,-74.7,202.0
1.0,-74.65,210.0
1.0,-74.6,244.0
1.0,-74.55,215.0
1.0,-74.5,258.0
1.0,-74.45,264.0
1.0,-74.4,248.0
1.0,-74.35,238.0
1.0,-74.3,211.0
1.0,-74.25,220.0
1.0,-74.2,228.0
1.0,-74.15,246.0
1.0,-74.1,239.0
1.0,-74.05,217.0
1.0,-74.0,233.0
1.0,-73.95,249.0
1.0,-73.9,241.0
1.0,-73.85,237.0
1.0,-73.8,221.0
1.0,-73.75,224.0
1.0,-73.7,235.0
1.0,-73.65,242.0
1.0,-73.6,245.0
1.0,-73.55,227.0
1.0,-73.5,238.0
1.0,-73.45,249.0
1.0,-73.4,249.0
1.0,-73.35,238.0
1.0,-73.3,234.0
1.0,-73.25,223.0
1.0,-73.2,203.0
1.0,-73.15,239.0
1.0,-73.1,228.0
1.0,-73.05,241.0
1.0,-73.0,232.0
1.0,-72.95,234.0
1.0,-72.9,235.0
1.0,-72.85,232.0
1.0,-72.8,256.0
1.0,-72.75,539.0
1.0,-72.7,312.0
1.0,-72.65,240.0
1.0,-72.6,226.0
1.0,-72.55,246.0
1.0,-72.5,254.0
1.0,-72.45,211.0
1.0,-72.4,169.0
1.0,-72.35,222.0
1.0,-72.3,227.0
1.0,-72.25,255.0
1.0,-72.2,243.0
1.0,-72.15,234.0
1.0,-72.1,212.0
1.0,-72.05,213.0
1.0,-72.0,198.0
1.0,-71.95,211.0
1.0,-71.9,203.0
1.0,-71.85,222.0
1.0,-71.8,239.0
1.0,-71.75,228.0
1.0,-71.7,227.0
1.0,-71.65,228.0
1.0,-71.6,221.0
1.0,-71.55,220.0
1.0,-71.5,231.0
1.0,-71.45,227.0
1.0,-71.4,214.0
1.0,-71.35,206.0
1.0,-71.3,226.0
1.0,-71.25,219.0
1.0,-71.2,222.0
1.0,-71.15,195.0
1.0,-71.1,225.0
1.0,-71.05,222.0
1.0,-71.0,254.0
1.0,-70.95,323.0
1.0,-70.9,223.0
1.0,-70.85,219.0
1.0,-70.8,209.0
1.0,-70.75,207.0
1.0,-70.7,195.0
1.0,-70.65,194.0
1.0,-70.6,204.0
1.0,-70.55,212.0
1.0,-70.5,225.0
1.0,-70.45,216.0
1.0,-70.4,224.0
1.0,-70.35,211.0
1.0,-70.3,206.0
1.0,-70.25,220.0
1.0,-70.2,231.0
1.0,-70.15,221.0
1.0,-70.1,210.0
1.0,-70.05,189.0
1.0,-70.0,177.0
1.0,-69.95,183.0
1.0,-69.9,181.0
1.0,-69.85,185.0
1.0,-69.8,176.0
1.0,-69.75,176.0
1.0,-69.7,175.0
1.0,-69.65,187.0
1.0,-69.6,191.0
1.0,-69.55,172.0
1.0,-69.5,181.0
1.0,-69.45,176.0
1.0,-69.4,175.0
1.0,-69.35,158.0
1.0,-69.3,165.0
1.0,-69.25,155.0
1.0,-69.2,121.0
1.0,-69.15,154.0
1.0,-69.1,163.0
1.0,-69.05,158.0
1.0,-69.0,155.0
1.0,-68.95,156.0
1.0,-68.9,157.0
1.0,-68.85,142.0
1.0,-68.8,148.0
1.0,-68.75,130.0
1.0,-68.7,114.0
1.0,-68.65,141.0
1.0,-68.6,129.0
1.0,-68.55,130.0
1.0,-68.5,131.0
1.0,-68.45,124.0
1.0,-68.4,118.0
1.0,-68.35,113.0
1.0,-68.3,120.0
1.0,-68.25,122.0
1.0,-68.2,113.0
1.0,-68.15,116.0
1.0,-68.1,112.0
1.0,-68.05,87.0
1.0,-68.0,109.0
