lat,lon,elev_m
-19.0,-82.0,-4242.0
-19.0,-81.9,-4179.0
-19.0,-81.8,-4138.0
-19.0,-81.7,-4158.0
-19.0,-81.6,-4128.0
-19.0,-81.5,-4260.0
-19.0,-81.4,-4286.0
-19.0,-81.3,-4342.0
-19.0,-81.2,-4272.0
-19.0,-81.1,-4113.0
-19.0,-81.0,-4065.0
-19.0,-80.9,-3863.0
-19.0,-80.8,-3576.0
-19.0,-80.7,-3877.0
-19.0,-80.6,-3819.0
-19.0,-80.5,-3837.0
-19.0,-80.4,-3789.0
-19.0,-80.3,-3461.0
-19.0,-80.2,-3514.0
-19.0,-80.1,-3383.0
-19.0,-80.0,-3387.0
-19.0,-79.9,-3224.0
-19.0,-79.8,-3334.0
-19.0,-79.7,-3257.0
-19.0,-79.6,-3255.0
-19.0,-79.5,-3232.0
-19.0,-79.4,-3310.0
-19.0,-79.3,-3157.0
-19.0,-79.2,-3178.0
-19.0,-79.1,-3436.0
-19.0,-79.0,-3705.0
-19.0,-78.9,-3861.0
-19.0,-78.8,-3923.0
-19.0,-78.7,-4054.0
-19.0,-78.6,-4051.0
-19.0,-78.5,-4056.0
-19.0,-78.4,-4149.0
-19.0,-78.3,-4339.0
-19.0,-78.2,-4117.0
-19.0,-78.1,-4231.0
-19.0,-78.0,-4291.0
-19.0,-77.9,-4238.0
-19.0,-77.8,-4303.0
-19.0,-77.7,-4247.0
-19.0,-77.6,-4515.0
-19.0,-77.5,-4333.0
-19.0,-77.4,-4328.0
-19.0,-77.3,-4576.0
-19.0,-77.2,-4573.0
-19.0,-77.1,-4484.0
-19.0,-77.0,-4535.0
-19.0,-76.9,-4477.0
-19.0,-76.8,-4457.0
-19.0,-76.7,-4595.0
-19.0,-76.6,-4674.0
-19.0,-76.5,-4633.0
-19.0,-76.4,-4329.0
-19.0,-76.3,-4606.0
-19.0,-76.2,-4779.0
-19.0,-76.1,-4599.0
-19.0,-76.0,-4673.0
-19.0,-75.9,-4398.0
-19.0,-75.8,-4406.0
-19.0,-75.7,-4177.0
-19.0,-75.6,-4177.0
-19.0,-75.5,-4522.0
-19.0,-75.4,-4923.0
-19.0,-75.3,-4638.0
-19.0,-75.2,-4410.0
-19.0,-75.1,-4588.0
-19.0,-75.0,-4587.0
-19.0,-74.9,-4705.0
-19.0,-74.8,-4711.0
-19.0,-74.7,-4822.0
-19.0,-74.6,-4704.0
-19.0,-74.5,-4718.0
-19.0,-74.4,-4596.0
-19.0,-74.3,-4674.0
-19.0,-74.2,-4816.0
-19.0,-74.1,-4697.0
-19.0,-74.0,-4709.0
-19.0,-73.9,-4584.0
-19.0,-73.8,-4730.0
-19.0,-73.7,-4594.0
-19.0,-73.6,-4457.0
-19.0,-73.5,-4329.0
-19.0,-73.4,-4521.0
-19.0,-73.3,-4518.0
-19.0,-73.2,-4379.0
-19.0,-73.1,-4373.0
-19.0,-73.0,-4218.0
-19.0,-72.9,-4154.0
-19.0,-72.8,-4136.0
-19.0,-72.7,-4126.0
-19.0,-72.6,-4044.0
-19.0,-72.5,-4337.0
-19.0,-72.4,-4655.0
-19.0,-72.3,-5031.0
-19.0,-72.2,-5445.0
-19.0,-72.1,-6024.0
-19.0,-72.0,-6563.0
-19.0,-71.9,-6914.0
-19.0,-71.8,-6210.0
-19.0,-71.7,-5114.0
-19.0,-71.6,-4283.0
-19.0,-71.5,-3541.0
-19.0,-71.4,-3005.0
-19.0,-71.3,-2822.0
-19.0,-71.2,-2625.0
-19.0,-71.1,-2338.0
-19.0,-71.0,-1879.0
-19.0,-70.9,-1601.0
-19.0,-70.8,-1552.0
-19.0,-70.7,-1445.0
-19.0,-70.6,-1251.0
-19.0,-70.5,-995.0
-19.0,-70.4,-267.0
-19.0,-70.3,787.0
-19.0,-70.2,1037.0
-19.0,-70.1,1120.0
-19.0,-70.0,1361.0
-19.0,-69.9,911.0
-19.0,-69.8,1508.0
-19.0,-69.7,2084.0
-19.0,-69.6,2590.0
-19.0,-69.5,3244.0
-19.0,-69.4,3768.0
-19.0,-69.3,3847.0
-19.0,-69.2,4073.0
-19.0,-69.1,4818.0
-19.0,-69.0,4729.0
-19.0,-68.9,4304.0
-19.0,-68.8,4465.0
-19.0,-68.7,3947.0
-19.0,-68.6,4228.0
-19.0,-68.5,3753.0
-19.0,-68.4,4148.0
-19.0,-68.3,3693.0
-19.0,-68.2,3683.0
-19.0,-68.1,3680.0
-19.0,-68.0,3678.0
-18.75,-82.0,-4529.0
-18.75,-81.9,-4564.0
-18.75,-81.8,-4203.0
-18.75,-81.7,-4288.0
-18.75,-81.6,-4258.0
-18.75,-81.5,-4290.0
-18.75,-81.4,-4296.0
-18.75,-81.3,-4368.0
-18.75,-81.2,-4353.0
-18.75,-81.1,-4028.0
-18.75,-81.0,-4136.0
-18.75,-80.9,-4122.0
-18.75,-80.8,-4071.0
-18.75,-80.7,-4071.0
-18.75,-80.6,-3949.0
-18.75,-80.5,-3862.0
-18.75,-80.4,-3786.0
-18.75,-80.3,-3832.0
-18.75,-80.2,-3880.0
-18.75,-80.1,-3634.0
-18.75,-80.0,-3664.0
-18.75,-79.9,-3508.0
-18.75,-79.8,-3512.0
-18.75,-79.7,-3167.0
-18.75,-79.6,-3034.0
-18.75,-79.5,-3000.0
-18.75,-79.4,-3284.0
-18.75,-79.3,-2980.0
-18.75,-79.2,-2985.0
-18.75,-79.1,-3278.0
-18.75,-79.0,-3526.0
-18.75,-78.9,-3401.0
-18.75,-78.8,-3715.0
-18.75,-78.7,-3729.0
-18.75,-78.6,-3921.0
-18.75,-78.5,-4136.0
-18.75,-78.4,-4214.0
-18.75,-78.3,-3991.0
-18.75,-78.2,-4290.0
-18.75,-78.1,-4316.0
-18.75,-78.0,-4233.0
-18.75,-77.9,-4166.0
-18.75,-77.8,-4291.0
-18.75,-77.7,-4251.0
-18.75,-77.6,-4182.0
-18.75,-77.5,-4042.0
-18.75,-77.4,-4448.0
-18.75,-77.3,-4503.0
-18.75,-77.2,-4275.0
-18.75,-77.1,-4425.0
-18.75,-77.0,-4492.0
-18.75,-76.9,-4512.0
-18.75,-76.8,-4483.0
-18.75,-76.7,-4576.0
-18.75,-76.6,-4483.0
-18.75,-76.5,-4703.0
-18.75,-76.4,-4466.0
-18.75,-76.3,-4843.0
-18.75,-76.2,-4593.0
-18.75,-76.1,-4695.0
-18.75,-76.0,-4539.0
-18.75,-75.9,-4498.0
-18.75,-75.8,-4579.0
-18.75,-75.7,-4641.0
-18.75,-75.6,-4524.0
-18.75,-75.5,-4455.0
-18.75,-75.4,-4242.0
-18.75,-75.3,-4242.0
-18.75,-75.2,-4640.0
-18.75,-75.1,-5186.0
-18.75,-75.0,-4633.0
-18.75,-74.9,-4654.0
-18.75,-74.8,-4599.0
-18.75,-74.7,-4562.0
-18.75,-74.6,-4476.0
-18.75,-74.5,-4548.0
-18.75,-74.4,-4595.0
-18.75,-74.3,-4562.0
-18.75,-74.2,-4651.0
-18.75,-74.1,-4544.0
-18.75,-74.0,-4391.0
-18.75,-73.9,-4640.0
-18.75,-73.8,-4515.0
-18.75,-73.7,-4468.0
-18.75,-73.6,-4560.0
-18.75,-73.5,-4448.0
-18.75,-73.4,-4724.0
-18.75,-73.3,-4746.0
-18.75,-73.2,-4884.0
-18.75,-73.1,-4660.0
-18.75,-73.0,-4343.0
-18.75,-72.9,-4169.0
-18.75,-72.8,-4120.0
-18.75,-72.7,-4276.0
-18.75,-72.6,-4768.0
-18.75,-72.5,-5003.0
-18.75,-72.4,-5232.0
-18.75,-72.3,-6146.0
-18.75,-72.2,-6793.0
-18.75,-72.1,-6852.0
-18.75,-72.0,-5841.0
-18.75,-71.9,-4976.0
-18.75,-71.8,-4575.0
-18.75,-71.7,-3637.0
-18.75,-71.6,-3395.0
-18.75,-71.5,-3365.0
-18.75,-71.4,-2749.0
-18.75,-71.3,-1611.0
-18.75,-71.2,-1602.0
-18.75,-71.1,-1600.0
-18.75,-71.0,-1564.0
-18.75,-70.9,-1431.0
-18.75,-70.8,-1430.0
-18.75,-70.7,-1359.0
-18.75,-70.6,-1207.0
-18.75,-70.5,-612.0
-18.75,-70.4,-221.0
-18.75,-70.3,618.0
-18.75,-70.2,736.0
-18.75,-70.1,995.0
-18.75,-70.0,1309.0
-18.75,-69.9,1609.0
-18.75,-69.8,1921.0
-18.75,-69.7,2425.0
-18.75,-69.6,3159.0
-18.75,-69.5,3777.0
-18.75,-69.4,3999.0
-18.75,-69.3,4175.0
-18.75,-69.2,4465.0
-18.75,-69.1,4351.0
-18.75,-69.0,4924.0
-18.75,-68.9,4341.0
-18.75,-68.8,4111.0
-18.75,-68.7,4231.0
-18.75,-68.6,3817.0
-18.75,-68.5,3765.0
-18.75,-68.4,3748.0
-18.75,-68.3,3892.0
-18.75,-68.2,3722.0
-18.75,-68.1,3713.0
-18.75,-68.0,3735.0
-18.5,-82.0,-4405.0
-18.5,-81.9,-4520.0
-18.5,-81.8,-4401.0
-18.5,-81.7,-4596.0
-18.5,-81.6,-4560.0
-18.5,-81.5,-4416.0
-18.5,-81.4,-4370.0
-18.5,-81.3,-4382.0
-18.5,-81.2,-4526.0
-18.5,-81.1,-4534.0
-18.5,-81.0,-4487.0
-18.5,-80.9,-4203.0
-18.5,-80.8,-4253.0
-18.5,-80.7,-4186.0
-18.5,-80.6,-4275.0
-18.5,-80.5,-4170.0
-18.5,-80.4,-4109.0
-18.5,-80.3,-4140.0
-18.5,-80.2,-4042.0
-18.5,-80.1,-3819.0
-18.5,-80.0,-3532.0
-18.5,-79.9,-3642.0
-18.5,-79.8,-3308.0
-18.5,-79.7,-3133.0
-18.5,-79.6,-3108.0
-18.5,-79.5,-3101.0
-18.5,-79.4,-3065.0
-18.5,-79.3,-3043.0
-18.5,-79.2,-3161.0
-18.5,-79.1,-3083.0
-18.5,-79.0,-2551.0
-18.5,-78.9,-3200.0
-18.5,-78.8,-3592.0
-18.5,-78.7,-3696.0
-18.5,-78.6,-3758.0
-18.5,-78.5,-3967.0
-18.5,-78.4,-3978.0
-18.5,-78.3,-4185.0
-18.5,-78.2,-4124.0
-18.5,-78.1,-4239.0
-18.5,-78.0,-4102.0
-18.5,-77.9,-4159.0
-18.5,-77.8,-4204.0
-18.5,-77.7,-4357.0
-18.5,-77.6,-4365.0
-18.5,-77.5,-4226.0
-18.5,-77.4,-4422.0
-18.5,-77.3,-4338.0
-18.5,-77.2,-4434.0
-18.5,-77.1,-4365.0
-18.5,-77.0,-4295.0
-18.5,-76.9,-4364.0
-18.5,-76.8,-4668.0
-18.5,-76.7,-4275.0
-18.5,-76.6,-4399.0
-18.5,-76.5,-4385.0
-18.5,-76.4,-4625.0
-18.5,-76.3,-4752.0
-18.5,-76.2,-4677.0
-18.5,-76.1,-4644.0
-18.5,-76.0,-4835.0
-18.5,-75.9,-4796.0
-18.5,-75.8,-4734.0
-18.5,-75.7,-4572.0
-18.5,-75.6,-4477.0
-18.5,-75.5,-3914.0
-18.5,-75.4,-4414.0
-18.5,-75.3,-4792.0
-18.5,-75.2,-5031.0
-18.5,-75.1,-4541.0
-18.5,-75.0,-4380.0
-18.5,-74.9,-4453.0
-18.5,-74.8,-4606.0
-18.5,-74.7,-4392.0
-18.5,-74.6,-4420.0
-18.5,-74.5,-4213.0
-18.5,-74.4,-4329.0
-18.5,-74.3,-4329.0
-18.5,-74.2,-4362.0
-18.5,-74.1,-4513.0
-18.5,-74.0,-4346.0
-18.5,-73.9,-4150.0
-18.5,-73.8,-4384.0
-18.5,-73.7,-4468.0
-18.5,-73.6,-4382.0
-18.5,-73.5,-4745.0
-18.5,-73.4,-4720.0
-18.5,-73.3,-4558.0
-18.5,-73.2,-4401.0
-18.5,-73.1,-4084.0
-18.5,-73.0,-4246.0
-18.5,-72.9,-4601.0
-18.5,-72.8,-5002.0
-18.5,-72.7,-5287.0
-18.5,-72.6,-5520.0
-18.5,-72.5,-5963.0
-18.5,-72.4,-6321.0
-18.5,-72.3,-6796.0
-18.5,-72.2,-5868.0
-18.5,-72.1,-4928.0
-18.5,-72.0,-4222.0
-18.5,-71.9,-3907.0
-18.5,-71.8,-3632.0
-18.5,-71.7,-2813.0
-18.5,-71.6,-2532.0
-18.5,-71.5,-2554.0
-18.5,-71.4,-1777.0
-18.5,-71.3,-1537.0
-18.5,-71.2,-1071.0
-18.5,-71.1,-1197.0
-18.5,-71.0,-1337.0
-18.5,-70.9,-1266.0
-18.5,-70.8,-1121.0
-18.5,-70.7,-934.0
-18.5,-70.6,-701.0
-18.5,-70.5,-374.0
-18.5,-70.4,-98.0
-18.5,-70.3,103.0
-18.5,-70.2,411.0
-18.5,-70.1,959.0
-18.5,-70.0,1379.0
-18.5,-69.9,1891.0
-18.5,-69.8,2686.0
-18.5,-69.7,2227.0
-18.5,-69.6,3142.0
-18.5,-69.5,3494.0
-18.5,-69.4,4621.0
-18.5,-69.3,4301.0
-18.5,-69.2,4260.0
-18.5,-69.1,4398.0
-18.5,-69.0,4542.0
-18.5,-68.9,3904.0
-18.5,-68.8,3850.0
-18.5,-68.7,3838.0
-18.5,-68.6,3803.0
-18.5,-68.5,3788.0
-18.5,-68.4,3766.0
-18.5,-68.3,3754.0
-18.5,-68.2,3766.0
-18.5,-68.1,3797.0
-18.5,-68.0,3774.0
-18.25,-82.0,-4615.0
-18.25,-81.9,-4519.0
-18.25,-81.8,-4410.0
-18.25,-81.7,-4613.0
-18.25,-81.6,-4507.0
-18.25,-81.5,-4597.0
-18.25,-81.4,-4660.0
-18.25,-81.3,-4524.0
-18.25,-81.2,-4552.0
-18.25,-81.1,-4353.0
-18.25,-81.0,-4475.0
-18.25,-80.9,-4465.0
-18.25,-80.8,-4422.0
-18.25,-80.7,-4460.0
-18.25,-80.6,-4273.0
-18.25,-80.5,-4340.0
-18.25,-80.4,-4230.0
-18.25,-80.3,-4262.0
-18.25,-80.2,-4082.0
-18.25,-80.1,-3830.0
-18.25,-80.0,-3821.0
-18.25,-79.9,-3639.0
-18.25,-79.8,-3500.0
-18.25,-79.7,-3575.0
-18.25,-79.6,-3049.0
-18.25,-79.5,-2918.0
-18.25,-79.4,-3161.0
-18.25,-79.3,-3122.0
-18.25,-79.2,-3130.0
-18.25,-79.1,-3103.0
-18.25,-79.0,-3209.0
-18.25,-78.9,-3170.0
-18.25,-78.8,-3420.0
-18.25,-78.7,-3445.0
-18.25,-78.6,-3630.0
-18.25,-78.5,-3078.0
-18.25,-78.4,-3436.0
-18.25,-78.3,-4188.0
-18.25,-78.2,-4519.0
-18.25,-78.1,-4226.0
-18.25,-78.0,-4275.0
-18.25,-77.9,-3941.0
-18.25,-77.8,-3977.0
-18.25,-77.7,-4045.0
-18.25,-77.6,-4023.0
-18.25,-77.5,-4305.0
-18.25,-77.4,-4313.0
-18.25,-77.3,-4240.0
-18.25,-77.2,-4357.0
-18.25,-77.1,-4269.0
-18.25,-77.0,-4393.0
-18.25,-76.9,-4437.0
-18.25,-76.8,-4450.0
-18.25,-76.7,-4247.0
-18.25,-76.6,-4392.0
-18.25,-76.5,-4400.0
-18.25,-76.4,-4667.0
-18.25,-76.3,-4588.0
-18.25,-76.2,-4581.0
-18.25,-76.1,-4593.0
-18.25,-76.0,-4618.0
-18.25,-75.9,-4522.0
-18.25,-75.8,-4706.0
-18.25,-75.7,-4759.0
-18.25,-75.6,-4945.0
-18.25,-75.5,-5028.0
-18.25,-75.4,-4651.0
-18.25,-75.3,-4671.0
-18.25,-75.2,-4444.0
-18.25,-75.1,-4374.0
-18.25,-75.0,-4421.0
-18.25,-74.9,-4354.0
-18.25,-74.8,-4228.0
-18.25,-74.7,-4317.0
-18.25,-74.6,-4959.0
-18.25,-74.5,-4814.0
-18.25,-74.4,-4778.0
-18.25,-74.3,-4331.0
-18.25,-74.2,-3928.0
-18.25,-74.1,-4022.0
-18.25,-74.0,-4266.0
-18.25,-73.9,-4338.0
-18.25,-73.8,-4247.0
-18.25,-73.7,-4690.0
-18.25,-73.6,-4106.0
-18.25,-73.5,-4331.0
-18.25,-73.4,-4178.0
-18.25,-73.3,-4086.0
-18.25,-73.2,-4440.0
-18.25,-73.1,-4996.0
-18.25,-73.0,-5138.0
-18.25,-72.9,-5728.0
-18.25,-72.8,-6082.0
-18.25,-72.7,-6451.0
-18.25,-72.6,-6831.0
-18.25,-72.5,-6917.0
-18.25,-72.4,-5937.0
-18.25,-72.3,-4456.0
-18.25,-72.2,-4068.0
-18.25,-72.1,-3836.0
-18.25,-72.0,-2813.0
-18.25,-71.9,-2311.0
-18.25,-71.8,-1770.0
-18.25,-71.7,-1272.0
-18.25,-71.6,-1544.0
-18.25,-71.5,-1495.0
-18.25,-71.4,-1187.0
-18.25,-71.3,-809.0
-18.25,-71.2,-514.0
-18.25,-71.1,-680.0
-18.25,-71.0,-748.0
-18.25,-70.9,-619.0
-18.25,-70.8,-390.0
-18.25,-70.7,-133.0
-18.25,-70.6,-49.0
-18.25,-70.5,17.0
-18.25,-70.4,71.0
-18.25,-70.3,199.0
-18.25,-70.2,407.0
-18.25,-70.1,968.0
-18.25,-70.0,1288.0
-18.25,-69.9,2234.0
-18.25,-69.8,3238.0
-18.25,-69.7,3445.0
-18.25,-69.6,3134.0
-18.25,-69.5,4353.0
-18.25,-69.4,4503.0
-18.25,-69.3,4507.0
-18.25,-69.2,4857.0
-18.25,-69.1,4761.0
-18.25,-69.0,4294.0
-18.25,-68.9,4138.0
-18.25,-68.8,4368.0
-18.25,-68.7,3877.0
-18.25,-68.6,4142.0
-18.25,-68.5,4725.0
-18.25,-68.4,4107.0
-18.25,-68.3,3901.0
-18.25,-68.2,3816.0
-18.25,-68.1,3834.0
-18.25,-68.0,3861.0
-18.0,-82.0,-4541.0
-18.0,-81.9,-4465.0
-18.0,-81.8,-4522.0
-18.0,-81.7,-4517.0
-18.0,-81.6,-4493.0
-18.0,-81.5,-4550.0
-18.0,-81.4,-4522.0
-18.0,-81.3,-4552.0
-18.0,-81.2,-4415.0
-18.0,-81.1,-4503.0
-18.0,-81.0,-4483.0
-18.0,-80.9,-4404.0
-18.0,-80.8,-4367.0
-18.0,-80.7,-4363.0
-18.0,-80.6,-4399.0
-18.0,-80.5,-4439.0
-18.0,-80.4,-4411.0
-18.0,-80.3,-4264.0
-18.0,-80.2,-4146.0
-18.0,-80.1,-4001.0
-18.0,-80.0,-3753.0
-18.0,-79.9,-3650.0
-18.0,-79.8,-3425.0
-18.0,-79.7,-3420.0
-18.0,-79.6,-3321.0
-18.0,-79.5,-3205.0
-18.0,-79.4,-3120.0
-18.0,-79.3,-2977.0
-18.0,-79.2,-2876.0
-18.0,-79.1,-2977.0
-18.0,-79.0,-2887.0
-18.0,-78.9,-2674.0
-18.0,-78.8,-2749.0
-18.0,-78.7,-3021.0
-18.0,-78.6,-3345.0
-18.0,-78.5,-3503.0
-18.0,-78.4,-3511.0
-18.0,-78.3,-2894.0
-18.0,-78.2,-3024.0
-18.0,-78.1,-3789.0
-18.0,-78.0,-4082.0
-18.0,-77.9,-4174.0
-18.0,-77.8,-4146.0
-18.0,-77.7,-4225.0
-18.0,-77.6,-4153.0
-18.0,-77.5,-4237.0
-18.0,-77.4,-4197.0
-18.0,-77.3,-4165.0
-18.0,-77.2,-4187.0
-18.0,-77.1,-4187.0
-18.0,-77.0,-4144.0
-18.0,-76.9,-4423.0
-18.0,-76.8,-4159.0
-18.0,-76.7,-4156.0
-18.0,-76.6,-4355.0
-18.0,-76.5,-4381.0
-18.0,-76.4,-4489.0
-18.0,-76.3,-4358.0
-18.0,-76.2,-4347.0
-18.0,-76.1,-4383.0
-18.0,-76.0,-4496.0
-18.0,-75.9,-4530.0
-18.0,-75.8,-4627.0
-18.0,-75.7,-4389.0
-18.0,-75.6,-4557.0
-18.0,-75.5,-4723.0
-18.0,-75.4,-4501.0
-18.0,-75.3,-4419.0
-18.0,-75.2,-4387.0
-18.0,-75.1,-4426.0
-18.0,-75.0,-4142.0
-18.0,-74.9,-3987.0
-18.0,-74.8,-4503.0
-18.0,-74.7,-4344.0
-18.0,-74.6,-4242.0
-18.0,-74.5,-4214.0
-18.0,-74.4,-4180.0
-18.0,-74.3,-4163.0
-18.0,-74.2,-4734.0
-18.0,-74.1,-4712.0
-18.0,-74.0,-4130.0
-18.0,-73.9,-4147.0
-18.0,-73.8,-3885.0
-18.0,-73.7,-4213.0
-18.0,-73.6,-4440.0
-18.0,-73.5,-4555.0
-18.0,-73.4,-4765.0
-18.0,-73.3,-5271.0
-18.0,-73.2,-5483.0
-18.0,-73.1,-6081.0
-18.0,-73.0,-6318.0
-18.0,-72.9,-6892.0
-18.0,-72.8,-6474.0
-18.0,-72.7,-5716.0
-18.0,-72.6,-5061.0
-18.0,-72.5,-4350.0
-18.0,-72.4,-3663.0
-18.0,-72.3,-3475.0
-18.0,-72.2,-3503.0
-18.0,-72.1,-3132.0
-18.0,-72.0,-2480.0
-18.0,-71.9,-1752.0
-18.0,-71.8,-1087.0
-18.0,-71.7,-1078.0
-18.0,-71.6,-1108.0
-18.0,-71.5,-1049.0
-18.0,-71.4,-980.0
-18.0,-71.3,-872.0
-18.0,-71.2,-546.0
-18.0,-71.1,-247.0
-18.0,-71.0,-178.0
-18.0,-70.9,-13.0
-18.0,-70.8,510.0
-18.0,-70.7,246.0
-18.0,-70.6,232.0
-18.0,-70.5,325.0
-18.0,-70.4,552.0
-18.0,-70.3,760.0
-18.0,-70.2,710.0
-18.0,-70.1,1182.0
-18.0,-70.0,2068.0
-18.0,-69.9,3278.0
-18.0,-69.8,4088.0
-18.0,-69.7,4058.0
-18.0,-69.6,3837.0
-18.0,-69.5,4124.0
-18.0,-69.4,4390.0
-18.0,-69.3,4413.0
-18.0,-69.2,4468.0
-18.0,-69.1,5065.0
-18.0,-69.0,5101.0
-18.0,-68.9,4548.0
-18.0,-68.8,4214.0
-18.0,-68.7,4071.0
-18.0,-68.6,4036.0
-18.0,-68.5,4243.0
-18.0,-68.4,4179.0
-18.0,-68.3,4129.0
-18.0,-68.2,4275.0
-18.0,-68.1,3996.0
-18.0,-68.0,3940.0
-17.75,-82.0,-4494.0
-17.75,-81.9,-4484.0
-17.75,-81.8,-4443.0
-17.75,-81.7,-4528.0
-17.75,-81.6,-4609.0
-17.75,-81.5,-4424.0
-17.75,-81.4,-4323.0
-17.75,-81.3,-4239.0
-17.75,-81.2,-4242.0
-17.75,-81.1,-4405.0
-17.75,-81.0,-4402.0
-17.75,-80.9,-4433.0
-17.75,-80.8,-4583.0
-17.75,-80.7,-4598.0
-17.75,-80.6,-4569.0
-17.75,-80.5,-4255.0
-17.75,-80.4,-4104.0
-17.75,-80.3,-4105.0
-17.75,-80.2,-3791.0
-17.75,-80.1,-3843.0
-17.75,-80.0,-3684.0
-17.75,-79.9,-3802.0
-17.75,-79.8,-3644.0
-17.75,-79.7,-3390.0
-17.75,-79.6,-3380.0
-17.75,-79.5,-3211.0
-17.75,-79.4,-3135.0
-17.75,-79.3,-3148.0
-17.75,-79.2,-2996.0
-17.75,-79.1,-3135.0
-17.75,-79.0,-2822.0
-17.75,-78.9,-3079.0
-17.75,-78.8,-2973.0
-17.75,-78.7,-2866.0
-17.75,-78.6,-3111.0
-17.75,-78.5,-3098.0
-17.75,-78.4,-3218.0
-17.75,-78.3,-3441.0
-17.75,-78.2,-3413.0
-17.75,-78.1,-3498.0
-17.75,-78.0,-3708.0
-17.75,-77.9,-3876.0
-17.75,-77.8,-3870.0
-17.75,-77.7,-4045.0
-17.75,-77.6,-4053.0
-17.75,-77.5,-3896.0
-17.75,-77.4,-3936.0
-17.75,-77.3,-3890.0
-17.75,-77.2,-4001.0
-17.75,-77.1,-4039.0
-17.75,-77.0,-4084.0
-17.75,-76.9,-4217.0
-17.75,-76.8,-4333.0
-17.75,-76.7,-4266.0
-17.75,-76.6,-4188.0
-17.75,-76.5,-4533.0
-17.75,-76.4,-4584.0
-17.75,-76.3,-4312.0
-17.75,-76.2,-4317.0
-17.75,-76.1,-4606.0
-17.75,-76.0,-4387.0
-17.75,-75.9,-4197.0
-17.75,-75.8,-4491.0
-17.75,-75.7,-4341.0
-17.75,-75.6,-4291.0
-17.75,-75.5,-4414.0
-17.75,-75.4,-4263.0
-17.75,-75.3,-4294.0
-17.75,-75.2,-4142.0
-17.75,-75.1,-4269.0
-17.75,-75.0,-4365.0
-17.75,-74.9,-4394.0
-17.75,-74.8,-4727.0
-17.75,-74.7,-4504.0
-17.75,-74.6,-4502.0
-17.75,-74.5,-4536.0
-17.75,-74.4,-4488.0
-17.75,-74.3,-4305.0
-17.75,-74.2,-4465.0
-17.75,-74.1,-4408.0
-17.75,-74.0,-4663.0
-17.75,-73.9,-4859.0
-17.75,-73.8,-4852.0
-17.75,-73.7,-4803.0
-17.75,-73.6,-5039.0
-17.75,-73.5,-5321.0
-17.75,-73.4,-5947.0
-17.75,-73.3,-6692.0
-17.75,-73.2,-6877.0
-17.75,-73.1,-6671.0
-17.75,-73.0,-5666.0
-17.75,-72.9,-4786.0
-17.75,-72.8,-4225.0
-17.75,-72.7,-3951.0
-17.75,-72.6,-3440.0
-17.75,-72.5,-3219.0
-17.75,-72.4,-2518.0
-17.75,-72.3,-1965.0
-17.75,-72.2,-1914.0
-17.75,-72.1,-2072.0
-17.75,-72.0,-1616.0
-17.75,-71.9,-1005.0
-17.75,-71.8,-833.0
-17.75,-71.7,-732.0
-17.75,-71.6,-742.0
-17.75,-71.5,-564.0
-17.75,-71.4,-232.0
-17.75,-71.3,-29.0
-17.75,-71.2,164.0
-17.75,-71.1,1083.0
-17.75,-71.0,543.0
-17.75,-70.9,367.0
-17.75,-70.8,747.0
-17.75,-70.7,692.0
-17.75,-70.6,850.0
-17.75,-70.5,924.0
-17.75,-70.4,950.0
-17.75,-70.3,1339.0
-17.75,-70.2,1840.0
-17.75,-70.1,2389.0
-17.75,-70.0,2903.0
-17.75,-69.9,3774.0
-17.75,-69.8,4460.0
-17.75,-69.7,4132.0
-17.75,-69.6,4765.0
-17.75,-69.5,4710.0
-17.75,-69.4,4172.0
-17.75,-69.3,4128.0
-17.75,-69.2,4243.0
-17.75,-69.1,4396.0
-17.75,-69.0,4308.0
-17.75,-68.9,4117.0
-17.75,-68.8,4076.0
-17.75,-68.7,4113.0
-17.75,-68.6,4073.0
-17.75,-68.5,3982.0
-17.75,-68.4,3882.0
-17.75,-68.3,3915.0
-17.75,-68.2,4039.0
-17.75,-68.1,4088.0
-17.75,-68.0,3860.0
-17.5,-82.0,-4570.0
-17.5,-81.9,-4638.0
-17.5,-81.8,-4506.0
-17.5,-81.7,-4507.0
-17.5,-81.6,-4523.0
-17.5,-81.5,-4507.0
-17.5,-81.4,-4478.0
-17.5,-81.3,-4480.0
-17.5,-81.2,-4264.0
-17.5,-81.1,-4525.0
-17.5,-81.0,-4574.0
-17.5,-80.9,-4511.0
-17.5,-80.8,-4451.0
-17.5,-80.7,-4443.0
-17.5,-80.6,-4332.0
-17.5,-80.5,-4363.0
-17.5,-80.4,-4253.0
-17.5,-80.3,-4239.0
-17.5,-80.2,-4242.0
-17.5,-80.1,-4107.0
-17.5,-80.0,-3967.0
-17.5,-79.9,-4165.0
-17.5,-79.8,-3786.0
-17.5,-79.7,-3787.0
-17.5,-79.6,-3809.0
-17.5,-79.5,-3565.0
-17.5,-79.4,-3301.0
-17.5,-79.3,-3126.0
-17.5,-79.2,-3037.0
-17.5,-79.1,-2822.0
-17.5,-79.0,-3456.0
-17.5,-78.9,-3295.0
-17.5,-78.8,-3289.0
-17.5,-78.7,-3043.0
-17.5,-78.6,-3089.0
-17.5,-78.5,-2928.0
-17.5,-78.4,-2951.0
-17.5,-78.3,-3050.0
-17.5,-78.2,-2911.0
-17.5,-78.1,-3369.0
-17.5,-78.0,-3439.0
-17.5,-77.9,-3281.0
-17.5,-77.8,-3530.0
-17.5,-77.7,-3543.0
-17.5,-77.6,-3694.0
-17.5,-77.5,-3601.0
-17.5,-77.4,-3691.0
-17.5,-77.3,-3773.0
-17.5,-77.2,-3777.0
-17.5,-77.1,-3929.0
-17.5,-77.0,-3961.0
-17.5,-76.9,-4287.0
-17.5,-76.8,-4306.0
-17.5,-76.7,-4051.0
-17.5,-76.6,-4260.0
-17.5,-76.5,-4371.0
-17.5,-76.4,-4351.0
-17.5,-76.3,-4310.0
-17.5,-76.2,-4370.0
-17.5,-76.1,-4273.0
-17.5,-76.0,-4242.0
-17.5,-75.9,-4288.0
-17.5,-75.8,-4258.0
-17.5,-75.7,-4449.0
-17.5,-75.6,-4291.0
-17.5,-75.5,-4378.0
-17.5,-75.4,-4472.0
-17.5,-75.3,-4167.0
-17.5,-75.2,-4331.0
-17.5,-75.1,-4448.0
-17.5,-75.0,-4469.0
-17.5,-74.9,-4396.0
-17.5,-74.8,-4588.0
-17.5,-74.7,-4553.0
-17.5,-74.6,-4621.0
-17.5,-74.5,-4613.0
-17.5,-74.4,-4753.0
-17.5,-74.3,-4538.0
-17.5,-74.2,-4922.0
-17.5,-74.1,-5046.0
-17.5,-74.0,-5105.0
-17.5,-73.9,-5299.0
-17.5,-73.8,-5758.0
-17.5,-73.7,-6303.0
-17.5,-73.6,-6801.0
-17.5,-73.5,-6879.0
-17.5,-73.4,-6507.0
-17.5,-73.3,-5587.0
-17.5,-73.2,-5225.0
-17.5,-73.1,-4439.0
-17.5,-73.0,-3803.0
-17.5,-72.9,-3193.0
-17.5,-72.8,-2773.0
-17.5,-72.7,-3175.0
-17.5,-72.6,-1634.0
-17.5,-72.5,-1325.0
-17.5,-72.4,-1270.0
-17.5,-72.3,-1471.0
-17.5,-72.2,-1383.0
-17.5,-72.1,-1143.0
-17.5,-72.0,-880.0
-17.5,-71.9,-645.0
-17.5,-71.8,-523.0
-17.5,-71.7,-423.0
-17.5,-71.6,-488.0
-17.5,-71.5,-255.0
-17.5,-71.4,-20.0
-17.5,-71.3,1136.0
-17.5,-71.2,1112.0
-17.5,-71.1,1063.0
-17.5,-71.0,1114.0
-17.5,-70.9,891.0
-17.5,-70.8,1018.0
-17.5,-70.7,1015.0
-17.5,-70.6,1295.0
-17.5,-70.5,1757.0
-17.5,-70.4,2169.0
-17.5,-70.3,1965.0
-17.5,-70.2,2157.0
-17.5,-70.1,2578.0
-17.5,-70.0,3847.0
-17.5,-69.9,4834.0
-17.5,-69.8,4764.0
-17.5,-69.7,5009.0
-17.5,-69.6,4316.0
-17.5,-69.5,4142.0
-17.5,-69.4,4054.0
-17.5,-69.3,4012.0
-17.5,-69.2,4046.0
-17.5,-69.1,4043.0
-17.5,-69.0,4010.0
-17.5,-68.9,4013.0
-17.5,-68.8,3998.0
-17.5,-68.7,3944.0
-17.5,-68.6,3874.0
-17.5,-68.5,3834.0
-17.5,-68.4,3841.0
-17.5,-68.3,3796.0
-17.5,-68.2,3789.0
-17.5,-68.1,3786.0
-17.5,-68.0,3774.0
-17.25,-82.0,-4548.0
-17.25,-81.9,-4501.0
-17.25,-81.8,-4510.0
-17.25,-81.7,-4479.0
-17.25,-81.6,-4409.0
-17.25,-81.5,-4480.0
-17.25,-81.4,-4531.0
-17.25,-81.3,-4603.0
-17.25,-81.2,-4653.0
-17.25,-81.1,-4561.0
-17.25,-81.0,-4540.0
-17.25,-80.9,-4595.0
-17.25,-80.8,-4513.0
-17.25,-80.7,-4453.0
-17.25,-80.6,-4535.0
-17.25,-80.5,-4688.0
-17.25,-80.4,-4508.0
-17.25,-80.3,-4589.0
-17.25,-80.2,-4398.0
-17.25,-80.1,-4397.0
-17.25,-80.0,-4358.0
-17.25,-79.9,-4249.0
-17.25,-79.8,-3957.0
-17.25,-79.7,-4041.0
-17.25,-79.6,-3802.0
-17.25,-79.5,-3725.0
-17.25,-79.4,-3468.0
-17.25,-79.3,-3380.0
-17.25,-79.2,-3380.0
-17.25,-79.1,-3504.0
-17.25,-79.0,-3556.0
-17.25,-78.9,-3438.0
-17.25,-78.8,-3658.0
-17.25,-78.7,-3369.0
-17.25,-78.6,-3159.0
-17.25,-78.5,-2987.0
-17.25,-78.4,-2892.0
-17.25,-78.3,-2870.0
-17.25,-78.2,-2516.0
-17.25,-78.1,-3118.0
-17.25,-78.0,-3120.0
-17.25,-77.9,-2882.0
-17.25,-77.8,-3191.0
-17.25,-77.7,-3161.0
-17.25,-77.6,-3267.0
-17.25,-77.5,-3321.0
-17.25,-77.4,-3435.0
-17.25,-77.3,-3606.0
-17.25,-77.2,-3495.0
-17.25,-77.1,-3722.0
-17.25,-77.0,-3935.0
-17.25,-76.9,-3886.0
-17.25,-76.8,-3715.0
-17.25,-76.7,-3893.0
-17.25,-76.6,-4171.0
-17.25,-76.5,-4120.0
-17.25,-76.4,-3961.0
-17.25,-76.3,-4257.0
-17.25,-76.2,-4196.0
-17.25,-76.1,-4182.0
-17.25,-76.0,-4223.0
-17.25,-75.9,-3742.0
-17.25,-75.8,-3985.0
-17.25,-75.7,-4072.0
-17.25,-75.6,-4075.0
-17.25,-75.5,-4223.0
-17.25,-75.4,-4164.0
-17.25,-75.3,-4349.0
-17.25,-75.2,-4413.0
-17.25,-75.1,-4466.0
-17.25,-75.0,-4502.0
-17.25,-74.9,-4599.0
-17.25,-74.8,-4653.0
-17.25,-74.7,-4636.0
-17.25,-74.6,-4746.0
-17.25,-74.5,-4764.0
-17.25,-74.4,-5105.0
-17.25,-74.3,-5385.0
-17.25,-74.2,-5631.0
-17.25,-74.1,-6091.0
-17.25,-74.0,-6683.0
-17.25,-73.9,-6744.0
-17.25,-73.8,-7072.0
-17.25,-73.7,-6230.0
-17.25,-73.6,-5726.0
-17.25,-73.5,-5198.0
-17.25,-73.4,-4652.0
-17.25,-73.3,-4281.0
-17.25,-73.2,-4076.0
-17.25,-73.1,-3545.0
-17.25,-73.0,-2965.0
-17.25,-72.9,-2474.0
-17.25,-72.8,-1815.0
-17.25,-72.7,-1547.0
-17.25,-72.6,-1637.0
-17.25,-72.5,-1605.0
-17.25,-72.4,-1344.0
-17.25,-72.3,-1100.0
-17.25,-72.2,-980.0
-17.25,-72.1,-690.0
-17.25,-72.0,-358.0
-17.25,-71.9,-114.0
-17.25,-71.8,-84.0
-17.25,-71.7,-36.0
-17.25,-71.6,1.0
-17.25,-71.5,287.0
-17.25,-71.4,1081.0
-17.25,-71.3,1257.0
-17.25,-71.2,1414.0
-17.25,-71.1,1227.0
-17.25,-71.0,1316.0
-17.25,-70.9,1886.0
-17.25,-70.8,2261.0
-17.25,-70.7,2861.0
-17.25,-70.6,3463.0
-17.25,-70.5,3699.0
-17.25,-70.4,3824.0
-17.25,-70.3,3881.0
-17.25,-70.2,3555.0
-17.25,-70.1,4249.0
-17.25,-70.0,4636.0
-17.25,-69.9,4466.0
-17.25,-69.8,4289.0
-17.25,-69.7,4505.0
-17.25,-69.6,4207.0
-17.25,-69.5,4205.0
-17.25,-69.4,4684.0
-17.25,-69.3,4032.0
-17.25,-69.2,4044.0
-17.25,-69.1,4078.0
-17.25,-69.0,4033.0
-17.25,-68.9,3892.0
-17.25,-68.8,3886.0
-17.25,-68.7,3884.0
-17.25,-68.6,3830.0
-17.25,-68.5,3914.0
-17.25,-68.4,4018.0
-17.25,-68.3,4481.0
-17.25,-68.2,4392.0
-17.25,-68.1,3996.0
-17.25,-68.0,3833.0
-17.0,-82.0,-4534.0
-17.0,-81.9,-4475.0
-17.0,-81.8,-4438.0
-17.0,-81.7,-4436.0
-17.0,-81.6,-4563.0
-17.0,-81.5,-4834.0
-17.0,-81.4,-4650.0
-17.0,-81.3,-4582.0
-17.0,-81.2,-4526.0
-17.0,-81.1,-4463.0
-17.0,-81.0,-4443.0
-17.0,-80.9,-4556.0
-17.0,-80.8,-4549.0
-17.0,-80.7,-4435.0
-17.0,-80.6,-4800.0
-17.0,-80.5,-4625.0
-17.0,-80.4,-4441.0
-17.0,-80.3,-4628.0
-17.0,-80.2,-4552.0
-17.0,-80.1,-4521.0
-17.0,-80.0,-4335.0
-17.0,-79.9,-4226.0
-17.0,-79.8,-4248.0
-17.0,-79.7,-3842.0
-17.0,-79.6,-4018.0
-17.0,-79.5,-4038.0
-17.0,-79.4,-4264.0
-17.0,-79.3,-4201.0
-17.0,-79.2,-3680.0
-17.0,-79.1,-4189.0
-17.0,-79.0,-4021.0
-17.0,-78.9,-3983.0
-17.0,-78.8,-3917.0
-17.0,-78.7,-3631.0
-17.0,-78.6,-3407.0
-17.0,-78.5,-3215.0
-17.0,-78.4,-3088.0
-17.0,-78.3,-2922.0
-17.0,-78.2,-2938.0
-17.0,-78.1,-2934.0
-17.0,-78.0,-2853.0
-17.0,-77.9,-2946.0
-17.0,-77.8,-3062.0
-17.0,-77.7,-3011.0
-17.0,-77.6,-3028.0
-17.0,-77.5,-3131.0
-17.0,-77.4,-3272.0
-17.0,-77.3,-3163.0
-17.0,-77.2,-3259.0
-17.0,-77.1,-3478.0
-17.0,-77.0,-3456.0
-17.0,-76.9,-3372.0
-17.0,-76.8,-3286.0
-17.0,-76.7,-3662.0
-17.0,-76.6,-3903.0
-17.0,-76.5,-3957.0
-17.0,-76.4,-3963.0
-17.0,-76.3,-3977.0
-17.0,-76.2,-4068.0
-17.0,-76.1,-4093.0
-17.0,-76.0,-4178.0
-17.0,-75.9,-4423.0
-17.0,-75.8,-4452.0
-17.0,-75.7,-4272.0
-17.0,-75.6,-4183.0
-17.0,-75.5,-4008.0
-17.0,-75.4,-4533.0
-17.0,-75.3,-4375.0
-17.0,-75.2,-4466.0
-17.0,-75.1,-4506.0
-17.0,-75.0,-4620.0
-17.0,-74.9,-4732.0
-17.0,-74.8,-4864.0
-17.0,-74.7,-5080.0
-17.0,-74.6,-5211.0
-17.0,-74.5,-5568.0
-17.0,-74.4,-5855.0
-17.0,-74.3,-6784.0
-17.0,-74.2,-7238.0
-17.0,-74.1,-7099.0
-17.0,-74.0,-6066.0
-17.0,-73.9,-5532.0
-17.0,-73.8,-4988.0
-17.0,-73.7,-4346.0
-17.0,-73.6,-3778.0
-17.0,-73.5,-3750.0
-17.0,-73.4,-3517.0
-17.0,-73.3,-3179.0
-17.0,-73.2,-3111.0
-17.0,-73.1,-2847.0
-17.0,-73.0,-2130.0
-17.0,-72.9,-1588.0
-17.0,-72.8,-905.0
-17.0,-72.7,-767.0
-17.0,-72.6,-824.0
-17.0,-72.5,-1248.0
-17.0,-72.4,-1069.0
-17.0,-72.3,-791.0
-17.0,-72.2,-437.0
-17.0,-72.1,77.0
-17.0,-72.0,305.0
-17.0,-71.9,621.0
-17.0,-71.8,926.0
-17.0,-71.7,569.0
-17.0,-71.6,359.0
-17.0,-71.5,1115.0
-17.0,-71.4,1066.0
-17.0,-71.3,1770.0
-17.0,-71.2,2080.0
-17.0,-71.1,2259.0
-17.0,-71.0,2569.0
-17.0,-70.9,3171.0
-17.0,-70.8,3412.0
-17.0,-70.7,3889.0
-17.0,-70.6,4342.0
-17.0,-70.5,5049.0
-17.0,-70.4,4846.0
-17.0,-70.3,4592.0
-17.0,-70.2,4668.0
-17.0,-70.1,5258.0
-17.0,-70.0,4560.0
-17.0,-69.9,4517.0
-17.0,-69.8,4844.0
-17.0,-69.7,4144.0
-17.0,-69.6,4239.0
-17.0,-69.5,4500.0
-17.0,-69.4,4172.0
-17.0,-69.3,3952.0
-17.0,-69.2,3869.0
-17.0,-69.1,3860.0
-17.0,-69.0,3935.0
-17.0,-68.9,3873.0
-17.0,-68.8,3834.0
-17.0,-68.7,3863.0
-17.0,-68.6,3949.0
-17.0,-68.5,4215.0
-17.0,-68.4,4167.0
-17.0,-68.3,4466.0
-17.0,-68.2,4022.0
-17.0,-68.1,3958.0
-17.0,-68.0,4200.0
-16.75,-82.0,-4506.0
-16.75,-81.9,-4592.0
-16.75,-81.8,-4638.0
-16.75,-81.7,-4654.0
-16.75,-81.6,-4596.0
-16.75,-81.5,-4559.0
-16.75,-81.4,-4582.0
-16.75,-81.3,-4474.0
-16.75,-81.2,-4557.0
-16.75,-81.1,-4442.0
-16.75,-81.0,-4570.0
-16.75,-80.9,-4538.0
-16.75,-80.8,-4594.0
-16.75,-80.7,-4481.0
-16.75,-80.6,-4441.0
-16.75,-80.5,-4555.0
-16.75,-80.4,-4604.0
-16.75,-80.3,-4632.0
-16.75,-80.2,-4541.0
-16.75,-80.1,-4369.0
-16.75,-80.0,-4404.0
-16.75,-79.9,-4371.0
-16.75,-79.8,-4373.0
-16.75,-79.7,-4547.0
-16.75,-79.6,-4492.0
-16.75,-79.5,-4486.0
-16.75,-79.4,-4462.0
-16.75,-79.3,-4413.0
-16.75,-79.2,-4311.0
-16.75,-79.1,-4101.0
-16.75,-79.0,-4169.0
-16.75,-78.9,-4076.0
-16.75,-78.8,-3970.0
-16.75,-78.7,-3844.0
-16.75,-78.6,-3720.0
-16.75,-78.5,-3547.0
-16.75,-78.4,-3355.0
-16.75,-78.3,-3125.0
-16.75,-78.2,-3061.0
-16.75,-78.1,-3100.0
-16.75,-78.0,-2906.0
-16.75,-77.9,-2848.0
-16.75,-77.8,-2788.0
-16.75,-77.7,-2741.0
-16.75,-77.6,-2649.0
-16.75,-77.5,-2532.0
-16.75,-77.4,-2553.0
-16.75,-77.3,-3048.0
-16.75,-77.2,-3204.0
-16.75,-77.1,-3059.0
-16.75,-77.0,-3242.0
-16.75,-76.9,-3275.0
-16.75,-76.8,-3380.0
-16.75,-76.7,-3486.0
-16.75,-76.6,-3454.0
-16.75,-76.5,-3682.0
-16.75,-76.4,-3871.0
-16.75,-76.3,-3969.0
-16.75,-76.2,-4028.0
-16.75,-76.1,-4059.0
-16.75,-76.0,-4072.0
-16.75,-75.9,-4007.0
-16.75,-75.8,-4236.0
-16.75,-75.7,-4194.0
-16.75,-75.6,-3922.0
-16.75,-75.5,-4050.0
-16.75,-75.4,-4433.0
-16.75,-75.3,-4574.0
-16.75,-75.2,-4753.0
-16.75,-75.1,-4672.0
-16.75,-75.0,-5189.0
-16.75,-74.9,-5523.0
-16.75,-74.8,-5863.0
-16.75,-74.7,-6349.0
-16.75,-74.6,-6620.0
-16.75,-74.5,-6537.0
-16.75,-74.4,-5995.0
-16.75,-74.3,-5416.0
-16.75,-74.2,-4922.0
-16.75,-74.1,-4935.0
-16.75,-74.0,-4293.0
-16.75,-73.9,-3429.0
-16.75,-73.8,-3206.0
-16.75,-73.7,-3110.0
-16.75,-73.6,-2692.0
-16.75,-73.5,-2374.0
-16.75,-73.4,-1909.0
-16.75,-73.3,-1673.0
-16.75,-73.2,-1434.0
-16.75,-73.1,-1200.0
-16.75,-73.0,-835.0
-16.75,-72.9,-407.0
-16.75,-72.8,-118.0
-16.75,-72.7,-81.0
-16.75,-72.6,-44.0
-16.75,-72.5,-110.0
-16.75,-72.4,38.0
-16.75,-72.3,772.0
-16.75,-72.2,1132.0
-16.75,-72.1,1215.0
-16.75,-72.0,1146.0
-16.75,-71.9,1188.0
-16.75,-71.8,1320.0
-16.75,-71.7,1573.0
-16.75,-71.6,1985.0
-16.75,-71.5,2238.0
-16.75,-71.4,2599.0
-16.75,-71.3,2715.0
-16.75,-71.2,2266.0
-16.75,-71.1,1737.0
-16.75,-71.0,1532.0
-16.75,-70.9,2007.0
-16.75,-70.8,1925.0
-16.75,-70.7,2976.0
-16.75,-70.6,5030.0
-16.75,-70.5,4893.0
-16.75,-70.4,4410.0
-16.75,-70.3,4827.0
-16.75,-70.2,4588.0
-16.75,-70.1,4608.0
-16.75,-70.0,4793.0
-16.75,-69.9,4399.0
-16.75,-69.8,4085.0
-16.75,-69.7,3975.0
-16.75,-69.6,4076.0
-16.75,-69.5,4768.0
-16.75,-69.4,4338.0
-16.75,-69.3,4047.0
-16.75,-69.2,3837.0
-16.75,-69.1,3836.0
-16.75,-69.0,3827.0
-16.75,-68.9,3832.0
-16.75,-68.8,3868.0
-16.75,-68.7,4194.0
-16.75,-68.6,4326.0
-16.75,-68.5,4169.0
-16.75,-68.4,3917.0
-16.75,-68.3,3941.0
-16.75,-68.2,3909.0
-16.75,-68.1,4174.0
-16.75,-68.0,3382.0
-16.5,-82.0,-4802.0
-16.5,-81.9,-4568.0
-16.5,-81.8,-4543.0
-16.5,-81.7,-4590.0
-16.5,-81.6,-4594.0
-16.5,-81.5,-4540.0
-16.5,-81.4,-4516.0
-16.5,-81.3,-4608.0
-16.5,-81.2,-4599.0
-16.5,-81.1,-4676.0
-16.5,-81.0,-4561.0
-16.5,-80.9,-4800.0
-16.5,-80.8,-4840.0
-16.5,-80.7,-4824.0
-16.5,-80.6,-4834.0
-16.5,-80.5,-4443.0
-16.5,-80.4,-4666.0
-16.5,-80.3,-4603.0
-16.5,-80.2,-4594.0
-16.5,-80.1,-4571.0
-16.5,-80.0,-4492.0
-16.5,-79.9,-4584.0
-16.5,-79.8,-4569.0
-16.5,-79.7,-4497.0
-16.5,-79.6,-4506.0
-16.5,-79.5,-4585.0
-16.5,-79.4,-4615.0
-16.5,-79.3,-4624.0
-16.5,-79.2,-4450.0
-16.5,-79.1,-4241.0
-16.5,-79.0,-4253.0
-16.5,-78.9,-4199.0
-16.5,-78.8,-4004.0
-16.5,-78.7,-3908.0
-16.5,-78.6,-3764.0
-16.5,-78.5,-3592.0
-16.5,-78.4,-3430.0
-16.5,-78.3,-3368.0
-16.5,-78.2,-3283.0
-16.5,-78.1,-3095.0
-16.5,-78.0,-3055.0
-16.5,-77.9,-3025.0
-16.5,-77.8,-2928.0
-16.5,-77.7,-2859.0
-16.5,-77.6,-2854.0
-16.5,-77.5,-2778.0
-16.5,-77.4,-2753.0
-16.5,-77.3,-2714.0
-16.5,-77.2,-2462.0
-16.5,-77.1,-2713.0
-16.5,-77.0,-2916.0
-16.5,-76.9,-3056.0
-16.5,-76.8,-3052.0
-16.5,-76.7,-3215.0
-16.5,-76.6,-3288.0
-16.5,-76.5,-3338.0
-16.5,-76.4,-3675.0
-16.5,-76.3,-3734.0
-16.5,-76.2,-3779.0
-16.5,-76.1,-3944.0
-16.5,-76.0,-4197.0
-16.5,-75.9,-4259.0
-16.5,-75.8,-4411.0
-16.5,-75.7,-3703.0
-16.5,-75.6,-3457.0
-16.5,-75.5,-4003.0
-16.5,-75.4,-4604.0
-16.5,-75.3,-5026.0
-16.5,-75.2,-5192.0
-16.5,-75.1,-5591.0
-16.5,-75.0,-6251.0
-16.5,-74.9,-6190.0
-16.5,-74.8,-5911.0
-16.5,-74.7,-5296.0
-16.5,-74.6,-4571.0
-16.5,-74.5,-4199.0
-16.5,-74.4,-3429.0
-16.5,-74.3,-3381.0
-16.5,-74.2,-3137.0
-16.5,-74.1,-2978.0
-16.5,-74.0,-2638.0
-16.5,-73.9,-2215.0
-16.5,-73.8,-1898.0
-16.5,-73.7,-1824.0
-16.5,-73.6,-1384.0
-16.5,-73.5,-759.0
-16.5,-73.4,-347.0
-16.5,-73.3,-451.0
-16.5,-73.2,-542.0
-16.5,-73.1,-84.0
-16.5,-73.0,259.0
-16.5,-72.9,334.0
-16.5,-72.8,627.0
-16.5,-72.7,934.0
-16.5,-72.6,355.0
-16.5,-72.5,937.0
-16.5,-72.4,948.0
-16.5,-72.3,1187.0
-16.5,-72.2,1157.0
-16.5,-72.1,1262.0
-16.5,-72.0,1304.0
-16.5,-71.9,1436.0
-16.5,-71.8,1662.0
-16.5,-71.7,2062.0
-16.5,-71.6,2539.0
-16.5,-71.5,2405.0
-16.5,-71.4,2973.0
-16.5,-71.3,3822.0
-16.5,-71.2,4458.0
-16.5,-71.1,4642.0
-16.5,-71.0,4950.0
-16.5,-70.9,4454.0
-16.5,-70.8,3267.0
-16.5,-70.7,3792.0
-16.5,-70.6,4965.0
-16.5,-70.5,4724.0
-16.5,-70.4,4426.0
-16.5,-70.3,4506.0
-16.5,-70.2,4706.0
-16.5,-70.1,4375.0
-16.5,-70.0,4298.0
-16.5,-69.9,4793.0
-16.5,-69.8,4245.0
-16.5,-69.7,4419.0
-16.5,-69.6,4275.0
-16.5,-69.5,4139.0
-16.5,-69.4,3884.0
-16.5,-69.3,4058.0
-16.5,-69.2,3965.0
-16.5,-69.1,3841.0
-16.5,-69.0,3815.0
-16.5,-68.9,3815.0
-16.5,-68.8,3826.0
-16.5,-68.7,4035.0
-16.5,-68.6,3957.0
-16.5,-68.5,3880.0
-16.5,-68.4,3850.0
-16.5,-68.3,3915.0
-16.5,-68.2,4044.0
-16.5,-68.1,3739.0
-16.5,-68.0,4536.0
-16.25,-82.0,-4644.0
-16.25,-81.9,-4558.0
-16.25,-81.8,-4661.0
-16.25,-81.7,-4587.0
-16.25,-81.6,-4725.0
-16.25,-81.5,-4533.0
-16.25,-81.4,-4593.0
-16.25,-81.3,-4634.0
-16.25,-81.2,-4567.0
-16.25,-81.1,-4486.0
-16.25,-81.0,-4658.0
-16.25,-80.9,-4674.0
-16.25,-80.8,-4701.0
-16.25,-80.7,-4659.0
-16.25,-80.6,-4504.0
-16.25,-80.5,-4612.0
-16.25,-80.4,-4803.0
-16.25,-80.3,-4842.0
-16.25,-80.2,-4673.0
-16.25,-80.1,-4625.0
-16.25,-80.0,-4734.0
-16.25,-79.9,-4811.0
-16.25,-79.8,-4517.0
-16.25,-79.7,-4675.0
-16.25,-79.6,-4650.0
-16.25,-79.5,-4620.0
-16.25,-79.4,-4603.0
-16.25,-79.3,-4575.0
-16.25,-79.2,-4447.0
-16.25,-79.1,-4439.0
-16.25,-79.0,-4178.0
-16.25,-78.9,-4027.0
-16.25,-78.8,-3944.0
-16.25,-78.7,-3724.0
-16.25,-78.6,-3594.0
-16.25,-78.5,-3591.0
-16.25,-78.4,-3378.0
-16.25,-78.3,-3396.0
-16.25,-78.2,-3424.0
-16.25,-78.1,-3337.0
-16.25,-78.0,-3121.0
-16.25,-77.9,-3074.0
-16.25,-77.8,-2951.0
-16.25,-77.7,-2778.0
-16.25,-77.6,-2699.0
-16.25,-77.5,-2556.0
-16.25,-77.4,-2648.0
-16.25,-77.3,-2702.0
-16.25,-77.2,-2685.0
-16.25,-77.1,-2128.0
-16.25,-77.0,-2689.0
-16.25,-76.9,-2800.0
-16.25,-76.8,-2961.0
-16.25,-76.7,-3003.0
-16.25,-76.6,-3108.0
-16.25,-76.5,-3332.0
-16.25,-76.4,-3428.0
-16.25,-76.3,-3664.0
-16.25,-76.2,-3633.0
-16.25,-76.1,-3578.0
-16.25,-76.0,-3846.0
-16.25,-75.9,-4176.0
-16.25,-75.8,-4309.0
-16.25,-75.7,-4291.0
-16.25,-75.6,-4116.0
-16.25,-75.5,-4846.0
-16.25,-75.4,-5481.0
-16.25,-75.3,-6111.0
-16.25,-75.2,-6136.0
-16.25,-75.1,-5784.0
-16.25,-75.0,-4917.0
-16.25,-74.9,-4419.0
-16.25,-74.8,-3669.0
-16.25,-74.7,-3085.0
-16.25,-74.6,-2715.0
-16.25,-74.5,-2828.0
-16.25,-74.4,-2674.0
-16.25,-74.3,-2140.0
-16.25,-74.2,-1760.0
-16.25,-74.1,-1279.0
-16.25,-74.0,-881.0
-16.25,-73.9,-431.0
-16.25,-73.8,-282.0
-16.25,-73.7,-14.0
-16.25,-73.6,-35.0
-16.25,-73.5,668.0
-16.25,-73.4,845.0
-16.25,-73.3,1182.0
-16.25,-73.2,1261.0
-16.25,-73.1,1460.0
-16.25,-73.0,1543.0
-16.25,-72.9,1626.0
-16.25,-72.8,1540.0
-16.25,-72.7,1587.0
-16.25,-72.6,1397.0
-16.25,-72.5,684.0
-16.25,-72.4,1300.0
-16.25,-72.3,1395.0
-16.25,-72.2,1608.0
-16.25,-72.1,1823.0
-16.25,-72.0,1969.0
-16.25,-71.9,2461.0
-16.25,-71.8,2342.0
-16.25,-71.7,2537.0
-16.25,-71.6,3656.0
-16.25,-71.5,4110.0
-16.25,-71.4,3797.0
-16.25,-71.3,4347.0
-16.25,-71.2,4858.0
-16.25,-71.1,4469.0
-16.25,-71.0,4408.0
-16.25,-70.9,4584.0
-16.25,-70.8,4487.0
-16.25,-70.7,4314.0
-16.25,-70.6,4695.0
-16.25,-70.5,4628.0
-16.25,-70.4,4723.0
-16.25,-70.3,4748.0
-16.25,-70.2,4505.0
-16.25,-70.1,4485.0
-16.25,-70.0,4066.0
-16.25,-69.9,3940.0
-16.25,-69.8,4247.0
-16.25,-69.7,3891.0
-16.25,-69.6,4195.0
-16.25,-69.5,3869.0
-16.25,-69.4,3975.0
-16.25,-69.3,3831.0
-16.25,-69.2,3815.0
-16.25,-69.1,3834.0
-16.25,-69.0,3835.0
-16.25,-68.9,3828.0
-16.25,-68.8,3815.0
-16.25,-68.7,3815.0
-16.25,-68.6,3821.0
-16.25,-68.5,4174.0
-16.25,-68.4,4189.0
-16.25,-68.3,4431.0
-16.25,-68.2,4678.0
-16.25,-68.1,4878.0
-16.25,-68.0,3652.0
-16.0,-82.0,-4651.0
-16.0,-81.9,-4690.0
-16.0,-81.8,-4663.0
-16.0,-81.7,-4559.0
-16.0,-81.6,-4591.0
-16.0,-81.5,-4571.0
-16.0,-81.4,-4678.0
-16.0,-81.3,-4481.0
-16.0,-81.2,-4461.0
-16.0,-81.1,-4612.0
-16.0,-81.0,-4587.0
-16.0,-80.9,-4605.0
-16.0,-80.8,-4549.0
-16.0,-80.7,-4639.0
-16.0,-80.6,-4604.0
-16.0,-80.5,-4678.0
-16.0,-80.4,-4670.0
-16.0,-80.3,-4627.0
-16.0,-80.2,-4752.0
-16.0,-80.1,-4750.0
-16.0,-80.0,-4732.0
-16.0,-79.9,-4782.0
-16.0,-79.8,-4686.0
-16.0,-79.7,-4651.0
-16.0,-79.6,-4579.0
-16.0,-79.5,-4601.0
-16.0,-79.4,-4632.0
-16.0,-79.3,-4404.0
-16.0,-79.2,-4504.0
-16.0,-79.1,-4361.0
-16.0,-79.0,-4316.0
-16.0,-78.9,-4191.0
-16.0,-78.8,-4067.0
-16.0,-78.7,-3908.0
-16.0,-78.6,-3908.0
-16.0,-78.5,-3711.0
-16.0,-78.4,-4025.0
-16.0,-78.3,-3742.0
-16.0,-78.2,-3628.0
-16.0,-78.1,-3547.0
-16.0,-78.0,-3404.0
-16.0,-77.9,-3216.0
-16.0,-77.8,-3073.0
-16.0,-77.7,-2684.0
-16.0,-77.6,-2736.0
-16.0,-77.5,-2728.0
-16.0,-77.4,-2620.0
-16.0,-77.3,-2125.0
-16.0,-77.2,-2576.0
-16.0,-77.1,-2509.0
-16.0,-77.0,-2468.0
-16.0,-76.9,-2626.0
-16.0,-76.8,-2734.0
-16.0,-76.7,-2820.0
-16.0,-76.6,-2783.0
-16.0,-76.5,-3214.0
-16.0,-76.4,-3203.0
-16.0,-76.3,-3281.0
-16.0,-76.2,-3470.0
-16.0,-76.1,-3556.0
-16.0,-76.0,-3779.0
-16.0,-75.9,-3859.0
-16.0,-75.8,-4433.0
-16.0,-75.7,-5391.0
-16.0,-75.6,-5682.0
-16.0,-75.5,-5880.0
-16.0,-75.4,-5194.0
-16.0,-75.3,-4815.0
-16.0,-75.2,-4460.0
-16.0,-75.1,-3548.0
-16.0,-75.0,-3257.0
-16.0,-74.9,-2522.0
-16.0,-74.8,-2354.0
-16.0,-74.7,-1925.0
-16.0,-74.6,-1575.0
-16.0,-74.5,-1097.0
-16.0,-74.4,-936.0
-16.0,-74.3,-515.0
-16.0,-74.2,-276.0
-16.0,-74.1,-152.0
-16.0,-74.0,142.0
-16.0,-73.9,1479.0
-16.0,-73.8,1580.0
-16.0,-73.7,1696.0
-16.0,-73.6,987.0
-16.0,-73.5,1798.0
-16.0,-73.4,1887.0
-16.0,-73.3,1768.0
-16.0,-73.2,1549.0
-16.0,-73.1,2179.0
-16.0,-73.0,1637.0
-16.0,-72.9,1781.0
-16.0,-72.8,2180.0
-16.0,-72.7,2455.0
-16.0,-72.6,1763.0
-16.0,-72.5,847.0
-16.0,-72.4,1411.0
-16.0,-72.3,3010.0
-16.0,-72.2,3747.0
-16.0,-72.1,3781.0
-16.0,-72.0,3529.0
-16.0,-71.9,3582.0
-16.0,-71.8,3774.0
-16.0,-71.7,3962.0
-16.0,-71.6,3712.0
-16.0,-71.5,4512.0
-16.0,-71.4,4151.0
-16.0,-71.3,4320.0
-16.0,-71.2,4576.0
-16.0,-71.1,4711.0
-16.0,-71.0,4550.0
-16.0,-70.9,4650.0
-16.0,-70.8,4606.0
-16.0,-70.7,4046.0
-16.0,-70.6,4008.0
-16.0,-70.5,4377.0
-16.0,-70.4,4636.0
-16.0,-70.3,4444.0
-16.0,-70.2,4601.0
-16.0,-70.1,4171.0
-16.0,-70.0,3902.0
-16.0,-69.9,3898.0
-16.0,-69.8,3972.0
-16.0,-69.7,3883.0
-16.0,-69.6,3819.0
-16.0,-69.5,3821.0
-16.0,-69.4,3815.0
-16.0,-69.3,3815.0
-16.0,-69.2,3841.0
-16.0,-69.1,3815.0
-16.0,-69.0,3815.0
-16.0,-68.9,3815.0
-16.0,-68.8,3815.0
-16.0,-68.7,3825.0
-16.0,-68.6,4055.0
-16.0,-68.5,4789.0
-16.0,-68.4,5327.0
-16.0,-68.3,4547.0
-16.0,-68.2,3805.0
-16.0,-68.1,3044.0
-16.0,-68.0,2231.0
-15.75,-82.0,-4718.0
-15.75,-81.9,-4686.0
-15.75,-81.8,-4483.0
-15.75,-81.7,-4616.0
-15.75,-81.6,-4500.0
-15.75,-81.5,-4525.0
-15.75,-81.4,-4561.0
-15.75,-81.3,-4412.0
-15.75,-81.2,-4620.0
-15.75,-81.1,-4579.0
-15.75,-81.0,-4501.0
-15.75,-80.9,-4550.0
-15.75,-80.8,-4644.0
-15.75,-80.7,-4635.0
-15.75,-80.6,-4716.0
-15.75,-80.5,-4572.0
-15.75,-80.4,-4786.0
-15.75,-80.3,-4835.0
-15.75,-80.2,-4614.0
-15.75,-80.1,-4690.0
-15.75,-80.0,-4570.0
-15.75,-79.9,-4692.0
-15.75,-79.8,-4601.0
-15.75,-79.7,-4669.0
-15.75,-79.6,-4742.0
-15.75,-79.5,-4705.0
-15.75,-79.4,-4606.0
-15.75,-79.3,-4647.0
-15.75,-79.2,-4668.0
-15.75,-79.1,-4562.0
-15.75,-79.0,-4420.0
-15.75,-78.9,-4369.0
-15.75,-78.8,-4353.0
-15.75,-78.7,-4288.0
-15.75,-78.6,-4065.0
-15.75,-78.5,-4073.0
-15.75,-78.4,-4095.0
-15.75,-78.3,-3930.0
-15.75,-78.2,-3732.0
-15.75,-78.1,-3768.0
-15.75,-78.0,-3636.0
-15.75,-77.9,-3445.0
-15.75,-77.8,-3546.0
-15.75,-77.7,-3397.0
-15.75,-77.6,-3211.0
-15.75,-77.5,-3053.0
-15.75,-77.4,-2889.0
-15.75,-77.3,-2779.0
-15.75,-77.2,-2716.0
-15.75,-77.1,-2608.0
-15.75,-77.0,-2789.0
-15.75,-76.9,-2908.0
-15.75,-76.8,-2968.0
-15.75,-76.7,-2868.0
-15.75,-76.6,-3051.0
-15.75,-76.5,-3118.0
-15.75,-76.4,-3202.0
-15.75,-76.3,-3188.0
-15.75,-76.2,-3666.0
-15.75,-76.1,-3826.0
-15.75,-76.0,-4174.0
-15.75,-75.9,-4686.0
-15.75,-75.8,-5229.0
-15.75,-75.7,-5195.0
-15.75,-75.6,-4815.0
-15.75,-75.5,-3532.0
-15.75,-75.4,-3024.0
-15.75,-75.3,-2157.0
-15.75,-75.2,-1721.0
-15.75,-75.1,-1453.0
-15.75,-75.0,-1203.0
-15.75,-74.9,-1177.0
-15.75,-74.8,-1041.0
-15.75,-74.7,-904.0
-15.75,-74.6,-156.0
-15.75,-74.5,-354.0
-15.75,-74.4,1064.0
-15.75,-74.3,501.0
-15.75,-74.2,391.0
-15.75,-74.1,1330.0
-15.75,-74.0,1795.0
-15.75,-73.9,1265.0
-15.75,-73.8,2467.0
-15.75,-73.7,2758.0
-15.75,-73.6,2308.0
-15.75,-73.5,2741.0
-15.75,-73.4,2126.0
-15.75,-73.3,2335.0
-15.75,-73.2,2091.0
-15.75,-73.1,1061.0
-15.75,-73.0,2019.0
-15.75,-72.9,3146.0
-15.75,-72.8,4020.0
-15.75,-72.7,3919.0
-15.75,-72.6,3910.0
-15.75,-72.5,2503.0
-15.75,-72.4,3515.0
-15.75,-72.3,2746.0
-15.75,-72.2,3523.0
-15.75,-72.1,3578.0
-15.75,-72.0,4331.0
-15.75,-71.9,5099.0
-15.75,-71.8,4826.0
-15.75,-71.7,4818.0
-15.75,-71.6,4750.0
-15.75,-71.5,5049.0
-15.75,-71.4,4332.0
-15.75,-71.3,4340.0
-15.75,-71.2,4643.0
-15.75,-71.1,4695.0
-15.75,-71.0,4509.0
-15.75,-70.9,4499.0
-15.75,-70.8,4429.0
-15.75,-70.7,4189.0
-15.75,-70.6,4321.0
-15.75,-70.5,4312.0
-15.75,-70.4,4255.0
-15.75,-70.3,3866.0
-15.75,-70.2,3840.0
-15.75,-70.1,3974.0
-15.75,-70.0,3817.0
-15.75,-69.9,3817.0
-15.75,-69.8,3815.0
-15.75,-69.7,3824.0
-15.75,-69.6,3815.0
-15.75,-69.5,3815.0
-15.75,-69.4,3815.0
-15.75,-69.3,3815.0
-15.75,-69.2,3815.0
-15.75,-69.1,3815.0
-15.75,-69.0,4294.0
-15.75,-68.9,4391.0
-15.75,-68.8,3635.0
-15.75,-68.7,2253.0
-15.75,-68.6,4292.0
-15.75,-68.5,3924.0
-15.75,-68.4,3401.0
-15.75,-68.3,4187.0
-15.75,-68.2,2608.0
-15.75,-68.1,1396.0
-15.75,-68.0,1206.0
-15.5,-82.0,-4665.0
-15.5,-81.9,-4586.0
-15.5,-81.8,-4632.0
-15.5,-81.7,-4604.0
-15.5,-81.6,-4512.0
-15.5,-81.5,-4446.0
-15.5,-81.4,-4491.0
-15.5,-81.3,-4500.0
-15.5,-81.2,-4550.0
-15.5,-81.1,-4348.0
-15.5,-81.0,-4488.0
-15.5,-80.9,-4531.0
-15.5,-80.8,-4525.0
-15.5,-80.7,-4563.0
-15.5,-80.6,-4681.0
-15.5,-80.5,-4722.0
-15.5,-80.4,-4731.0
-15.5,-80.3,-4663.0
-15.5,-80.2,-4682.0
-15.5,-80.1,-4720.0
-15.5,-80.0,-4631.0
-15.5,-79.9,-4612.0
-15.5,-79.8,-4618.0
-15.5,-79.7,-4644.0
-15.5,-79.6,-4563.0
-15.5,-79.5,-4603.0
-15.5,-79.4,-4572.0
-15.5,-79.3,-4544.0
-15.5,-79.2,-4486.0
-15.5,-79.1,-4527.0
-15.5,-79.0,-4433.0
-15.5,-78.9,-4414.0
-15.5,-78.8,-4384.0
-15.5,-78.7,-4367.0
-15.5,-78.6,-4026.0
-15.5,-78.5,-4160.0
-15.5,-78.4,-3981.0
-15.5,-78.3,-4068.0
-15.5,-78.2,-3613.0
-15.5,-78.1,-3913.0
-15.5,-78.0,-3832.0
-15.5,-77.9,-3667.0
-15.5,-77.8,-3540.0
-15.5,-77.7,-3432.0
-15.5,-77.6,-3330.0
-15.5,-77.5,-2927.0
-15.5,-77.4,-3080.0
-15.5,-77.3,-3068.0
-15.5,-77.2,-2803.0
-15.5,-77.1,-2944.0
-15.5,-77.0,-2905.0
-15.5,-76.9,-2926.0
-15.5,-76.8,-2985.0
-15.5,-76.7,-3033.0
-15.5,-76.6,-3216.0
-15.5,-76.5,-3387.0
-15.5,-76.4,-3679.0
-15.5,-76.3,-3958.0
-15.5,-76.2,-4548.0
-15.5,-76.1,-5123.0
-15.5,-76.0,-5221.0
-15.5,-75.9,-4550.0
-15.5,-75.8,-3692.0
-15.5,-75.7,-3180.0
-15.5,-75.6,-2298.0
-15.5,-75.5,-1516.0
-15.5,-75.4,-970.0
-15.5,-75.3,-1011.0
-15.5,-75.2,-895.0
-15.5,-75.1,-414.0
-15.5,-75.0,-90.0
-15.5,-74.9,100.0
-15.5,-74.8,53.0
-15.5,-74.7,180.0
-15.5,-74.6,565.0
-15.5,-74.5,1176.0
-15.5,-74.4,1678.0
-15.5,-74.3,2463.0
-15.5,-74.2,2612.0
-15.5,-74.1,2578.0
-15.5,-74.0,2285.0
-15.5,-73.9,3435.0
-15.5,-73.8,3419.0
-15.5,-73.7,3004.0
-15.5,-73.6,3393.0
-15.5,-73.5,3411.0
-15.5,-73.4,3714.0
-15.5,-73.3,3323.0
-15.5,-73.2,1888.0
-15.5,-73.1,2579.0
-15.5,-73.0,3654.0
-15.5,-72.9,3970.0
-15.5,-72.8,3961.0
-15.5,-72.7,4972.0
-15.5,-72.6,5018.0
-15.5,-72.5,4909.0
-15.5,-72.4,4022.0
-15.5,-72.3,3209.0
-15.5,-72.2,4554.0
-15.5,-72.1,4707.0
-15.5,-72.0,4170.0
-15.5,-71.9,5029.0
-15.5,-71.8,4757.0
-15.5,-71.7,5014.0
-15.5,-71.6,4658.0
-15.5,-71.5,4063.0
-15.5,-71.4,4037.0
-15.5,-71.3,4767.0
-15.5,-71.2,4289.0
-15.5,-71.1,4492.0
-15.5,-71.0,4485.0
-15.5,-70.9,4743.0
-15.5,-70.8,4683.0
-15.5,-70.7,4407.0
-15.5,-70.6,4487.0
-15.5,-70.5,4744.0
-15.5,-70.4,3956.0
-15.5,-70.3,3842.0
-15.5,-70.2,3980.0
-15.5,-70.1,3826.0
-15.5,-70.0,3825.0
-15.5,-69.9,3978.0
-15.5,-69.8,3815.0
-15.5,-69.7,3815.0
-15.5,-69.6,3815.0
-15.5,-69.5,3815.0
-15.5,-69.4,3815.0
-15.5,-69.3,4072.0
-15.5,-69.2,4037.0
-15.5,-69.1,4099.0
-15.5,-69.0,3230.0
-15.5,-68.9,2491.0
-15.5,-68.8,2955.0
-15.5,-68.7,2065.0
-15.5,-68.6,2060.0
-15.5,-68.5,2717.0
-15.5,-68.4,1598.0
-15.5,-68.3,1752.0
-15.5,-68.2,1439.0
-15.5,-68.1,775.0
-15.5,-68.0,901.0
-15.25,-82.0,-4767.0
-15.25,-81.9,-4910.0
-15.25,-81.8,-4737.0
-15.25,-81.7,-4645.0
-15.25,-81.6,-4624.0
-15.25,-81.5,-4776.0
-15.25,-81.4,-4639.0
-15.25,-81.3,-4636.0
-15.25,-81.2,-4586.0
-15.25,-81.1,-4661.0
-15.25,-81.0,-4806.0
-15.25,-80.9,-4723.0
-15.25,-80.8,-4641.0
-15.25,-80.7,-4642.0
-15.25,-80.6,-4780.0
-15.25,-80.5,-4581.0
-15.25,-80.4,-4632.0
-15.25,-80.3,-4680.0
-15.25,-80.2,-4649.0
-15.25,-80.1,-4588.0
-15.25,-80.0,-4628.0
-15.25,-79.9,-4780.0
-15.25,-79.8,-4592.0
-15.25,-79.7,-4685.0
-15.25,-79.6,-4367.0
-15.25,-79.5,-4591.0
-15.25,-79.4,-4449.0
-15.25,-79.3,-4577.0
-15.25,-79.2,-4629.0
-15.25,-79.1,-4491.0
-15.25,-79.0,-4437.0
-15.25,-78.9,-4433.0
-15.25,-78.8,-4313.0
-15.25,-78.7,-4250.0
-15.25,-78.6,-4248.0
-15.25,-78.5,-3878.0
-15.25,-78.4,-3994.0
-15.25,-78.3,-4108.0
-15.25,-78.2,-4033.0
-15.25,-78.1,-3842.0
-15.25,-78.0,-3975.0
-15.25,-77.9,-3982.0
-15.25,-77.8,-3737.0
-15.25,-77.7,-3556.0
-15.25,-77.6,-3659.0
-15.25,-77.5,-3357.0
-15.25,-77.4,-3220.0
-15.25,-77.3,-3362.0
-15.25,-77.2,-3262.0
-15.25,-77.1,-3219.0
-15.25,-77.0,-3288.0
-15.25,-76.9,-3332.0
-15.25,-76.8,-3436.0
-15.25,-76.7,-3430.0
-15.25,-76.6,-3696.0
-15.25,-76.5,-3912.0
-15.25,-76.4,-4450.0
-15.25,-76.3,-4729.0
-15.25,-76.2,-4059.0
-15.25,-76.1,-4026.0
-15.25,-76.0,-2990.0
-15.25,-75.9,-2680.0
-15.25,-75.8,-1983.0
-15.25,-75.7,-1442.0
-15.25,-75.6,-1177.0
-15.25,-75.5,-718.0
-15.25,-75.4,-351.0
-15.25,-75.3,-127.0
-15.25,-75.2,59.0
-15.25,-75.1,775.0
-15.25,-75.0,625.0
-15.25,-74.9,500.0
-15.25,-74.8,1331.0
-15.25,-74.7,1674.0
-15.25,-74.6,1137.0
-15.25,-74.5,1840.0
-15.25,-74.4,2084.0
-15.25,-74.3,2187.0
-15.25,-74.2,1269.0
-15.25,-74.1,1668.0
-15.25,-74.0,2793.0
-15.25,-73.9,3602.0
-15.25,-73.8,3381.0
-15.25,-73.7,3287.0
-15.25,-73.6,3295.0
-15.25,-73.5,3560.0
-15.25,-73.4,2762.0
-15.25,-73.3,2140.0
-15.25,-73.2,3572.0
-15.25,-73.1,4351.0
-15.25,-73.0,2050.0
-15.25,-72.9,3612.0
-15.25,-72.8,4985.0
-15.25,-72.7,5019.0
-15.25,-72.6,4847.0
-15.25,-72.5,4661.0
-15.25,-72.4,4290.0
-15.25,-72.3,4347.0
-15.25,-72.2,4977.0
-15.25,-72.1,4552.0
-15.25,-72.0,4534.0
-15.25,-71.9,4699.0
-15.25,-71.8,4526.0
-15.25,-71.7,4685.0
-15.25,-71.6,4454.0
-15.25,-71.5,4359.0
-15.25,-71.4,4333.0
-15.25,-71.3,4704.0
-15.25,-71.2,4954.0
-15.25,-71.1,4749.0
-15.25,-71.0,4969.0
-15.25,-70.9,4667.0
-15.25,-70.8,4934.0
-15.25,-70.7,4685.0
-15.25,-70.6,4113.0
-15.25,-70.5,4125.0
-15.25,-70.4,4007.0
-15.25,-70.3,3993.0
-15.25,-70.2,3843.0
-15.25,-70.1,3840.0
-15.25,-70.0,3825.0
-15.25,-69.9,3818.0
-15.25,-69.8,3830.0
-15.25,-69.7,3815.0
-15.25,-69.6,4038.0
-15.25,-69.5,3946.0
-15.25,-69.4,4336.0
-15.25,-69.3,4265.0
-15.25,-69.2,4476.0
-15.25,-69.1,4432.0
-15.25,-69.0,3986.0
-15.25,-68.9,4467.0
-15.25,-68.8,2344.0
-15.25,-68.7,2749.0
-15.25,-68.6,2483.0
-15.25,-68.5,1800.0
-15.25,-68.4,1393.0
-15.25,-68.3,852.0
-15.25,-68.2,1049.0
-15.25,-68.1,784.0
-15.25,-68.0,1469.0
-15.0,-82.0,-4873.0
-15.0,-81.9,-4921.0
-15.0,-81.8,-4811.0
-15.0,-81.7,-4764.0
-15.0,-81.6,-4745.0
-15.0,-81.5,-4760.0
-15.0,-81.4,-4710.0
-15.0,-81.3,-4607.0
-15.0,-81.2,-4779.0
-15.0,-81.1,-4716.0
-15.0,-81.0,-4752.0
-15.0,-80.9,-4748.0
-15.0,-80.8,-4694.0
-15.0,-80.7,-4662.0
-15.0,-80.6,-4617.0
-15.0,-80.5,-4611.0
-15.0,-80.4,-4537.0
-15.0,-80.3,-4706.0
-15.0,-80.2,-4661.0
-15.0,-80.1,-4631.0
-15.0,-80.0,-4550.0
-15.0,-79.9,-4664.0
-15.0,-79.8,-4606.0
-15.0,-79.7,-4685.0
-15.0,-79.6,-4605.0
-15.0,-79.5,-4582.0
-15.0,-79.4,-4590.0
-15.0,-79.3,-4541.0
-15.0,-79.2,-4415.0
-15.0,-79.1,-4417.0
-15.0,-79.0,-4373.0
-15.0,-78.9,-4269.0
-15.0,-78.8,-4294.0
-15.0,-78.7,-4200.0
-15.0,-78.6,-4144.0
-15.0,-78.5,-4182.0
-15.0,-78.4,-4171.0
-15.0,-78.3,-4111.0
-15.0,-78.2,-4164.0
-15.0,-78.1,-3877.0
-15.0,-78.0,-3838.0
-15.0,-77.9,-4077.0
-15.0,-77.8,-4045.0
-15.0,-77.7,-4096.0
-15.0,-77.6,-4021.0
-15.0,-77.5,-3835.0
-15.0,-77.4,-3602.0
-15.0,-77.3,-3829.0
-15.0,-77.2,-3713.0
-15.0,-77.1,-3651.0
-15.0,-77.0,-3672.0
-15.0,-76.9,-3752.0
-15.0,-76.8,-3917.0
-15.0,-76.7,-4237.0
-15.0,-76.6,-4568.0
-15.0,-76.5,-4708.0
-15.0,-76.4,-4174.0
-15.0,-76.3,-3032.0
-15.0,-76.2,-2415.0
-15.0,-76.1,-2207.0
-15.0,-76.0,-1540.0
-15.0,-75.9,-568.0
-15.0,-75.8,-271.0
-15.0,-75.7,-177.0
-15.0,-75.6,-101.0
-15.0,-75.5,-42.0
-15.0,-75.4,539.0
-15.0,-75.3,980.0
-15.0,-75.2,1439.0
-15.0,-75.1,506.0
-15.0,-75.0,527.0
-15.0,-74.9,731.0
-15.0,-74.8,1240.0
-15.0,-74.7,1729.0
-15.0,-74.6,1992.0
-15.0,-74.5,2233.0
-15.0,-74.4,2460.0
-15.0,-74.3,2210.0
-15.0,-74.2,3551.0
-15.0,-74.1,3592.0
-15.0,-74.0,3384.0
-15.0,-73.9,4046.0
-15.0,-73.8,2975.0
-15.0,-73.7,4464.0
-15.0,-73.6,4032.0
-15.0,-73.5,4145.0
-15.0,-73.4,4103.0
-15.0,-73.3,4052.0
-15.0,-73.2,4588.0
-15.0,-73.1,4526.0
-15.0,-73.0,4874.0
-15.0,-72.9,4517.0
-15.0,-72.8,4868.0
-15.0,-72.7,4183.0
-15.0,-72.6,4796.0
-15.0,-72.5,4538.0
-15.0,-72.4,4941.0
-15.0,-72.3,4634.0
-15.0,-72.2,4993.0
-15.0,-72.1,4919.0
-15.0,-72.0,4713.0
-15.0,-71.9,4789.0
-15.0,-71.8,4696.0
-15.0,-71.7,4519.0
-15.0,-71.6,4149.0
-15.0,-71.5,4619.0
-15.0,-71.4,4382.0
-15.0,-71.3,4119.0
-15.0,-71.2,4075.0
-15.0,-71.1,4104.0
-15.0,-71.0,4318.0
-15.0,-70.9,4333.0
-15.0,-70.8,4567.0
-15.0,-70.7,4288.0
-15.0,-70.6,4239.0
-15.0,-70.5,3945.0
-15.0,-70.4,3884.0
-15.0,-70.3,4081.0
-15.0,-70.2,4021.0
-15.0,-70.1,3852.0
-15.0,-70.0,4113.0
-15.0,-69.9,4087.0
-15.0,-69.8,3893.0
-15.0,-69.7,3966.0
-15.0,-69.6,4345.0
-15.0,-69.5,4699.0
-15.0,-69.4,4424.0
-15.0,-69.3,4354.0
-15.0,-69.2,4603.0
-15.0,-69.1,4774.0
-15.0,-69.0,4979.0
-15.0,-68.9,4369.0
-15.0,-68.8,3358.0
-15.0,-68.7,2165.0
-15.0,-68.6,1390.0
-15.0,-68.5,1211.0
-15.0,-68.4,1399.0
-15.0,-68.3,1136.0
-15.0,-68.2,1251.0
-15.0,-68.1,1728.0
-15.0,-68.0,1394.0
-14.75,-82.0,-4724.0
-14.75,-81.9,-4791.0
-14.75,-81.8,-4719.0
-14.75,-81.7,-4915.0
-14.75,-81.6,-4863.0
-14.75,-81.5,-4808.0
-14.75,-81.4,-4691.0
-14.75,-81.3,-4836.0
-14.75,-81.2,-4792.0
-14.75,-81.1,-4802.0
-14.75,-81.0,-4740.0
-14.75,-80.9,-4860.0
-14.75,-80.8,-4884.0
-14.75,-80.7,-4789.0
-14.75,-80.6,-4757.0
-14.75,-80.5,-4791.0
-14.75,-80.4,-4765.0
-14.75,-80.3,-4660.0
-14.75,-80.2,-4665.0
-14.75,-80.1,-4576.0
-14.75,-80.0,-4568.0
-14.75,-79.9,-4631.0
-14.75,-79.8,-4598.0
-14.75,-79.7,-4685.0
-14.75,-79.6,-4754.0
-14.75,-79.5,-4666.0
-14.75,-79.4,-4731.0
-14.75,-79.3,-4497.0
-14.75,-79.2,-4467.0
-14.75,-79.1,-4481.0
-14.75,-79.0,-4302.0
-14.75,-78.9,-4330.0
-14.75,-78.8,-4148.0
-14.75,-78.7,-4222.0
-14.75,-78.6,-4203.0
-14.75,-78.5,-4146.0
-14.75,-78.4,-4092.0
-14.75,-78.3,-3932.0
-14.75,-78.2,-4206.0
-14.75,-78.1,-4081.0
-14.75,-78.0,-4015.0
-14.75,-77.9,-4125.0
-14.75,-77.8,-4185.0
-14.75,-77.7,-4166.0
-14.75,-77.6,-3908.0
-14.75,-77.5,-4119.0
-14.75,-77.4,-4194.0
-14.75,-77.3,-4219.0
-14.75,-77.2,-4262.0
-14.75,-77.1,-4220.0
-14.75,-77.0,-4255.0
-14.75,-76.9,-4527.0
-14.75,-76.8,-4994.0
-14.75,-76.7,-4193.0
-14.75,-76.6,-3466.0
-14.75,-76.5,-2955.0
-14.75,-76.4,-2426.0
-14.75,-76.3,-1825.0
-14.75,-76.2,-1094.0
-14.75,-76.1,-294.0
-14.75,-76.0,-183.0
-14.75,-75.9,-128.0
-14.75,-75.8,-79.0
-14.75,-75.7,502.0
-14.75,-75.6,363.0
-14.75,-75.5,213.0
-14.75,-75.4,630.0
-14.75,-75.3,360.0
-14.75,-75.2,353.0
-14.75,-75.1,479.0
-14.75,-75.0,699.0
-14.75,-74.9,1129.0
-14.75,-74.8,1237.0
-14.75,-74.7,2163.0
-14.75,-74.6,3313.0
-14.75,-74.5,3661.0
-14.75,-74.4,3876.0
-14.75,-74.3,3961.0
-14.75,-74.2,3386.0
-14.75,-74.1,2854.0
-14.75,-74.0,3934.0
-14.75,-73.9,4282.0
-14.75,-73.8,4526.0
-14.75,-73.7,4698.0
-14.75,-73.6,3998.0
-14.75,-73.5,4392.0
-14.75,-73.4,4320.0
-14.75,-73.3,4512.0
-14.75,-73.2,4339.0
-14.75,-73.1,4324.0
-14.75,-73.0,4702.0
-14.75,-72.9,4771.0
-14.75,-72.8,4787.0
-14.75,-72.7,4941.0
-14.75,-72.6,4899.0
-14.75,-72.5,5050.0
-14.75,-72.4,5067.0
-14.75,-72.3,4595.0
-14.75,-72.2,4594.0
-14.75,-72.1,4681.0
-14.75,-72.0,4638.0
-14.75,-71.9,4670.0
-14.75,-71.8,4316.0
-14.75,-71.7,4073.0
-14.75,-71.6,3943.0
-14.75,-71.5,4072.0
-14.75,-71.4,3895.0
-14.75,-71.3,3977.0
-14.75,-71.2,4034.0
-14.75,-71.1,4471.0
-14.75,-71.0,4700.0
-14.75,-70.9,4000.0
-14.75,-70.8,3930.0
-14.75,-70.7,3972.0
-14.75,-70.6,4108.0
-14.75,-70.5,4149.0
-14.75,-70.4,3888.0
-14.75,-70.3,3886.0
-14.75,-70.2,3960.0
-14.75,-70.1,4006.0
-14.75,-70.0,4089.0
-14.75,-69.9,3980.0
-14.75,-69.8,4340.0
-14.75,-69.7,4742.0
-14.75,-69.6,4747.0
-14.75,-69.5,4859.0
-14.75,-69.4,4598.0
-14.75,-69.3,4742.0
-14.75,-69.2,5164.0
-14.75,-69.1,4710.0
-14.75,-69.0,3455.0
-14.75,-68.9,1787.0
-14.75,-68.8,1845.0
-14.75,-68.7,1650.0
-14.75,-68.6,1824.0
-14.75,-68.5,1443.0
-14.75,-68.4,1401.0
-14.75,-68.3,1972.0
-14.75,-68.2,2145.0
-14.75,-68.1,1736.0
-14.75,-68.0,1247.0
-14.5,-82.0,-4829.0
-14.5,-81.9,-4776.0
-14.5,-81.8,-5068.0
-14.5,-81.7,-4779.0
-14.5,-81.6,-4834.0
-14.5,-81.5,-4730.0
-14.5,-81.4,-4811.0
-14.5,-81.3,-4847.0
-14.5,-81.2,-4857.0
-14.5,-81.1,-4944.0
-14.5,-81.0,-4854.0
-14.5,-80.9,-4862.0
-14.5,-80.8,-4812.0
-14.5,-80.7,-4783.0
-14.5,-80.6,-4805.0
-14.5,-80.5,-4777.0
-14.5,-80.4,-4667.0
-14.5,-80.3,-5024.0
-14.5,-80.2,-4603.0
-14.5,-80.1,-4657.0
-14.5,-80.0,-4540.0
-14.5,-79.9,-4472.0
-14.5,-79.8,-4559.0
-14.5,-79.7,-4834.0
-14.5,-79.6,-4630.0
-14.5,-79.5,-4564.0
-14.5,-79.4,-4554.0
-14.5,-79.3,-4539.0
-14.5,-79.2,-4464.0
-14.5,-79.1,-4416.0
-14.5,-79.0,-4415.0
-14.5,-78.9,-4265.0
-14.5,-78.8,-4218.0
-14.5,-78.7,-4094.0
-14.5,-78.6,-4164.0
-14.5,-78.5,-4207.0
-14.5,-78.4,-4130.0
-14.5,-78.3,-4197.0
-14.5,-78.2,-4290.0
-14.5,-78.1,-4358.0
-14.5,-78.0,-4202.0
-14.5,-77.9,-4277.0
-14.5,-77.8,-4290.0
-14.5,-77.7,-4293.0
-14.5,-77.6,-4329.0
-14.5,-77.5,-4481.0
-14.5,-77.4,-4580.0
-14.5,-77.3,-4634.0
-14.5,-77.2,-4842.0
-14.5,-77.1,-5138.0
-14.5,-77.0,-5166.0
-14.5,-76.9,-4568.0
-14.5,-76.8,-4091.0
-14.5,-76.7,-2849.0
-14.5,-76.6,-1998.0
-14.5,-76.5,-1664.0
-14.5,-76.4,-530.0
-14.5,-76.3,-167.0
-14.5,-76.2,-151.0
-14.5,-76.1,-103.0
-14.5,-76.0,-30.0
-14.5,-75.9,840.0
-14.5,-75.8,655.0
-14.5,-75.7,504.0
-14.5,-75.6,313.0
-14.5,-75.5,377.0
-14.5,-75.4,434.0
-14.5,-75.3,520.0
-14.5,-75.2,365.0
-14.5,-75.1,838.0
-14.5,-75.0,1817.0
-14.5,-74.9,2106.0
-14.5,-74.8,2231.0
-14.5,-74.7,1989.0
-14.5,-74.6,3231.0
-14.5,-74.5,4041.0
-14.5,-74.4,3840.0
-14.5,-74.3,3513.0
-14.5,-74.2,4090.0
-14.5,-74.1,4175.0
-14.5,-74.0,4368.0
-14.5,-73.9,4422.0
-14.5,-73.8,4345.0
-14.5,-73.7,4327.0
-14.5,-73.6,4399.0
-14.5,-73.5,4525.0
-14.5,-73.4,4287.0
-14.5,-73.3,3903.0
-14.5,-73.2,4313.0
-14.5,-73.1,4632.0
-14.5,-73.0,4708.0
-14.5,-72.9,4021.0
-14.5,-72.8,4522.0
-14.5,-72.7,4722.0
-14.5,-72.6,4684.0
-14.5,-72.5,4798.0
-14.5,-72.4,4626.0
-14.5,-72.3,4448.0
-14.5,-72.2,4340.0
-14.5,-72.1,3774.0
-14.5,-72.0,4256.0
-14.5,-71.9,3825.0
-14.5,-71.8,4102.0
-14.5,-71.7,4327.0
-14.5,-71.6,4527.0
-14.5,-71.5,4030.0
-14.5,-71.4,3972.0
-14.5,-71.3,4152.0
-14.5,-71.2,3956.0
-14.5,-71.1,4157.0
-14.5,-71.0,4901.0
-14.5,-70.9,4684.0
-14.5,-70.8,4421.0
-14.5,-70.7,4293.0
-14.5,-70.6,3977.0
-14.5,-70.5,4074.0
-14.5,-70.4,4216.0
-14.5,-70.3,4596.0
-14.5,-70.2,4421.0
-14.5,-70.1,4759.0
-14.5,-70.0,4609.0
-14.5,-69.9,4543.0
-14.5,-69.8,4499.0
-14.5,-69.7,4450.0
-14.5,-69.6,4470.0
-14.5,-69.5,4465.0
-14.5,-69.4,4437.0
-14.5,-69.3,4160.0
-14.5,-69.2,3669.0
-14.5,-69.1,3778.0
-14.5,-69.0,2287.0
-14.5,-68.9,2176.0
-14.5,-68.8,1729.0
-14.5,-68.7,1186.0
-14.5,-68.6,1477.0
-14.5,-68.5,1093.0
-14.5,-68.4,2066.0
-14.5,-68.3,2216.0
-14.5,-68.2,2036.0
-14.5,-68.1,1406.0
-14.5,-68.0,918.0
-14.25,-82.0,-5064.0
-14.25,-81.9,-4962.0
-14.25,-81.8,-4988.0
-14.25,-81.7,-5037.0
-14.25,-81.6,-4837.0
-14.25,-81.5,-4832.0
-14.25,-81.4,-4711.0
-14.25,-81.3,-4899.0
-14.25,-81.2,-4895.0
-14.25,-81.1,-4890.0
-14.25,-81.0,-4931.0
-14.25,-80.9,-4799.0
-14.25,-80.8,-4692.0
-14.25,-80.7,-4698.0
-14.25,-80.6,-4611.0
-14.25,-80.5,-4601.0
-14.25,-80.4,-4779.0
-14.25,-80.3,-4556.0
-14.25,-80.2,-4660.0
-14.25,-80.1,-4602.0
-14.25,-80.0,-4438.0
-14.25,-79.9,-4542.0
-14.25,-79.8,-4677.0
-14.25,-79.7,-4694.0
-14.25,-79.6,-4417.0
-14.25,-79.5,-4421.0
-14.25,-79.4,-4394.0
-14.25,-79.3,-4467.0
-14.25,-79.2,-4461.0
-14.25,-79.1,-4410.0
-14.25,-79.0,-4385.0
-14.25,-78.9,-4424.0
-14.25,-78.8,-4376.0
-14.25,-78.7,-4331.0
-14.25,-78.6,-4355.0
-14.25,-78.5,-4322.0
-14.25,-78.4,-4357.0
-14.25,-78.3,-4427.0
-14.25,-78.2,-4362.0
-14.25,-78.1,-4375.0
-14.25,-78.0,-4492.0
-14.25,-77.9,-4492.0
-14.25,-77.8,-4400.0
-14.25,-77.7,-4542.0
-14.25,-77.6,-4735.0
-14.25,-77.5,-4712.0
-14.25,-77.4,-5043.0
-14.25,-77.3,-5253.0
-14.25,-77.2,-4794.0
-14.25,-77.1,-4410.0
-14.25,-77.0,-3879.0
-14.25,-76.9,-3393.0
-14.25,-76.8,-2432.0
-14.25,-76.7,-2021.0
-14.25,-76.6,-1277.0
-14.25,-76.5,-617.0
-14.25,-76.4,-263.0
-14.25,-76.3,-183.0
-14.25,-76.2,-1.0
-14.25,-76.1,373.0
-14.25,-76.0,662.0
-14.25,-75.9,501.0
-14.25,-75.8,603.0
-14.25,-75.7,353.0
-14.25,-75.6,413.0
-14.25,-75.5,667.0
-14.25,-75.4,1632.0
-14.25,-75.3,1959.0
-14.25,-75.2,1716.0
-14.25,-75.1,1382.0
-14.25,-75.0,2588.0
-14.25,-74.9,3257.0
-14.25,-74.8,3725.0
-14.25,-74.7,4246.0
-14.25,-74.6,4259.0
-14.25,-74.5,4224.0
-14.25,-74.4,4092.0
-14.25,-74.3,4256.0
-14.25,-74.2,4284.0
-14.25,-74.1,4182.0
-14.25,-74.0,3082.0
-14.25,-73.9,4178.0
-14.25,-73.8,4394.0
-14.25,-73.7,4177.0
-14.25,-73.6,3736.0
-14.25,-73.5,3720.0
-14.25,-73.4,3786.0
-14.25,-73.3,3008.0
-14.25,-73.2,4230.0
-14.25,-73.1,4147.0
-14.25,-73.0,3812.0
-14.25,-72.9,4435.0
-14.25,-72.8,4588.0
-14.25,-72.7,4391.0
-14.25,-72.6,3558.0
-14.25,-72.5,4632.0
-14.25,-72.4,4412.0
-14.25,-72.3,4346.0
-14.25,-72.2,3603.0
-14.25,-72.1,3658.0
-14.25,-72.0,3989.0
-14.25,-71.9,3954.0
-14.25,-71.8,4081.0
-14.25,-71.7,3863.0
-14.25,-71.6,4282.0
-14.25,-71.5,4034.0
-14.25,-71.4,4060.0
-14.25,-71.3,3931.0
-14.25,-71.2,3746.0
-14.25,-71.1,4182.0
-14.25,-71.0,4329.0
-14.25,-70.9,4795.0
-14.25,-70.8,4584.0
-14.25,-70.7,4602.0
-14.25,-70.6,4689.0
-14.25,-70.5,4783.0
-14.25,-70.4,4491.0
-14.25,-70.3,4474.0
-14.25,-70.2,4333.0
-14.25,-70.1,4584.0
-14.25,-70.0,4790.0
-14.25,-69.9,4508.0
-14.25,-69.8,4752.0
-14.25,-69.7,4379.0
-14.25,-69.6,3033.0
-14.25,-69.5,3686.0
-14.25,-69.4,2463.0
-14.25,-69.3,2178.0
-14.25,-69.2,1731.0
-14.25,-69.1,2042.0
-14.25,-69.0,2045.0
-14.25,-68.9,1857.0
-14.25,-68.8,2072.0
-14.25,-68.7,1244.0
-14.25,-68.6,834.0
-14.25,-68.5,1340.0
-14.25,-68.4,1372.0
-14.25,-68.3,975.0
-14.25,-68.2,853.0
-14.25,-68.1,815.0
-14.25,-68.0,484.0
-14.0,-82.0,-4879.0
-14.0,-81.9,-4977.0
-14.0,-81.8,-4896.0
-14.0,-81.7,-4988.0
-14.0,-81.6,-5156.0
-14.0,-81.5,-4932.0
-14.0,-81.4,-5080.0
-14.0,-81.3,-4883.0
-14.0,-81.2,-4765.0
-14.0,-81.1,-4818.0
-14.0,-81.0,-4759.0
-14.0,-80.9,-4716.0
-14.0,-80.8,-4859.0
-14.0,-80.7,-4794.0
-14.0,-80.6,-4731.0
-14.0,-80.5,-4756.0
-14.0,-80.4,-4622.0
-14.0,-80.3,-4811.0
-14.0,-80.2,-4444.0
-14.0,-80.1,-4663.0
-14.0,-80.0,-4387.0
-14.0,-79.9,-4621.0
-14.0,-79.8,-4688.0
-14.0,-79.7,-4455.0
-14.0,-79.6,-4525.0
-14.0,-79.5,-4422.0
-14.0,-79.4,-4517.0
-14.0,-79.3,-4289.0
-14.0,-79.2,-4301.0
-14.0,-79.1,-4313.0
-14.0,-79.0,-4464.0
-14.0,-78.9,-4442.0
-14.0,-78.8,-4336.0
-14.0,-78.7,-4251.0
-14.0,-78.6,-4347.0
-14.0,-78.5,-4303.0
-14.0,-78.4,-4559.0
-14.0,-78.3,-4400.0
-14.0,-78.2,-4462.0
-14.0,-78.1,-4501.0
-14.0,-78.0,-4669.0
-14.0,-77.9,-4750.0
-14.0,-77.8,-4718.0
-14.0,-77.7,-4975.0
-14.0,-77.6,-5140.0
-14.0,-77.5,-5300.0
-14.0,-77.4,-4088.0
-14.0,-77.3,-4033.0
-14.0,-77.2,-3780.0
-14.0,-77.1,-3258.0
-14.0,-77.0,-2785.0
-14.0,-76.9,-2215.0
-14.0,-76.8,-1486.0
-14.0,-76.7,-775.0
-14.0,-76.6,-411.0
-14.0,-76.5,-208.0
-14.0,-76.4,-135.0
-14.0,-76.3,-1.0
-14.0,-76.2,167.0
-14.0,-76.1,267.0
-14.0,-76.0,473.0
-14.0,-75.9,460.0
-14.0,-75.8,478.0
-14.0,-75.7,455.0
-14.0,-75.6,1175.0
-14.0,-75.5,1723.0
-14.0,-75.4,2282.0
-14.0,-75.3,2714.0
-14.0,-75.2,3520.0
-14.0,-75.1,3514.0
-14.0,-75.0,2644.0
-14.0,-74.9,3581.0
-14.0,-74.8,4255.0
-14.0,-74.7,4017.0
-14.0,-74.6,4181.0
-14.0,-74.5,4250.0
-14.0,-74.4,3889.0
-14.0,-74.3,3958.0
-14.0,-74.2,4346.0
-14.0,-74.1,4347.0
-14.0,-74.0,4132.0
-14.0,-73.9,2789.0
-14.0,-73.8,3857.0
-14.0,-73.7,4102.0
-14.0,-73.6,3440.0
-14.0,-73.5,3991.0
-14.0,-73.4,4130.0
-14.0,-73.3,3567.0
-14.0,-73.2,3232.0
-14.0,-73.1,3261.0
-14.0,-73.0,3900.0
-14.0,-72.9,3728.0
-14.0,-72.8,4611.0
-14.0,-72.7,4615.0
-14.0,-72.6,3809.0
-14.0,-72.5,3971.0
-14.0,-72.4,4128.0
-14.0,-72.3,4078.0
-14.0,-72.2,3930.0
-14.0,-72.1,3423.0
-14.0,-72.0,3636.0
-14.0,-71.9,3937.0
-14.0,-71.8,4212.0
-14.0,-71.7,3908.0
-14.0,-71.6,3835.0
-14.0,-71.5,3829.0
-14.0,-71.4,4186.0
-14.0,-71.3,4643.0
-14.0,-71.2,4785.0
-14.0,-71.1,4874.0
-14.0,-71.0,4630.0
-14.0,-70.9,4973.0
-14.0,-70.8,4831.0
-14.0,-70.7,4853.0
-14.0,-70.6,4618.0
-14.0,-70.5,4361.0
-14.0,-70.4,4559.0
-14.0,-70.3,4746.0
-14.0,-70.2,4647.0
-14.0,-70.1,4496.0
-14.0,-70.0,4118.0
-14.0,-69.9,4695.0
-14.0,-69.8,3842.0
-14.0,-69.7,3074.0
-14.0,-69.6,2846.0
-14.0,-69.5,1749.0
-14.0,-69.4,1346.0
-14.0,-69.3,1529.0
-14.0,-69.2,1434.0
-14.0,-69.1,1711.0
-14.0,-69.0,1289.0
-14.0,-68.9,1235.0
-14.0,-68.8,1580.0
-14.0,-68.7,1460.0
-14.0,-68.6,1387.0
-14.0,-68.5,1114.0
-14.0,-68.4,965.0
-14.0,-68.3,578.0
-14.0,-68.2,715.0
-14.0,-68.1,653.0
-14.0,-68.0,386.0
-13.75,-82.0,-4848.0
-13.75,-81.9,-4871.0
-13.75,-81.8,-4980.0
-13.75,-81.7,-4866.0
-13.75,-81.6,-4902.0
-13.75,-81.5,-4917.0
-13.75,-81.4,-4861.0
-13.75,-81.3,-4987.0
-13.75,-81.2,-4898.0
-13.75,-81.1,-4884.0
-13.75,-81.0,-4911.0
-13.75,-80.9,-4882.0
-13.75,-80.8,-4753.0
-13.75,-80.7,-4684.0
-13.75,-80.6,-4713.0
-13.75,-80.5,-4675.0
-13.75,-80.4,-4646.0
-13.75,-80.3,-4617.0
-13.75,-80.2,-4585.0
-13.75,-80.1,-4446.0
-13.75,-80.0,-4471.0
-13.75,-79.9,-4441.0
-13.75,-79.8,-4518.0
-13.75,-79.7,-4490.0
-13.75,-79.6,-4443.0
-13.75,-79.5,-4443.0
-13.75,-79.4,-4444.0
-13.75,-79.3,-4457.0
-13.75,-79.2,-4597.0
-13.75,-79.1,-4437.0
-13.75,-79.0,-4526.0
-13.75,-78.9,-4472.0
-13.75,-78.8,-4422.0
-13.75,-78.7,-4571.0
-13.75,-78.6,-4418.0
-13.75,-78.5,-4489.0
-13.75,-78.4,-4588.0
-13.75,-78.3,-4712.0
-13.75,-78.2,-4715.0
-13.75,-78.1,-4702.0
-13.75,-78.0,-4897.0
-13.75,-77.9,-5041.0
-13.75,-77.8,-5345.0
-13.75,-77.7,-5429.0
-13.75,-77.6,-4456.0
-13.75,-77.5,-4073.0
-13.75,-77.4,-3810.0
-13.75,-77.3,-3343.0
-13.75,-77.2,-2599.0
-13.75,-77.1,-2135.0
-13.75,-77.0,-1660.0
-13.75,-76.9,-900.0
-13.75,-76.8,-665.0
-13.75,-76.7,-348.0
-13.75,-76.6,-202.0
-13.75,-76.5,-133.0
-13.75,-76.4,-2.0
-13.75,-76.3,-1.0
-13.75,-76.2,29.0
-13.75,-76.1,174.0
-13.75,-76.0,263.0
-13.75,-75.9,415.0
-13.75,-75.8,950.0
-13.75,-75.7,1421.0
-13.75,-75.6,2577.0
-13.75,-75.5,2237.0
-13.75,-75.4,2939.0
-13.75,-75.3,3205.0
-13.75,-75.2,4053.0
-13.75,-75.1,3870.0
-13.75,-75.0,4239.0
-13.75,-74.9,4318.0
-13.75,-74.8,4467.0
-13.75,-74.7,4452.0
-13.75,-74.6,4518.0
-13.75,-74.5,4027.0
-13.75,-74.4,4137.0
-13.75,-74.3,3463.0
-13.75,-74.2,4330.0
-13.75,-74.1,3976.0
-13.75,-74.0,3272.0
-13.75,-73.9,3994.0
-13.75,-73.8,3077.0
-13.75,-73.7,2243.0
-13.75,-73.6,3305.0
-13.75,-73.5,3566.0
-13.75,-73.4,3590.0
-13.75,-73.3,4081.0
-13.75,-73.2,4334.0
-13.75,-73.1,4370.0
-13.75,-73.0,3232.0
-13.75,-72.9,2400.0
-13.75,-72.8,4337.0
-13.75,-72.7,4499.0
-13.75,-72.6,4445.0
-13.75,-72.5,4145.0
-13.75,-72.4,4089.0
-13.75,-72.3,3738.0
-13.75,-72.2,3002.0
-13.75,-72.1,3231.0
-13.75,-72.0,3421.0
-13.75,-71.9,3929.0
-13.75,-71.8,3507.0
-13.75,-71.7,4476.0
-13.75,-71.6,3447.0
-13.75,-71.5,4193.0
-13.75,-71.4,4078.0
-13.75,-71.3,4454.0
-13.75,-71.2,4799.0
-13.75,-71.1,5488.0
-13.75,-71.0,5336.0
-13.75,-70.9,5117.0
-13.75,-70.8,4641.0
-13.75,-70.7,4971.0
-13.75,-70.6,4377.0
-13.75,-70.5,4032.0
-13.75,-70.4,4178.0
-13.75,-70.3,3473.0
-13.75,-70.2,2929.0
-13.75,-70.1,3445.0
-13.75,-70.0,2215.0
-13.75,-69.9,1753.0
-13.75,-69.8,1286.0
-13.75,-69.7,1103.0
-13.75,-69.6,1362.0
-13.75,-69.5,1251.0
-13.75,-69.4,1173.0
-13.75,-69.3,1191.0
-13.75,-69.2,1047.0
-13.75,-69.1,896.0
-13.75,-69.0,1022.0
-13.75,-68.9,894.0
-13.75,-68.8,557.0
-13.75,-68.7,838.0
-13.75,-68.6,334.0
-13.75,-68.5,387.0
-13.75,-68.4,664.0
-13.75,-68.3,309.0
-13.75,-68.2,292.0
-13.75,-68.1,254.0
-13.75,-68.0,242.0
-13.5,-82.0,-4820.0
-13.5,-81.9,-4798.0
-13.5,-81.8,-4852.0
-13.5,-81.7,-4837.0
-13.5,-81.6,-4882.0
-13.5,-81.5,-4897.0
-13.5,-81.4,-4792.0
-13.5,-81.3,-4882.0
-13.5,-81.2,-4852.0
-13.5,-81.1,-4837.0
-13.5,-81.0,-4813.0
-13.5,-80.9,-4894.0
-13.5,-80.8,-4769.0
-13.5,-80.7,-4780.0
-13.5,-80.6,-4660.0
-13.5,-80.5,-4638.0
-13.5,-80.4,-4670.0
-13.5,-80.3,-4697.0
-13.5,-80.2,-4605.0
-13.5,-80.1,-4515.0
-13.5,-80.0,-4401.0
-13.5,-79.9,-4442.0
-13.5,-79.8,-4483.0
-13.5,-79.7,-4474.0
-13.5,-79.6,-4507.0
-13.5,-79.5,-4562.0
-13.5,-79.4,-4417.0
-13.5,-79.3,-4568.0
-13.5,-79.2,-4445.0
-13.5,-79.1,-4524.0
-13.5,-79.0,-4534.0
-13.5,-78.9,-4463.0
-13.5,-78.8,-4486.0
-13.5,-78.7,-4621.0
-13.5,-78.6,-4656.0
-13.5,-78.5,-4670.0
-13.5,-78.4,-4702.0
-13.5,-78.3,-4719.0
-13.5,-78.2,-4907.0
-13.5,-78.1,-5142.0
-13.5,-78.0,-5446.0
-13.5,-77.9,-5463.0
-13.5,-77.8,-4717.0
-13.5,-77.7,-3862.0
-13.5,-77.6,-3515.0
-13.5,-77.5,-3552.0
-13.5,-77.4,-2935.0
-13.5,-77.3,-2323.0
-13.5,-77.2,-1884.0
-13.5,-77.1,-1289.0
-13.5,-77.0,-660.0
-13.5,-76.9,-470.0
-13.5,-76.8,-259.0
-13.5,-76.7,-178.0
-13.5,-76.6,-148.0
-13.5,-76.5,-113.0
-13.5,-76.4,-98.0
-13.5,-76.3,-54.0
-13.5,-76.2,-2.0
-13.5,-76.1,94.0
-13.5,-76.0,393.0
-13.5,-75.9,1131.0
-13.5,-75.8,2257.0
-13.5,-75.7,2030.0
-13.5,-75.6,2454.0
-13.5,-75.5,2483.0
-13.5,-75.4,3668.0
-13.5,-75.3,3472.0
-13.5,-75.2,4057.0
-13.5,-75.1,4422.0
-13.5,-75.0,4514.0
-13.5,-74.9,4301.0
-13.5,-74.8,4038.0
-13.5,-74.7,4504.0
-13.5,-74.6,4169.0
-13.5,-74.5,4367.0
-13.5,-74.4,4191.0
-13.5,-74.3,4068.0
-13.5,-74.2,3632.0
-13.5,-74.1,3418.0
-13.5,-74.0,3986.0
-13.5,-73.9,3527.0
-13.5,-73.8,2277.0
-13.5,-73.7,3361.0
-13.5,-73.6,4012.0
-13.5,-73.5,2157.0
-13.5,-73.4,2300.0
-13.5,-73.3,2896.0
-13.5,-73.2,3521.0
-13.5,-73.1,1503.0
-13.5,-73.0,3409.0
-13.5,-72.9,3195.0
-13.5,-72.8,3011.0
-13.5,-72.7,2154.0
-13.5,-72.6,2567.0
-13.5,-72.5,2423.0
-13.5,-72.4,3667.0
-13.5,-72.3,3741.0
-13.5,-72.2,3342.0
-13.5,-72.1,3800.0
-13.5,-72.0,3665.0
-13.5,-71.9,3897.0
-13.5,-71.8,3901.0
-13.5,-71.7,3826.0
-13.5,-71.6,3516.0
-13.5,-71.5,4106.0
-13.5,-71.4,4283.0
-13.5,-71.3,4648.0
-13.5,-71.2,4657.0
-13.5,-71.1,4510.0
-13.5,-71.0,3218.0
-13.5,-70.9,1911.0
-13.5,-70.8,3784.0
-13.5,-70.7,4052.0
-13.5,-70.6,2437.0
-13.5,-70.5,2283.0
-13.5,-70.4,1109.0
-13.5,-70.3,1655.0
-13.5,-70.2,600.0
-13.5,-70.1,1325.0
-13.5,-70.0,1035.0
-13.5,-69.9,392.0
-13.5,-69.8,345.0
-13.5,-69.7,400.0
-13.5,-69.6,838.0
-13.5,-69.5,559.0
-13.5,-69.4,528.0
-13.5,-69.3,460.0
-13.5,-69.2,410.0
-13.5,-69.1,363.0
-13.5,-69.0,279.0
-13.5,-68.9,252.0
-13.5,-68.8,249.0
-13.5,-68.7,248.0
-13.5,-68.6,244.0
-13.5,-68.5,251.0
-13.5,-68.4,247.0
-13.5,-68.3,248.0
-13.5,-68.2,238.0
-13.5,-68.1,232.0
-13.5,-68.0,222.0
-13.25,-82.0,-4781.0
-13.25,-81.9,-4815.0
-13.25,-81.8,-4743.0
-13.25,-81.7,-4861.0
-13.25,-81.6,-4847.0
-13.25,-81.5,-4889.0
-13.25,-81.4,-4943.0
-13.25,-81.3,-4805.0
-13.25,-81.2,-4871.0
-13.25,-81.1,-4782.0
-13.25,-81.0,-4717.0
-13.25,-80.9,-4737.0
-13.25,-80.8,-4679.0
-13.25,-80.7,-4659.0
-13.25,-80.6,-4729.0
-13.25,-80.5,-4650.0
-13.25,-80.4,-4700.0
-13.25,-80.3,-4656.0
-13.25,-80.2,-4614.0
-13.25,-80.1,-4504.0
-13.25,-80.0,-4649.0
-13.25,-79.9,-4531.0
-13.25,-79.8,-4524.0
-13.25,-79.7,-4512.0
-13.25,-79.6,-4470.0
-13.25,-79.5,-4432.0
-13.25,-79.4,-4622.0
-13.25,-79.3,-4442.0
-13.25,-79.2,-4472.0
-13.25,-79.1,-4766.0
-13.25,-79.0,-4543.0
-13.25,-78.9,-4698.0
-13.25,-78.8,-4739.0
-13.25,-78.7,-4761.0
-13.25,-78.6,-4822.0
-13.25,-78.5,-4850.0
-13.25,-78.4,-4879.0
-13.25,-78.3,-5139.0
-13.25,-78.2,-5517.0
-13.25,-78.1,-5662.0
-13.25,-78.0,-4773.0
-13.25,-77.9,-3919.0
-13.25,-77.8,-3427.0
-13.25,-77.7,-2984.0
-13.25,-77.6,-2706.0
-13.25,-77.5,-2055.0
-13.25,-77.4,-1490.0
-13.25,-77.3,-1302.0
-13.25,-77.2,-1446.0
-13.25,-77.1,-1343.0
-13.25,-77.0,-863.0
-13.25,-76.9,-367.0
-13.25,-76.8,-209.0
-13.25,-76.7,-141.0
-13.25,-76.6,-119.0
-13.25,-76.5,-106.0
-13.25,-76.4,-37.0
-13.25,-76.3,90.0
-13.25,-76.2,221.0
-13.25,-76.1,669.0
-13.25,-76.0,1329.0
-13.25,-75.9,1563.0
-13.25,-75.8,2440.0
-13.25,-75.7,3943.0
-13.25,-75.6,2658.0
-13.25,-75.5,3905.0
-13.25,-75.4,4196.0
-13.25,-75.3,4409.0
-13.25,-75.2,4720.0
-13.25,-75.1,4630.0
-13.25,-75.0,4632.0
-13.25,-74.9,4700.0
-13.25,-74.8,4729.0
-13.25,-74.7,4506.0
-13.25,-74.6,4469.0
-13.25,-74.5,4195.0
-13.25,-74.4,3629.0
-13.25,-74.3,3935.0
-13.25,-74.2,3228.0
-13.25,-74.1,3458.0
-13.25,-74.0,3206.0
-13.25,-73.9,3414.0
-13.25,-73.8,2343.0
-13.25,-73.7,2431.0
-13.25,-73.6,3616.0
-13.25,-73.5,3551.0
-13.25,-73.4,1874.0
-13.25,-73.3,1961.0
-13.25,-73.2,4078.0
-13.25,-73.1,4658.0
-13.25,-73.0,4041.0
-13.25,-72.9,4490.0
-13.25,-72.8,4803.0
-13.25,-72.7,4298.0
-13.25,-72.6,3349.0
-13.25,-72.5,4433.0
-13.25,-72.4,3742.0
-13.25,-72.3,3037.0
-13.25,-72.2,3564.0
-13.25,-72.1,4094.0
-13.25,-72.0,4732.0
-13.25,-71.9,4032.0
-13.25,-71.8,3897.0
-13.25,-71.7,3535.0
-13.25,-71.6,3745.0
-13.25,-71.5,3210.0
-13.25,-71.4,3110.0
-13.25,-71.3,3353.0
-13.25,-71.2,1773.0
-13.25,-71.1,2521.0
-13.25,-71.0,1664.0
-13.25,-70.9,1301.0
-13.25,-70.8,877.0
-13.25,-70.7,627.0
-13.25,-70.6,503.0
-13.25,-70.5,511.0
-13.25,-70.4,518.0
-13.25,-70.3,727.0
-13.25,-70.2,610.0
-13.25,-70.1,866.0
-13.25,-70.0,323.0
-13.25,-69.9,304.0
-13.25,-69.8,315.0
-13.25,-69.7,311.0
-13.25,-69.6,278.0
-13.25,-69.5,278.0
-13.25,-69.4,266.0
-13.25,-69.3,264.0
-13.25,-69.2,258.0
-13.25,-69.1,251.0
-13.25,-69.0,237.0
-13.25,-68.9,231.0
-13.25,-68.8,231.0
-13.25,-68.7,227.0
-13.25,-68.6,226.0
-13.25,-68.5,224.0
-13.25,-68.4,219.0
-13.25,-68.3,208.0
-13.25,-68.2,201.0
-13.25,-68.1,196.0
-13.25,-68.0,191.0
-13.0,-82.0,-4823.0
-13.0,-81.9,-4830.0
-13.0,-81.8,-4809.0
-13.0,-81.7,-4737.0
-13.0,-81.6,-4765.0
-13.0,-81.5,-4794.0
-13.0,-81.4,-4795.0
-13.0,-81.3,-4796.0
-13.0,-81.2,-4780.0
-13.0,-81.1,-4658.0
-13.0,-81.0,-4676.0
-13.0,-80.9,-4652.0
-13.0,-80.8,-4629.0
-13.0,-80.7,-4725.0
-13.0,-80.6,-4717.0
-13.0,-80.5,-4545.0
-13.0,-80.4,-4556.0
-13.0,-80.3,-4615.0
-13.0,-80.2,-4581.0
-13.0,-80.1,-4662.0
-13.0,-80.0,-4594.0
-13.0,-79.9,-4546.0
-13.0,-79.8,-4653.0
-13.0,-79.7,-4539.0
-13.0,-79.6,-4604.0
-13.0,-79.5,-4693.0
-13.0,-79.4,-4332.0
-13.0,-79.3,-4566.0
-13.0,-79.2,-4666.0
-13.0,-79.1,-4587.0
-13.0,-79.0,-4766.0
-13.0,-78.9,-4760.0
-13.0,-78.8,-4794.0
-13.0,-78.7,-4899.0
-13.0,-78.6,-5018.0
-13.0,-78.5,-5193.0
-13.0,-78.4,-5293.0
-13.0,-78.3,-5924.0
-13.0,-78.2,-5433.0
-13.0,-78.1,-4327.0
-13.0,-78.0,-3441.0
-13.0,-77.9,-3450.0
-13.0,-77.8,-2844.0
-13.0,-77.7,-2421.0
-13.0,-77.6,-1947.0
-13.0,-77.5,-1522.0
-13.0,-77.4,-1397.0
-13.0,-77.3,-1365.0
-13.0,-77.2,-1239.0
-13.0,-77.1,-878.0
-13.0,-77.0,-497.0
-13.0,-76.9,-288.0
-13.0,-76.8,-173.0
-13.0,-76.7,-127.0
-13.0,-76.6,-105.0
-13.0,-76.5,-1.0
-13.0,-76.4,89.0
-13.0,-76.3,376.0
-13.0,-76.2,616.0
-13.0,-76.1,1193.0
-13.0,-76.0,3049.0
-13.0,-75.9,3588.0
-13.0,-75.8,3823.0
-13.0,-75.7,4031.0
-13.0,-75.6,4428.0
-13.0,-75.5,4329.0
-13.0,-75.4,4598.0
-13.0,-75.3,4722.0
-13.0,-75.2,4813.0
-13.0,-75.1,4648.0
-13.0,-75.0,4680.0
-13.0,-74.9,4390.0
-13.0,-74.8,3716.0
-13.0,-74.7,4013.0
-13.0,-74.6,3998.0
-13.0,-74.5,3695.0
-13.0,-74.4,3406.0
-13.0,-74.3,2445.0
-13.0,-74.2,3014.0
-13.0,-74.1,4124.0
-13.0,-74.0,3335.0
-13.0,-73.9,3531.0
-13.0,-73.8,3832.0
-13.0,-73.7,2812.0
-13.0,-73.6,1941.0
-13.0,-73.5,774.0
-13.0,-73.4,2435.0
-13.0,-73.3,3986.0
-13.0,-73.2,3195.0
-13.0,-73.1,3324.0
-13.0,-73.0,3775.0
-13.0,-72.9,3946.0
-13.0,-72.8,2879.0
-13.0,-72.7,2693.0
-13.0,-72.6,1485.0
-13.0,-72.5,2126.0
-13.0,-72.4,3985.0
-13.0,-72.3,3821.0
-13.0,-72.2,4623.0
-13.0,-72.1,3918.0
-13.0,-72.0,3535.0
-13.0,-71.9,3755.0
-13.0,-71.8,3227.0
-13.0,-71.7,3094.0
-13.0,-71.6,1301.0
-13.0,-71.5,1251.0
-13.0,-71.4,696.0
-13.0,-71.3,663.0
-13.0,-71.2,824.0
-13.0,-71.1,812.0
-13.0,-71.0,795.0
-13.0,-70.9,527.0
-13.0,-70.8,493.0
-13.0,-70.7,386.0
-13.0,-70.6,420.0
-13.0,-70.5,433.0
-13.0,-70.4,520.0
-13.0,-70.3,402.0
-13.0,-70.2,302.0
-13.0,-70.1,269.0
-13.0,-70.0,255.0
-13.0,-69.9,244.0
-13.0,-69.8,234.0
-13.0,-69.7,229.0
-13.0,-69.6,227.0
-13.0,-69.5,209.0
-13.0,-69.4,227.0
-13.0,-69.3,239.0
-13.0,-69.2,235.0
-13.0,-69.1,228.0
-13.0,-69.0,224.0
-13.0,-68.9,212.0
-13.0,-68.8,205.0
-13.0,-68.7,211.0
-13.0,-68.6,207.0
-13.0,-68.5,203.0
-13.0,-68.4,202.0
-13.0,-68.3,201.0
-13.0,-68.2,193.0
-13.0,-68.1,195.0
-13.0,-68.0,189.0
-12.75,-82.0,-4758.0
-12.75,-81.9,-4762.0
-12.75,-81.8,-4752.0
-12.75,-81.7,-4761.0
-12.75,-81.6,-4703.0
-12.75,-81.5,-4767.0
-12.75,-81.4,-4794.0
-12.75,-81.3,-4764.0
-12.75,-81.2,-4764.0
-12.75,-81.1,-4696.0
-12.75,-81.0,-4677.0
-12.75,-80.9,-4650.0
-12.75,-80.8,-4650.0
-12.75,-80.7,-4484.0
-12.75,-80.6,-4600.0
-12.75,-80.5,-4617.0
-12.75,-80.4,-4562.0
-12.75,-80.3,-4602.0
-12.75,-80.2,-4605.0
-12.75,-80.1,-4737.0
-12.75,-80.0,-4652.0
-12.75,-79.9,-4633.0
-12.75,-79.8,-4641.0
-12.75,-79.7,-4600.0
-12.75,-79.6,-4773.0
-12.75,-79.5,-4580.0
-12.75,-79.4,-4729.0
-12.75,-79.3,-4773.0
-12.75,-79.2,-4677.0
-12.75,-79.1,-4714.0
-12.75,-79.0,-4785.0
-12.75,-78.9,-4821.0
-12.75,-78.8,-5039.0
-12.75,-78.7,-5200.0
-12.75,-78.6,-5381.0
-12.75,-78.5,-5720.0
-12.75,-78.4,-5881.0
-12.75,-78.3,-4772.0
-12.75,-78.2,-4080.0
-12.75,-78.1,-3478.0
-12.75,-78.0,-3166.0
-12.75,-77.9,-2520.0
-12.75,-77.8,-2125.0
-12.75,-77.7,-1694.0
-12.75,-77.6,-1291.0
-12.75,-77.5,-1152.0
-12.75,-77.4,-930.0
-12.75,-77.3,-625.0
-12.75,-77.2,-479.0
-12.75,-77.1,-357.0
-12.75,-77.0,-266.0
-12.75,-76.9,-167.0
-12.75,-76.8,-131.0
-12.75,-76.7,-53.0
-12.75,-76.6,40.0
-12.75,-76.5,234.0
-12.75,-76.4,1055.0
-12.75,-76.3,2078.0
-12.75,-76.2,1822.0
-12.75,-76.1,3243.0
-12.75,-76.0,3051.0
-12.75,-75.9,2051.0
-12.75,-75.8,3387.0
-12.75,-75.7,4526.0
-12.75,-75.6,4146.0
-12.75,-75.5,4575.0
-12.75,-75.4,4690.0
-12.75,-75.3,4380.0
-12.75,-75.2,4561.0
-12.75,-75.1,4586.0
-12.75,-75.0,4420.0
-12.75,-74.9,4126.0
-12.75,-74.8,4086.0
-12.75,-74.7,3939.0
-12.75,-74.6,4025.0
-12.75,-74.5,2908.0
-12.75,-74.4,3148.0
-12.75,-74.3,2272.0
-12.75,-74.2,4244.0
-12.75,-74.1,3913.0
-12.75,-74.0,2653.0
-12.75,-73.9,2463.0
-12.75,-73.8,1616.0
-12.75,-73.7,1022.0
-12.75,-73.6,1315.0
-12.75,-73.5,2420.0
-12.75,-73.4,1655.0
-12.75,-73.3,1455.0
-12.75,-73.2,1414.0
-12.75,-73.1,1740.0
-12.75,-73.0,1893.0
-12.75,-72.9,1956.0
-12.75,-72.8,2079.0
-12.75,-72.7,2632.0
-12.75,-72.6,2095.0
-12.75,-72.5,1946.0
-12.75,-72.4,1319.0
-12.75,-72.3,1899.0
-12.75,-72.2,1895.0
-12.75,-72.1,3574.0
-12.75,-72.0,1828.0
-12.75,-71.9,3663.0
-12.75,-71.8,1699.0
-12.75,-71.7,965.0
-12.75,-71.6,975.0
-12.75,-71.5,652.0
-12.75,-71.4,512.0
-12.75,-71.3,559.0
-12.75,-71.2,498.0
-12.75,-71.1,456.0
-12.75,-71.0,382.0
-12.75,-70.9,356.0
-12.75,-70.8,330.0
-12.75,-70.7,305.0
-12.75,-70.6,277.0
-12.75,-70.5,272.0
-12.75,-70.4,295.0
-12.75,-70.3,284.0
-12.75,-70.2,274.0
-12.75,-70.1,259.0
-12.75,-70.0,244.0
-12.75,-69.9,235.0
-12.75,-69.8,208.0
-12.75,-69.7,237.0
-12.75,-69.6,236.0
-12.75,-69.5,246.0
-12.75,-69.4,238.0
-12.75,-69.3,221.0
-12.75,-69.2,203.0
-12.75,-69.1,228.0
-12.75,-69.0,212.0
-12.75,-68.9,218.0
-12.75,-68.8,201.0
-12.75,-68.7,208.0
-12.75,-68.6,214.0
-12.75,-68.5,213.0
-12.75,-68.4,198.0
-12.75,-68.3,196.0
-12.75,-68.2,197.0
-12.75,-68.1,197.0
-12.75,-68.0,190.0
-12.5,-82.0,-4818.0
-12.5,-81.9,-4795.0
-12.5,-81.8,-4779.0
-12.5,-81.7,-4657.0
-12.5,-81.6,-4692.0
-12.5,-81.5,-4639.0
-12.5,-81.4,-4683.0
-12.5,-81.3,-4722.0
-12.5,-81.2,-4614.0
-12.5,-81.1,-4610.0
-12.5,-81.0,-4742.0
-12.5,-80.9,-4622.0
-12.5,-80.8,-4709.0
-12.5,-80.7,-4647.0
-12.5,-80.6,-4613.0
-12.5,-80.5,-4661.0
-12.5,-80.4,-4569.0
-12.5,-80.3,-4595.0
-12.5,-80.2,-4674.0
-12.5,-80.1,-4666.0
-12.5,-80.0,-4666.0
-12.5,-79.9,-4813.0
-12.5,-79.8,-4643.0
-12.5,-79.7,-4629.0
-12.5,-79.6,-4675.0
-12.5,-79.5,-4727.0
-12.5,-79.4,-4889.0
-12.5,-79.3,-4843.0
-12.5,-79.2,-4782.0
-12.5,-79.1,-4904.0
-12.5,-79.0,-4984.0
-12.5,-78.9,-5189.0
-12.5,-78.8,-5433.0
-12.5,-78.7,-5666.0
-12.5,-78.6,-5823.0
-12.5,-78.5,-4684.0
-12.5,-78.4,-3716.0
-12.5,-78.3,-3742.0
-12.5,-78.2,-3337.0
-12.5,-78.1,-2895.0
-12.5,-78.0,-2447.0
-12.5,-77.9,-1590.0
-12.5,-77.8,-1133.0
-12.5,-77.7,-908.0
-12.5,-77.6,-812.0
-12.5,-77.5,-534.0
-12.5,-77.4,-401.0
-12.5,-77.3,-311.0
-12.5,-77.2,-235.0
-12.5,-77.1,-164.0
-12.5,-77.0,-129.0
-12.5,-76.9,-113.0
-12.5,-76.8,32.0
-12.5,-76.7,188.0
-12.5,-76.6,997.0
-12.5,-76.5,1083.0
-12.5,-76.4,1650.0
-12.5,-76.3,1992.0
-12.5,-76.2,3103.0
-12.5,-76.1,4129.0
-12.5,-76.0,4408.0
-12.5,-75.9,2789.0
-12.5,-75.8,4689.0
-12.5,-75.7,4619.0
-12.5,-75.6,4705.0
-12.5,-75.5,4474.0
-12.5,-75.4,4423.0
-12.5,-75.3,4483.0
-12.5,-75.2,3694.0
-12.5,-75.1,4502.0
-12.5,-75.0,3068.0
-12.5,-74.9,3370.0
-12.5,-74.8,3909.0
-12.5,-74.7,3102.0
-12.5,-74.6,3856.0
-12.5,-74.5,3457.0
-12.5,-74.4,2098.0
-12.5,-74.3,2863.0
-12.5,-74.2,3737.0
-12.5,-74.1,1782.0
-12.5,-74.0,1707.0
-12.5,-73.9,1049.0
-12.5,-73.8,1197.0
-12.5,-73.7,2672.0
-12.5,-73.6,3343.0
-12.5,-73.5,3337.0
-12.5,-73.4,2860.0
-12.5,-73.3,1218.0
-12.5,-73.2,1580.0
-12.5,-73.1,1301.0
-12.5,-73.0,665.0
-12.5,-72.9,1228.0
-12.5,-72.8,1526.0
-12.5,-72.7,1384.0
-12.5,-72.6,1936.0
-12.5,-72.5,2248.0
-12.5,-72.4,2663.0
-12.5,-72.3,1550.0
-12.5,-72.2,3025.0
-12.5,-72.1,3673.0
-12.5,-72.0,2409.0
-12.5,-71.9,2062.0
-12.5,-71.8,2192.0
-12.5,-71.7,1698.0
-12.5,-71.6,1386.0
-12.5,-71.5,862.0
-12.5,-71.4,1167.0
-12.5,-71.3,426.0
-12.5,-71.2,369.0
-12.5,-71.1,368.0
-12.5,-71.0,352.0
-12.5,-70.9,335.0
-12.5,-70.8,322.0
-12.5,-70.7,311.0
-12.5,-70.6,266.0
-12.5,-70.5,261.0
-12.5,-70.4,257.0
-12.5,-70.3,292.0
-12.5,-70.2,282.0
-12.5,-70.1,285.0
-12.5,-70.0,299.0
-12.5,-69.9,305.0
-12.5,-69.8,291.0
-12.5,-69.7,289.0
-12.5,-69.6,290.0
-12.5,-69.5,267.0
-12.5,-69.4,236.0
-12.5,-69.3,251.0
-12.5,-69.2,190.0
-12.5,-69.1,219.0
-12.5,-69.0,193.0
-12.5,-68.9,192.0
-12.5,-68.8,191.0
-12.5,-68.7,186.0
-12.5,-68.6,185.0
-12.5,-68.5,202.0
-12.5,-68.4,198.0
-12.5,-68.3,217.0
-12.5,-68.2,211.0
-12.5,-68.1,209.0
-12.5,-68.0,200.0
-12.25,-82.0,-4880.0
-12.25,-81.9,-4891.0
-12.25,-81.8,-4741.0
-12.25,-81.7,-4808.0
-12.25,-81.6,-4673.0
-12.25,-81.5,-4604.0
-12.25,-81.4,-4612.0
-12.25,-81.3,-4556.0
-12.25,-81.2,-4597.0
-12.25,-81.1,-4609.0
-12.25,-81.0,-4577.0
-12.25,-80.9,-4606.0
-12.25,-80.8,-4556.0
-12.25,-80.7,-4570.0
-12.25,-80.6,-4597.0
-12.25,-80.5,-4636.0
-12.25,-80.4,-4659.0
-12.25,-80.3,-4590.0
-12.25,-80.2,-4868.0
-12.25,-80.1,-4713.0
-12.25,-80.0,-4706.0
-12.25,-79.9,-4717.0
-12.25,-79.8,-4752.0
-12.25,-79.7,-4712.0
-12.25,-79.6,-4758.0
-12.25,-79.5,-4893.0
-12.25,-79.4,-4816.0
-12.25,-79.3,-4948.0
-12.25,-79.2,-5065.0
-12.25,-79.1,-5156.0
-12.25,-79.0,-5438.0
-12.25,-78.9,-5771.0
-12.25,-78.8,-5903.0
-12.25,-78.7,-5143.0
-12.25,-78.6,-3597.0
-12.25,-78.5,-3219.0
-12.25,-78.4,-3205.0
-12.25,-78.3,-2911.0
-12.25,-78.2,-2500.0
-12.25,-78.1,-2079.0
-12.25,-78.0,-1889.0
-12.25,-77.9,-1762.0
-12.25,-77.8,-1568.0
-12.25,-77.7,-1168.0
-12.25,-77.6,-589.0
-12.25,-77.5,-202.0
-12.25,-77.4,-163.0
-12.25,-77.3,-134.0
-12.25,-77.2,-113.0
-12.25,-77.1,-86.0
-12.25,-77.0,-42.0
-12.25,-76.9,46.0
-12.25,-76.8,286.0
-12.25,-76.7,845.0
-12.25,-76.6,1120.0
-12.25,-76.5,1927.0
-12.25,-76.4,3449.0
-12.25,-76.3,3688.0
-12.25,-76.2,3234.0
-12.25,-76.1,4583.0
-12.25,-76.0,4695.0
-12.25,-75.9,4622.0
-12.25,-75.8,4061.0
-12.25,-75.7,4290.0
-12.25,-75.6,4535.0
-12.25,-75.5,4234.0
-12.25,-75.4,4052.0
-12.25,-75.3,4023.0
-12.25,-75.2,3434.0
-12.25,-75.1,4070.0
-12.25,-75.0,3768.0
-12.25,-74.9,2594.0
-12.25,-74.8,2628.0
-12.25,-74.7,2123.0
-12.25,-74.6,4144.0
-12.25,-74.5,3518.0
-12.25,-74.4,2229.0
-12.25,-74.3,1116.0
-12.25,-74.2,1896.0
-12.25,-74.1,891.0
-12.25,-74.0,559.0
-12.25,-73.9,1178.0
-12.25,-73.8,1949.0
-12.25,-73.7,2641.0
-12.25,-73.6,2712.0
-12.25,-73.5,3269.0
-12.25,-73.4,2514.0
-12.25,-73.3,1421.0
-12.25,-73.2,1548.0
-12.25,-73.1,1265.0
-12.25,-73.0,932.0
-12.25,-72.9,897.0
-12.25,-72.8,698.0
-12.25,-72.7,1154.0
-12.25,-72.6,1111.0
-12.25,-72.5,1505.0
-12.25,-72.4,1905.0
-12.25,-72.3,1517.0
-12.25,-72.2,1573.0
-12.25,-72.1,2297.0
-12.25,-72.0,1486.0
-12.25,-71.9,1148.0
-12.25,-71.8,877.0
-12.25,-71.7,705.0
-12.25,-71.6,509.0
-12.25,-71.5,419.0
-12.25,-71.4,429.0
-12.25,-71.3,421.0
-12.25,-71.2,349.0
-12.25,-71.1,319.0
-12.25,-71.0,305.0
-12.25,-70.9,306.0
-12.25,-70.8,346.0
-12.25,-70.7,364.0
-12.25,-70.6,337.0
-12.25,-70.5,365.0
-12.25,-70.4,341.0
-12.25,-70.3,302.0
-12.25,-70.2,334.0
-12.25,-70.1,334.0
-12.25,-70.0,319.0
-12.25,-69.9,296.0
-12.25,-69.8,300.0
-12.25,-69.7,306.0
-12.25,-69.6,309.0
-12.25,-69.5,283.0
-12.25,-69.4,273.0
-12.25,-69.3,222.0
-12.25,-69.2,272.0
-12.25,-69.1,267.0
-12.25,-69.0,259.0
-12.25,-68.9,233.0
-12.25,-68.8,238.0
-12.25,-68.7,252.0
-12.25,-68.6,241.0
-12.25,-68.5,241.0
-12.25,-68.4,173.0
-12.25,-68.3,172.0
-12.25,-68.2,181.0
-12.25,-68.1,221.0
-12.25,-68.0,215.0
-12.0,-82.0,-4758.0
-12.0,-81.9,-4781.0
-12.0,-81.8,-4839.0
-12.0,-81.7,-4728.0
-12.0,-81.6,-4762.0
-12.0,-81.5,-4702.0
-12.0,-81.4,-4538.0
-12.0,-81.3,-4455.0
-12.0,-81.2,-4453.0
-12.0,-81.1,-4425.0
-12.0,-81.0,-4469.0
-12.0,-80.9,-4537.0
-12.0,-80.8,-4589.0
-12.0,-80.7,-4538.0
-12.0,-80.6,-4516.0
-12.0,-80.5,-4644.0
-12.0,-80.4,-4525.0
-12.0,-80.3,-4611.0
-12.0,-80.2,-4671.0
-12.0,-80.1,-4692.0
-12.0,-80.0,-4773.0
-12.0,-79.9,-4739.0
-12.0,-79.8,-4779.0
-12.0,-79.7,-4852.0
-12.0,-79.6,-4966.0
-12.0,-79.5,-4958.0
-12.0,-79.4,-5131.0
-12.0,-79.3,-5175.0
-12.0,-79.2,-5439.0
-12.0,-79.1,-5713.0
-12.0,-79.0,-6109.0
-12.0,-78.9,-5373.0
-12.0,-78.8,-4394.0
-12.0,-78.7,-3861.0
-12.0,-78.6,-3368.0
-12.0,-78.5,-3005.0
-12.0,-78.4,-2428.0
-12.0,-78.3,-2203.0
-12.0,-78.2,-2062.0
-12.0,-78.1,-1964.0
-12.0,-78.0,-1741.0
-12.0,-77.9,-1145.0
-12.0,-77.8,-434.0
-12.0,-77.7,-221.0
-12.0,-77.6,-192.0
-12.0,-77.5,-157.0
-12.0,-77.4,-146.0
-12.0,-77.3,-157.0
-12.0,-77.2,-33.0
-12.0,-77.1,34.0
-12.0,-77.0,234.0
-12.0,-76.9,419.0
-12.0,-76.8,1005.0
-12.0,-76.7,1400.0
-12.0,-76.6,1573.0
-12.0,-76.5,3641.0
-12.0,-76.4,3154.0
-12.0,-76.3,4609.0
-12.0,-76.2,4663.0
-12.0,-76.1,4381.0
-12.0,-76.0,5069.0
-12.0,-75.9,4643.0
-12.0,-75.8,4444.0
-12.0,-75.7,4372.0
-12.0,-75.6,3814.0
-12.0,-75.5,3608.0
-12.0,-75.4,3897.0
-12.0,-75.3,3293.0
-12.0,-75.2,3497.0
-12.0,-75.1,4117.0
-12.0,-75.0,4344.0
-12.0,-74.9,2914.0
-12.0,-74.8,3509.0
-12.0,-74.7,1911.0
-12.0,-74.6,1310.0
-12.0,-74.5,1981.0
-12.0,-74.4,3348.0
-12.0,-74.3,1917.0
-12.0,-74.2,1613.0
-12.0,-74.1,810.0
-12.0,-74.0,421.0
-12.0,-73.9,612.0
-12.0,-73.8,1302.0
-12.0,-73.7,1644.0
-12.0,-73.6,2281.0
-12.0,-73.5,2406.0
-12.0,-73.4,2384.0
-12.0,-73.3,1223.0
-12.0,-73.2,504.0
-12.0,-73.1,574.0
-12.0,-73.0,725.0
-12.0,-72.9,402.0
-12.0,-72.8,548.0
-12.0,-72.7,804.0
-12.0,-72.6,1557.0
-12.0,-72.5,1913.0
-12.0,-72.4,1005.0
-12.0,-72.3,1141.0
-12.0,-72.2,1082.0
-12.0,-72.1,822.0
-12.0,-72.0,779.0
-12.0,-71.9,547.0
-12.0,-71.8,611.0
-12.0,-71.7,423.0
-12.0,-71.6,398.0
-12.0,-71.5,402.0
-12.0,-71.4,379.0
-12.0,-71.3,333.0
-12.0,-71.2,339.0
-12.0,-71.1,365.0
-12.0,-71.0,406.0
-12.0,-70.9,379.0
-12.0,-70.8,360.0
-12.0,-70.7,330.0
-12.0,-70.6,372.0
-12.0,-70.5,371.0
-12.0,-70.4,366.0
-12.0,-70.3,376.0
-12.0,-70.2,348.0
-12.0,-70.1,316.0
-12.0,-70.0,274.0
-12.0,-69.9,316.0
-12.0,-69.8,334.0
-12.0,-69.7,289.0
-12.0,-69.6,292.0
-12.0,-69.5,295.0
-12.0,-69.4,298.0
-12.0,-69.3,281.0
-12.0,-69.2,280.0
-12.0,-69.1,296.0
-12.0,-69.0,282.0
-12.0,-68.9,248.0
-12.0,-68.8,246.0
-12.0,-68.7,225.0
-12.0,-68.6,255.0
-12.0,-68.5,246.0
-12.0,-68.4,246.0
-12.0,-68.3,237.0
-12.0,-68.2,209.0
-12.0,-68.1,182.0
-12.0,-68.0,229.0
-11.75,-82.0,-4677.0
-11.75,-81.9,-4698.0
-11.75,-81.8,-4617.0
-11.75,-81.7,-4723.0
-11.75,-81.6,-4599.0
-11.75,-81.5,-4479.0
-11.75,-81.4,-4559.0
-11.75,-81.3,-4513.0
-11.75,-81.2,-4514.0
-11.75,-81.1,-4482.0
-11.75,-81.0,-4544.0
-11.75,-80.9,-4543.0
-11.75,-80.8,-4452.0
-11.75,-80.7,-4577.0
-11.75,-80.6,-4701.0
-11.75,-80.5,-4668.0
-11.75,-80.4,-4688.0
-11.75,-80.3,-4706.0
-11.75,-80.2,-4709.0
-11.75,-80.1,-4887.0
-11.75,-80.0,-4870.0
-11.75,-79.9,-4790.0
-11.75,-79.8,-4932.0
-11.75,-79.7,-5015.0
-11.75,-79.6,-5081.0
-11.75,-79.5,-5196.0
-11.75,-79.4,-5433.0
-11.75,-79.3,-5637.0
-11.75,-79.2,-6031.0
-11.75,-79.1,-6037.0
-11.75,-79.0,-4830.0
-11.75,-78.9,-3926.0
-11.75,-78.8,-3710.0
-11.75,-78.7,-3244.0
-11.75,-78.6,-2774.0
-11.75,-78.5,-2126.0
-11.75,-78.4,-1641.0
-11.75,-78.3,-1481.0
-11.75,-78.2,-1403.0
-11.75,-78.1,-826.0
-11.75,-78.0,-526.0
-11.75,-77.9,-337.0
-11.75,-77.8,-176.0
-11.75,-77.7,-144.0
-11.75,-77.6,-125.0
-11.75,-77.5,-113.0
-11.75,-77.4,-97.0
-11.75,-77.3,-61.0
-11.75,-77.2,-1.0
-11.75,-77.1,301.0
-11.75,-77.0,833.0
-11.75,-76.9,1206.0
-11.75,-76.8,2656.0
-11.75,-76.7,3417.0
-11.75,-76.6,2877.0
-11.75,-76.5,4600.0
-11.75,-76.4,4480.0
-11.75,-76.3,3566.0
-11.75,-76.2,4790.0
-11.75,-76.1,4407.0
-11.75,-76.0,4473.0
-11.75,-75.9,4310.0
-11.75,-75.8,4302.0
-11.75,-75.7,4116.0
-11.75,-75.6,3702.0
-11.75,-75.5,3368.0
-11.75,-75.4,4080.0
-11.75,-75.3,4494.0
-11.75,-75.2,4413.0
-11.75,-75.1,4290.0
-11.75,-75.0,4179.0
-11.75,-74.9,3524.0
-11.75,-74.8,2591.0
-11.75,-74.7,3676.0
-11.75,-74.6,3358.0
-11.75,-74.5,2302.0
-11.75,-74.4,1732.0
-11.75,-74.3,1374.0
-11.75,-74.2,1113.0
-11.75,-74.1,710.0
-11.75,-74.0,408.0
-11.75,-73.9,876.0
-11.75,-73.8,1432.0
-11.75,-73.7,2380.0
-11.75,-73.6,3042.0
-11.75,-73.5,1683.0
-11.75,-73.4,974.0
-11.75,-73.3,767.0
-11.75,-73.2,430.0
-11.75,-73.1,454.0
-11.75,-73.0,482.0
-11.75,-72.9,409.0
-11.75,-72.8,431.0
-11.75,-72.7,459.0
-11.75,-72.6,462.0
-11.75,-72.5,413.0
-11.75,-72.4,476.0
-11.75,-72.3,441.0
-11.75,-72.2,410.0
-11.75,-72.1,443.0
-11.75,-72.0,420.0
-11.75,-71.9,429.0
-11.75,-71.8,433.0
-11.75,-71.7,396.0
-11.75,-71.6,356.0
-11.75,-71.5,429.0
-11.75,-71.4,401.0
-11.75,-71.3,432.0
-11.75,-71.2,437.0
-11.75,-71.1,421.0
-11.75,-71.0,477.0
-11.75,-70.9,430.0
-11.75,-70.8,403.0
-11.75,-70.7,387.0
-11.75,-70.6,366.0
-11.75,-70.5,356.0
-11.75,-70.4,339.0
-11.75,-70.3,298.0
-11.75,-70.2,352.0
-11.75,-70.1,374.0
-11.75,-70.0,381.0
-11.75,-69.9,339.0
-11.75,-69.8,365.0
-11.75,-69.7,322.0
-11.75,-69.6,310.0
-11.75,-69.5,346.0
-11.75,-69.4,336.0
-11.75,-69.3,328.0
-11.75,-69.2,318.0
-11.75,-69.1,304.0
-11.75,-69.0,301.0
-11.75,-68.9,291.0
-11.75,-68.8,268.0
-11.75,-68.7,266.0
-11.75,-68.6,242.0
-11.75,-68.5,234.0
-11.75,-68.4,199.0
-11.75,-68.3,242.0
-11.75,-68.2,244.0
-11.75,-68.1,224.0
-11.75,-68.0,175.0
-11.5,-82.0,-4325.0
-11.5,-81.9,-4222.0
-11.5,-81.8,-4497.0
-11.5,-81.7,-4545.0
-11.5,-81.6,-4627.0
-11.5,-81.5,-4567.0
-11.5,-81.4,-4601.0
-11.5,-81.3,-4717.0
-11.5,-81.2,-4700.0
-11.5,-81.1,-4706.0
-11.5,-81.0,-4458.0
-11.5,-80.9,-4470.0
-11.5,-80.8,-4496.0
-11.5,-80.7,-4593.0
-11.5,-80.6,-4551.0
-11.5,-80.5,-4668.0
-11.5,-80.4,-4638.0
-11.5,-80.3,-4671.0
-11.5,-80.2,-4634.0
-11.5,-80.1,-4812.0
-11.5,-80.0,-4837.0
-11.5,-79.9,-4913.0
-11.5,-79.8,-5031.0
-11.5,-79.7,-5174.0
-11.5,-79.6,-5345.0
-11.5,-79.5,-5565.0
-11.5,-79.4,-5965.0
-11.5,-79.3,-6269.0
-11.5,-79.2,-5295.0
-11.5,-79.1,-4089.0
-11.5,-79.0,-3891.0
-11.5,-78.9,-3574.0
-11.5,-78.8,-2724.0
-11.5,-78.7,-2466.0
-11.5,-78.6,-1870.0
-11.5,-78.5,-1657.0
-11.5,-78.4,-1532.0
-11.5,-78.3,-1224.0
-11.5,-78.2,-622.0
-11.5,-78.1,-420.0
-11.5,-78.0,-288.0
-11.5,-77.9,-134.0
-11.5,-77.8,-116.0
-11.5,-77.7,-112.0
-11.5,-77.6,-78.0
-11.5,-77.5,-66.0
-11.5,-77.4,-23.0
-11.5,-77.3,49.0
-11.5,-77.2,191.0
-11.5,-77.1,441.0
-11.5,-77.0,871.0
-11.5,-76.9,1723.0
-11.5,-76.8,3138.0
-11.5,-76.7,3385.0
-11.5,-76.6,3670.0
-11.5,-76.5,4637.0
-11.5,-76.4,4938.0
-11.5,-76.3,4443.0
-11.5,-76.2,4578.0
-11.5,-76.1,4519.0
-11.5,-76.0,4285.0
-11.5,-75.9,4166.0
-11.5,-75.8,4139.0
-11.5,-75.7,3913.0
-11.5,-75.6,4150.0
-11.5,-75.5,4294.0
-11.5,-75.4,4191.0
-11.5,-75.3,2880.0
-11.5,-75.2,3126.0
-11.5,-75.1,3523.0
-11.5,-75.0,4002.0
-11.5,-74.9,3750.0
-11.5,-74.8,2463.0
-11.5,-74.7,2422.0
-11.5,-74.6,2169.0
-11.5,-74.5,1161.0
-11.5,-74.4,1133.0
-11.5,-74.3,1235.0
-11.5,-74.2,839.0
-11.5,-74.1,664.0
-11.5,-74.0,859.0
-11.5,-73.9,1865.0
-11.5,-73.8,3016.0
-11.5,-73.7,2343.0
-11.5,-73.6,1113.0
-11.5,-73.5,645.0
-11.5,-73.4,590.0
-11.5,-73.3,472.0
-11.5,-73.2,392.0
-11.5,-73.1,318.0
-11.5,-73.0,414.0
-11.5,-72.9,355.0
-11.5,-72.8,408.0
-11.5,-72.7,418.0
-11.5,-72.6,404.0
-11.5,-72.5,415.0
-11.5,-72.4,436.0
-11.5,-72.3,514.0
-11.5,-72.2,485.0
-11.5,-72.1,470.0
-11.5,-72.0,451.0
-11.5,-71.9,439.0
-11.5,-71.8,418.0
-11.5,-71.7,426.0
-11.5,-71.6,429.0
-11.5,-71.5,460.0
-11.5,-71.4,470.0
-11.5,-71.3,500.0
-11.5,-71.2,488.0
-11.5,-71.1,461.0
-11.5,-71.0,452.0
-11.5,-70.9,426.0
-11.5,-70.8,390.0
-11.5,-70.7,376.0
-11.5,-70.6,340.0
-11.5,-70.5,376.0
-11.5,-70.4,433.0
-11.5,-70.3,423.0
-11.5,-70.2,429.0
-11.5,-70.1,398.0
-11.5,-70.0,380.0
-11.5,-69.9,356.0
-11.5,-69.8,357.0
-11.5,-69.7,328.0
-11.5,-69.6,319.0
-11.5,-69.5,311.0
-11.5,-69.4,290.0
-11.5,-69.3,274.0
-11.5,-69.2,285.0
-11.5,-69.1,289.0
-11.5,-69.0,267.0
-11.5,-68.9,275.0
-11.5,-68.8,284.0
-11.5,-68.7,270.0
-11.5,-68.6,244.0
-11.5,-68.5,237.0
-11.5,-68.4,234.0
-11.5,-68.3,224.0
-11.5,-68.2,212.0
-11.5,-68.1,192.0
-11.5,-68.0,214.0
-11.25,-82.0,-4313.0
-11.25,-81.9,-4152.0
-11.25,-81.8,-4216.0
-11.25,-81.7,-4115.0
-11.25,-81.6,-4182.0
-11.25,-81.5,-4447.0
-11.25,-81.4,-4228.0
-11.25,-81.3,-4310.0
-11.25,-81.2,-4300.0
-11.25,-81.1,-4600.0
-11.25,-81.0,-4524.0
-11.25,-80.9,-4590.0
-11.25,-80.8,-4676.0
-11.25,-80.7,-4671.0
-11.25,-80.6,-4707.0
-11.25,-80.5,-4664.0
-11.25,-80.4,-4750.0
-11.25,-80.3,-4683.0
-11.25,-80.2,-4953.0
-11.25,-80.1,-4909.0
-11.25,-80.0,-4971.0
-11.25,-79.9,-5086.0
-11.25,-79.8,-5265.0
-11.25,-79.7,-5437.0
-11.25,-79.6,-5828.0
-11.25,-79.5,-6206.0
-11.25,-79.4,-5863.0
-11.25,-79.3,-4695.0
-11.25,-79.2,-3949.0
-11.25,-79.1,-3894.0
-11.25,-79.0,-3486.0
-11.25,-78.9,-2775.0
-11.25,-78.8,-2317.0
-11.25,-78.7,-2237.0
-11.25,-78.6,-2054.0
-11.25,-78.5,-1598.0
-11.25,-78.4,-976.0
-11.25,-78.3,-588.0
-11.25,-78.2,-455.0
-11.25,-78.1,-360.0
-11.25,-78.0,-257.0
-11.25,-77.9,-135.0
-11.25,-77.8,-115.0
-11.25,-77.7,-17.0
-11.25,-77.6,76.0
-11.25,-77.5,294.0
-11.25,-77.4,436.0
-11.25,-77.3,623.0
-11.25,-77.2,979.0
-11.25,-77.1,1799.0
-11.25,-77.0,1927.0
-11.25,-76.9,2739.0
-11.25,-76.8,2462.0
-11.25,-76.7,2682.0
-11.25,-76.6,4406.0
-11.25,-76.5,4714.0
-11.25,-76.4,4551.0
-11.25,-76.3,4319.0
-11.25,-76.2,4080.0
-11.25,-76.1,4374.0
-11.25,-76.0,4330.0
-11.25,-75.9,4263.0
-11.25,-75.8,4071.0
-11.25,-75.7,3687.0
-11.25,-75.6,2895.0
-11.25,-75.5,2822.0
-11.25,-75.4,2679.0
-11.25,-75.3,1765.0
-11.25,-75.2,3376.0
-11.25,-75.1,3929.0
-11.25,-75.0,3141.0
-11.25,-74.9,1868.0
-11.25,-74.8,1260.0
-11.25,-74.7,1078.0
-11.25,-74.6,808.0
-11.25,-74.5,1583.0
-11.25,-74.4,1095.0
-11.25,-74.3,974.0
-11.25,-74.2,709.0
-11.25,-74.1,1511.0
-11.25,-74.0,1246.0
-11.25,-73.9,691.0
-11.25,-73.8,545.0
-11.25,-73.7,326.0
-11.25,-73.6,357.0
-11.25,-73.5,437.0
-11.25,-73.4,433.0
-11.25,-73.3,401.0
-11.25,-73.2,363.0
-11.25,-73.1,357.0
-11.25,-73.0,296.0
-11.25,-72.9,366.0
-11.25,-72.8,386.0
-11.25,-72.7,382.0
-11.25,-72.6,381.0
-11.25,-72.5,421.0
-11.25,-72.4,448.0
-11.25,-72.3,497.0
-11.25,-72.2,554.0
-11.25,-72.1,554.0
-11.25,-72.0,568.0
-11.25,-71.9,497.0
-11.25,-71.8,514.0
-11.25,-71.7,511.0
-11.25,-71.6,485.0
-11.25,-71.5,463.0
-11.25,-71.4,440.0
-11.25,-71.3,436.0
-11.25,-71.2,419.0
-11.25,-71.1,381.0
-11.25,-71.0,380.0
-11.25,-70.9,394.0
-11.25,-70.8,415.0
-11.25,-70.7,391.0
-11.25,-70.6,393.0
-11.25,-70.5,367.0
-11.25,-70.4,332.0
-11.25,-70.3,356.0
-11.25,-70.2,356.0
-11.25,-70.1,358.0
-11.25,-70.0,327.0
-11.25,-69.9,331.0
-11.25,-69.8,345.0
-11.25,-69.7,323.0
-11.25,-69.6,329.0
-11.25,-69.5,324.0
-11.25,-69.4,310.0
-11.25,-69.3,296.0
-11.25,-69.2,267.0
-11.25,-69.1,280.0
-11.25,-69.0,278.0
-11.25,-68.9,291.0
-11.25,-68.8,249.0
-11.25,-68.7,232.0
-11.25,-68.6,229.0
-11.25,-68.5,224.0
-11.25,-68.4,215.0
-11.25,-68.3,210.0
-11.25,-68.2,208.0
-11.25,-68.1,202.0
-11.25,-68.0,191.0
-11.0,-82.0,-4496.0
-11.0,-81.9,-4306.0
-11.0,-81.8,-4686.0
-11.0,-81.7,-4360.0
-11.0,-81.6,-4175.0
-11.0,-81.5,-4425.0
-11.0,-81.4,-4416.0
-11.0,-81.3,-4709.0
-11.0,-81.2,-4652.0
-11.0,-81.1,-4691.0
-11.0,-81.0,-4388.0
-11.0,-80.9,-4382.0
-11.0,-80.8,-4547.0
-11.0,-80.7,-4537.0
-11.0,-80.6,-4560.0
-11.0,-80.5,-4602.0
-11.0,-80.4,-4712.0
-11.0,-80.3,-4852.0
-11.0,-80.2,-4960.0
-11.0,-80.1,-5053.0
-11.0,-80.0,-5230.0
-11.0,-79.9,-5345.0
-11.0,-79.8,-5665.0
-11.0,-79.7,-6135.0
-11.0,-79.6,-6318.0
-11.0,-79.5,-5783.0
-11.0,-79.4,-4304.0
-11.0,-79.3,-3924.0
-11.0,-79.2,-3529.0
-11.0,-79.1,-3061.0
-11.0,-79.0,-2726.0
-11.0,-78.9,-2421.0
-11.0,-78.8,-2090.0
-11.0,-78.7,-1866.0
-11.0,-78.6,-1378.0
-11.0,-78.5,-965.0
-11.0,-78.4,-665.0
-11.0,-78.3,-468.0
-11.0,-78.2,-372.0
-11.0,-78.1,-280.0
-11.0,-78.0,-183.0
-11.0,-77.9,-129.0
-11.0,-77.8,-102.0
-11.0,-77.7,-23.0
-11.0,-77.6,124.0
-11.0,-77.5,624.0
-11.0,-77.4,817.0
-11.0,-77.3,1311.0
-11.0,-77.2,2305.0
-11.0,-77.1,1939.0
-11.0,-77.0,2546.0
-11.0,-76.9,4488.0
-11.0,-76.8,4739.0
-11.0,-76.7,4228.0
-11.0,-76.6,4649.0
-11.0,-76.5,4634.0
-11.0,-76.4,4479.0
-11.0,-76.3,4310.0
-11.0,-76.2,4083.0
-11.0,-76.1,4080.0
-11.0,-76.0,4215.0
-11.0,-75.9,4247.0
-11.0,-75.8,3742.0
-11.0,-75.7,3848.0
-11.0,-75.6,3331.0
-11.0,-75.5,3177.0
-11.0,-75.4,2144.0
-11.0,-75.3,1287.0
-11.0,-75.2,1327.0
-11.0,-75.1,1718.0
-11.0,-75.0,990.0
-11.0,-74.9,1026.0
-11.0,-74.8,1090.0
-11.0,-74.7,830.0
-11.0,-74.6,1092.0
-11.0,-74.5,714.0
-11.0,-74.4,1485.0
-11.0,-74.3,1359.0
-11.0,-74.2,1793.0
-11.0,-74.1,1304.0
-11.0,-74.0,1767.0
-11.0,-73.9,814.0
-11.0,-73.8,696.0
-11.0,-73.7,282.0
-11.0,-73.6,391.0
-11.0,-73.5,381.0
-11.0,-73.4,356.0
-11.0,-73.3,325.0
-11.0,-73.2,347.0
-11.0,-73.1,273.0
-11.0,-73.0,344.0
-11.0,-72.9,384.0
-11.0,-72.8,388.0
-11.0,-72.7,370.0
-11.0,-72.6,403.0
-11.0,-72.5,393.0
-11.0,-72.4,418.0
-11.0,-72.3,434.0
-11.0,-72.2,482.0
-11.0,-72.1,516.0
-11.0,-72.0,508.0
-11.0,-71.9,490.0
-11.0,-71.8,489.0
-11.0,-71.7,493.0
-11.0,-71.6,461.0
-11.0,-71.5,482.0
-11.0,-71.4,482.0
-11.0,-71.3,470.0
-11.0,-71.2,452.0
-11.0,-71.1,437.0
-11.0,-71.0,396.0
-11.0,-70.9,378.0
-11.0,-70.8,372.0
-11.0,-70.7,403.0
-11.0,-70.6,399.0
-11.0,-70.5,381.0
-11.0,-70.4,352.0
-11.0,-70.3,332.0
-11.0,-70.2,342.0
-11.0,-70.1,286.0
-11.0,-70.0,308.0
-11.0,-69.9,308.0
-11.0,-69.8,303.0
-11.0,-69.7,296.0
-11.0,-69.6,264.0
-11.0,-69.5,290.0
-11.0,-69.4,283.0
-11.0,-69.3,281.0
-11.0,-69.2,269.0
-11.0,-69.1,244.0
-11.0,-69.0,216.0
-11.0,-68.9,238.0
-11.0,-68.8,205.0
-11.0,-68.7,216.0
-11.0,-68.6,231.0
-11.0,-68.5,280.0
-11.0,-68.4,252.0
-11.0,-68.3,212.0
-11.0,-68.2,255.0
-11.0,-68.1,188.0
-11.0,-68.0,197.0
-10.75,-82.0,-4372.0
-10.75,-81.9,-4414.0
-10.75,-81.8,-4393.0
-10.75,-81.7,-4390.0
-10.75,-81.6,-4113.0
-10.75,-81.5,-4445.0
-10.75,-81.4,-4263.0
-10.75,-81.3,-4248.0
-10.75,-81.2,-3853.0
-10.75,-81.1,-4101.0
-10.75,-81.0,-4477.0
-10.75,-80.9,-4733.0
-10.75,-80.8,-4632.0
-10.75,-80.7,-4492.0
-10.75,-80.6,-4663.0
-10.75,-80.5,-4700.0
-10.75,-80.4,-4542.0
-10.75,-80.3,-4712.0
-10.75,-80.2,-4922.0
-10.75,-80.1,-4935.0
-10.75,-80.0,-5335.0
-10.75,-79.9,-5829.0
-10.75,-79.8,-6315.0
-10.75,-79.7,-6193.0
-10.75,-79.6,-4936.0
-10.75,-79.5,-4126.0
-10.75,-79.4,-3902.0
-10.75,-79.3,-3440.0
-10.75,-79.2,-2706.0
-10.75,-79.1,-2163.0
-10.75,-79.0,-2121.0
-10.75,-78.9,-2140.0
-10.75,-78.8,-1667.0
-10.75,-78.7,-1128.0
-10.75,-78.6,-797.0
-10.75,-78.5,-536.0
-10.75,-78.4,-386.0
-10.75,-78.3,-333.0
-10.75,-78.2,-259.0
-10.75,-78.1,-149.0
-10.75,-78.0,-127.0
-10.75,-77.9,-48.0
-10.75,-77.8,-2.0
-10.75,-77.7,338.0
-10.75,-77.6,347.0
-10.75,-77.5,719.0
-10.75,-77.4,1664.0
-10.75,-77.3,2603.0
-10.75,-77.2,3681.0
-10.75,-77.1,4703.0
-10.75,-77.0,4201.0
-10.75,-76.9,4311.0
-10.75,-76.8,4632.0
-10.75,-76.7,4690.0
-10.75,-76.6,4871.0
-10.75,-76.5,4503.0
-10.75,-76.4,4313.0
-10.75,-76.3,4202.0
-10.75,-76.2,4380.0
-10.75,-76.1,4422.0
-10.75,-76.0,4189.0
-10.75,-75.9,4181.0
-10.75,-75.8,3591.0
-10.75,-75.7,2520.0
-10.75,-75.6,2745.0
-10.75,-75.5,1703.0
-10.75,-75.4,1468.0
-10.75,-75.3,1735.0
-10.75,-75.2,1534.0
-10.75,-75.1,1712.0
-10.75,-75.0,1196.0
-10.75,-74.9,1043.0
-10.75,-74.8,1387.0
-10.75,-74.7,811.0
-10.75,-74.6,1293.0
-10.75,-74.5,1170.0
-10.75,-74.4,1149.0
-10.75,-74.3,1242.0
-10.75,-74.2,1186.0
-10.75,-74.1,1585.0
-10.75,-74.0,940.0
-10.75,-73.9,441.0
-10.75,-73.8,517.0
-10.75,-73.7,219.0
-10.75,-73.6,241.0
-10.75,-73.5,298.0
-10.75,-73.4,259.0
-10.75,-73.3,266.0
-10.75,-73.2,293.0
-10.75,-73.1,303.0
-10.75,-73.0,340.0
-10.75,-72.9,345.0
-10.75,-72.8,365.0
-10.75,-72.7,405.0
-10.75,-72.6,420.0
-10.75,-72.5,430.0
-10.75,-72.4,452.0
-10.75,-72.3,466.0
-10.75,-72.2,458.0
-10.75,-72.1,415.0
-10.75,-72.0,399.0
-10.75,-71.9,369.0
-10.75,-71.8,335.0
-10.75,-71.7,362.0
-10.75,-71.6,358.0
-10.75,-71.5,359.0
-10.75,-71.4,388.0
-10.75,-71.3,370.0
-10.75,-71.2,418.0
-10.75,-71.1,381.0
-10.75,-71.0,372.0
-10.75,-70.9,355.0
-10.75,-70.8,331.0
-10.75,-70.7,330.0
-10.75,-70.6,331.0
-10.75,-70.5,315.0
-10.75,-70.4,295.0
-10.75,-70.3,284.0
-10.75,-70.2,294.0
-10.75,-70.1,310.0
-10.75,-70.0,300.0
-10.75,-69.9,294.0
-10.75,-69.8,305.0
-10.75,-69.7,315.0
-10.75,-69.6,292.0
-10.75,-69.5,305.0
-10.75,-69.4,290.0
-10.75,-69.3,287.0
-10.75,-69.2,279.0
-10.75,-69.1,263.0
-10.75,-69.0,261.0
-10.75,-68.9,260.0
-10.75,-68.8,251.0
-10.75,-68.7,272.0
-10.75,-68.6,211.0
-10.75,-68.5,215.0
-10.75,-68.4,200.0
-10.75,-68.3,238.0
-10.75,-68.2,181.0
-10.75,-68.1,181.0
-10.75,-68.0,235.0
-10.5,-82.0,-4591.0
-10.5,-81.9,-4534.0
-10.5,-81.8,-4510.0
-10.5,-81.7,-4498.0
-10.5,-81.6,-4377.0
-10.5,-81.5,-4493.0
-10.5,-81.4,-4410.0
-10.5,-81.3,-4376.0
-10.5,-81.2,-4561.0
-10.5,-81.1,-4393.0
-10.5,-81.0,-4569.0
-10.5,-80.9,-4688.0
-10.5,-80.8,-4584.0
-10.5,-80.7,-4434.0
-10.5,-80.6,-4575.0
-10.5,-80.5,-4992.0
-10.5,-80.4,-5084.0
-10.5,-80.3,-5501.0
-10.5,-80.2,-5655.0
-10.5,-80.1,-5795.0
-10.5,-80.0,-6224.0
-10.5,-79.9,-6291.0
-10.5,-79.8,-5216.0
-10.5,-79.7,-4375.0
-10.5,-79.6,-3487.0
-10.5,-79.5,-2816.0
-10.5,-79.4,-3037.0
-10.5,-79.3,-2759.0
-10.5,-79.2,-2189.0
-10.5,-79.1,-1655.0
-10.5,-79.0,-1236.0
-10.5,-78.9,-789.0
-10.5,-78.8,-505.0
-10.5,-78.7,-412.0
-10.5,-78.6,-301.0
-10.5,-78.5,-300.0
-10.5,-78.4,-259.0
-10.5,-78.3,-211.0
-10.5,-78.2,-151.0
-10.5,-78.1,-103.0
-10.5,-78.0,-67.0
-10.5,-77.9,138.0
-10.5,-77.8,484.0
-10.5,-77.7,712.0
-10.5,-77.6,1137.0
-10.5,-77.5,1653.0
-10.5,-77.4,2332.0
-10.5,-77.3,2074.0
-10.5,-77.2,3084.0
-10.5,-77.1,3352.0
-10.5,-77.0,4085.0
-10.5,-76.9,4901.0
-10.5,-76.8,4636.0
-10.5,-76.7,4512.0
-10.5,-76.6,4041.0
-10.5,-76.5,3806.0
-10.5,-76.4,4129.0
-10.5,-76.3,4198.0
-10.5,-76.2,3882.0
-10.5,-76.1,3862.0
-10.5,-76.0,4573.0
-10.5,-75.9,4315.0
-10.5,-75.8,4006.0
-10.5,-75.7,2652.0
-10.5,-75.6,2839.0
-10.5,-75.5,2228.0
-10.5,-75.4,2199.0
-10.5,-75.3,1942.0
-10.5,-75.2,1292.0
-10.5,-75.1,860.0
-10.5,-75.0,939.0
-10.5,-74.9,362.0
-10.5,-74.8,471.0
-10.5,-74.7,1001.0
-10.5,-74.6,1117.0
-10.5,-74.5,1149.0
-10.5,-74.4,1277.0
-10.5,-74.3,1350.0
-10.5,-74.2,1728.0
-10.5,-74.1,480.0
-10.5,-74.0,195.0
-10.5,-73.9,220.0
-10.5,-73.8,305.0
-10.5,-73.7,354.0
-10.5,-73.6,398.0
-10.5,-73.5,341.0
-10.5,-73.4,317.0
-10.5,-73.3,326.0
-10.5,-73.2,315.0
-10.5,-73.1,306.0
-10.5,-73.0,316.0
-10.5,-72.9,327.0
-10.5,-72.8,337.0
-10.5,-72.7,358.0
-10.5,-72.6,385.0
-10.5,-72.5,407.0
-10.5,-72.4,466.0
-10.5,-72.3,472.0
-10.5,-72.2,460.0
-10.5,-72.1,445.0
-10.5,-72.0,429.0
-10.5,-71.9,399.0
-10.5,-71.8,373.0
-10.5,-71.7,373.0
-10.5,-71.6,371.0
-10.5,-71.5,322.0
-10.5,-71.4,311.0
-10.5,-71.3,326.0
-10.5,-71.2,305.0
-10.5,-71.1,362.0
-10.5,-71.0,332.0
-10.5,-70.9,306.0
-10.5,-70.8,314.0
-10.5,-70.7,326.0
-10.5,-70.6,297.0
-10.5,-70.5,337.0
-10.5,-70.4,310.0
-10.5,-70.3,316.0
-10.5,-70.2,289.0
-10.5,-70.1,288.0
-10.5,-70.0,279.0
-10.5,-69.9,281.0
-10.5,-69.8,221.0
-10.5,-69.7,268.0
-10.5,-69.6,262.0
-10.5,-69.5,288.0
-10.5,-69.4,303.0
-10.5,-69.3,290.0
-10.5,-69.2,276.0
-10.5,-69.1,264.0
-10.5,-69.0,251.0
-10.5,-68.9,239.0
-10.5,-68.8,239.0
-10.5,-68.7,238.0
-10.5,-68.6,256.0
-10.5,-68.5,251.0
-10.5,-68.4,249.0
-10.5,-68.3,212.0
-10.5,-68.2,220.0
-10.5,-68.1,175.0
-10.5,-68.0,189.0
-10.25,-82.0,-4598.0
-10.25,-81.9,-4627.0
-10.25,-81.8,-4627.0
-10.25,-81.7,-4610.0
-10.25,-81.6,-4466.0
-10.25,-81.5,-4616.0
-10.25,-81.4,-4545.0
-10.25,-81.3,-4604.0
-10.25,-81.2,-4117.0
-10.25,-81.1,-4541.0
-10.25,-81.0,-4600.0
-10.25,-80.9,-4696.0
-10.25,-80.8,-4817.0
-10.25,-80.7,-4422.0
-10.25,-80.6,-4845.0
-10.25,-80.5,-4891.0
-10.25,-80.4,-5184.0
-10.25,-80.3,-5235.0
-10.25,-80.2,-5688.0
-10.25,-80.1,-6231.0
-10.25,-80.0,-6005.0
-10.25,-79.9,-4317.0
-10.25,-79.8,-4172.0
-10.25,-79.7,-3296.0
-10.25,-79.6,-2759.0
-10.25,-79.5,-2174.0
-10.25,-79.4,-1890.0
-10.25,-79.3,-1754.0
-10.25,-79.2,-1564.0
-10.25,-79.1,-999.0
-10.25,-79.0,-411.0
-10.25,-78.9,-150.0
-10.25,-78.8,-147.0
-10.25,-78.7,-149.0
-10.25,-78.6,-152.0
-10.25,-78.5,-189.0
-10.25,-78.4,-196.0
-10.25,-78.3,-127.0
-10.25,-78.2,-120.0
-10.25,-78.1,-4.0
-10.25,-78.0,321.0
-10.25,-77.9,575.0
-10.25,-77.8,1689.0
-10.25,-77.7,2918.0
-10.25,-77.6,1197.0
-10.25,-77.5,2265.0
-10.25,-77.4,3840.0
-10.25,-77.3,4534.0
-10.25,-77.2,3693.0
-10.25,-77.1,3838.0
-10.25,-77.0,4421.0
-10.25,-76.9,5090.0
-10.25,-76.8,4422.0
-10.25,-76.7,4206.0
-10.25,-76.6,3903.0
-10.25,-76.5,4043.0
-10.25,-76.4,3445.0
-10.25,-76.3,2455.0
-10.25,-76.2,3806.0
-10.25,-76.1,3567.0
-10.25,-76.0,4032.0
-10.25,-75.9,2871.0
-10.25,-75.8,2303.0
-10.25,-75.7,2632.0
-10.25,-75.6,2468.0
-10.25,-75.5,2032.0
-10.25,-75.4,987.0
-10.25,-75.3,386.0
-10.25,-75.2,324.0
-10.25,-75.1,337.0
-10.25,-75.0,264.0
-10.25,-74.9,291.0
-10.25,-74.8,293.0
-10.25,-74.7,489.0
-10.25,-74.6,782.0
-10.25,-74.5,1132.0
-10.25,-74.4,1294.0
-10.25,-74.3,1481.0
-10.25,-74.2,903.0
-10.25,-74.1,201.0
-10.25,-74.0,191.0
-10.25,-73.9,228.0
-10.25,-73.8,279.0
-10.25,-73.7,334.0
-10.25,-73.6,411.0
-10.25,-73.5,308.0
-10.25,-73.4,316.0
-10.25,-73.3,332.0
-10.25,-73.2,377.0
-10.25,-73.1,423.0
-10.25,-73.0,343.0
-10.25,-72.9,326.0
-10.25,-72.8,337.0
-10.25,-72.7,349.0
-10.25,-72.6,368.0
-10.25,-72.5,354.0
-10.25,-72.4,416.0
-10.25,-72.3,392.0
-10.25,-72.2,405.0
-10.25,-72.1,402.0
-10.25,-72.0,403.0
-10.25,-71.9,384.0
-10.25,-71.8,369.0
-10.25,-71.7,367.0
-10.25,-71.6,356.0
-10.25,-71.5,349.0
-10.25,-71.4,328.0
-10.25,-71.3,326.0
-10.25,-71.2,328.0
-10.25,-71.1,312.0
-10.25,-71.0,287.0
-10.25,-70.9,303.0
-10.25,-70.8,330.0
-10.25,-70.7,305.0
-10.25,-70.6,291.0
-10.25,-70.5,251.0
-10.25,-70.4,282.0
-10.25,-70.3,267.0
-10.25,-70.2,284.0
-10.25,-70.1,261.0
-10.25,-70.0,265.0
-10.25,-69.9,272.0
-10.25,-69.8,253.0
-10.25,-69.7,260.0
-10.25,-69.6,259.0
-10.25,-69.5,236.0
-10.25,-69.4,240.0
-10.25,-69.3,238.0
-10.25,-69.2,254.0
-10.25,-69.1,274.0
-10.25,-69.0,234.0
-10.25,-68.9,253.0
-10.25,-68.8,262.0
-10.25,-68.7,221.0
-10.25,-68.6,248.0
-10.25,-68.5,201.0
-10.25,-68.4,205.0
-10.25,-68.3,211.0
-10.25,-68.2,204.0
-10.25,-68.1,188.0
-10.25,-68.0,192.0
-10.0,-82.0,-4552.0
-10.0,-81.9,-4564.0
-10.0,-81.8,-4571.0
-10.0,-81.7,-4626.0
-10.0,-81.6,-4571.0
-10.0,-81.5,-4673.0
-10.0,-81.4,-4546.0
-10.0,-81.3,-4628.0
-10.0,-81.2,-4726.0
-10.0,-81.1,-4727.0
-10.0,-81.0,-4794.0
-10.0,-80.9,-4901.0
-10.0,-80.8,-4962.0
-10.0,-80.7,-4815.0
-10.0,-80.6,-4980.0
-10.0,-80.5,-5010.0
-10.0,-80.4,-5346.0
-10.0,-80.3,-5698.0
-10.0,-80.2,-6355.0
-10.0,-80.1,-5508.0
-10.0,-80.0,-4701.0
-10.0,-79.9,-4062.0
-10.0,-79.8,-2780.0
-10.0,-79.7,-2201.0
-10.0,-79.6,-2028.0
-10.0,-79.5,-1840.0
-10.0,-79.4,-1468.0
-10.0,-79.3,-1272.0
-10.0,-79.2,-796.0
-10.0,-79.1,-333.0
-10.0,-79.0,-154.0
-10.0,-78.9,-140.0
-10.0,-78.8,-148.0
-10.0,-78.7,-150.0
-10.0,-78.6,-179.0
-10.0,-78.5,-157.0
-10.0,-78.4,-110.0
-10.0,-78.3,-95.0
-10.0,-78.2,0.0
-10.0,-78.1,490.0
-10.0,-78.0,314.0
-10.0,-77.9,541.0
-10.0,-77.8,1483.0
-10.0,-77.7,2190.0
-10.0,-77.6,3217.0
-10.0,-77.5,4103.0
-10.0,-77.4,4545.0
-10.0,-77.3,4142.0
-10.0,-77.2,4486.0
-10.0,-77.1,4568.0
-10.0,-77.0,4727.0
-10.0,-76.9,4237.0
-10.0,-76.8,4259.0
-10.0,-76.7,3623.0
-10.0,-76.6,4161.0
-10.0,-76.5,3553.0
-10.0,-76.4,3440.0
-10.0,-76.3,2663.0
-10.0,-76.2,2606.0
-10.0,-76.1,3988.0
-10.0,-76.0,3446.0
-10.0,-75.9,3584.0
-10.0,-75.8,2041.0
-10.0,-75.7,1422.0
-10.0,-75.6,1235.0
-10.0,-75.5,819.0
-10.0,-75.4,660.0
-10.0,-75.3,300.0
-10.0,-75.2,286.0
-10.0,-75.1,256.0
-10.0,-75.0,260.0
-10.0,-74.9,288.0
-10.0,-74.8,321.0
-10.0,-74.7,360.0
-10.0,-74.6,722.0
-10.0,-74.5,828.0
-10.0,-74.4,1274.0
-10.0,-74.3,865.0
-10.0,-74.2,235.0
-10.0,-74.1,179.0
-10.0,-74.0,177.0
-10.0,-73.9,205.0
-10.0,-73.8,250.0
-10.0,-73.7,295.0
-10.0,-73.6,347.0
-10.0,-73.5,311.0
-10.0,-73.4,297.0
-10.0,-73.3,329.0
-10.0,-73.2,374.0
-10.0,-73.1,359.0
-10.0,-73.0,334.0
-10.0,-72.9,308.0
-10.0,-72.8,313.0
-10.0,-72.7,323.0
-10.0,-72.6,324.0
-10.0,-72.5,290.0
-10.0,-72.4,337.0
-10.0,-72.3,356.0
-10.0,-72.2,362.0
-10.0,-72.1,394.0
-10.0,-72.0,348.0
-10.0,-71.9,353.0
-10.0,-71.8,325.0
-10.0,-71.7,344.0
-10.0,-71.6,324.0
-10.0,-71.5,358.0
-10.0,-71.4,340.0
-10.0,-71.3,351.0
-10.0,-71.2,330.0
-10.0,-71.1,286.0
-10.0,-71.0,299.0
-10.0,-70.9,288.0
-10.0,-70.8,303.0
-10.0,-70.7,275.0
-10.0,-70.6,286.0
-10.0,-70.5,277.0
-10.0,-70.4,279.0
-10.0,-70.3,244.0
-10.0,-70.2,261.0
-10.0,-70.1,242.0
-10.0,-70.0,270.0
-10.0,-69.9,289.0
-10.0,-69.8,246.0
-10.0,-69.7,234.0
-10.0,-69.6,222.0
-10.0,-69.5,231.0
-10.0,-69.4,232.0
-10.0,-69.3,219.0
-10.0,-69.2,232.0
-10.0,-69.1,227.0
-10.0,-69.0,191.0
-10.0,-68.9,241.0
-10.0,-68.8,222.0
-10.0,-68.7,207.0
-10.0,-68.6,207.0
-10.0,-68.5,183.0
-10.0,-68.4,192.0
-10.0,-68.3,184.0
-10.0,-68.2,202.0
-10.0,-68.1,187.0
-10.0,-68.0,192.0
-9.75,-82.0,-4576.0
-9.75,-81.9,-4691.0
-9.75,-81.8,-4533.0
-9.75,-81.7,-4571.0
-9.75,-81.6,-4688.0
-9.75,-81.5,-4715.0
-9.75,-81.4,-4725.0
-9.75,-81.3,-4859.0
-9.75,-81.2,-4773.0
-9.75,-81.1,-4834.0
-9.75,-81.0,-4917.0
-9.75,-80.9,-5021.0
-9.75,-80.8,-5213.0
-9.75,-80.7,-5254.0
-9.75,-80.6,-5566.0
-9.75,-80.5,-5870.0
-9.75,-80.4,-6287.0
-9.75,-80.3,-6160.0
-9.75,-80.2,-4770.0
-9.75,-80.1,-4281.0
-9.75,-80.0,-2446.0
-9.75,-79.9,-1842.0
-9.75,-79.8,-1562.0
-9.75,-79.7,-1395.0
-9.75,-79.6,-1275.0
-9.75,-79.5,-903.0
-9.75,-79.4,-463.0
-9.75,-79.3,-269.0
-9.75,-79.2,-179.0
-9.75,-79.1,-158.0
-9.75,-79.0,-150.0
-9.75,-78.9,-126.0
-9.75,-78.8,-137.0
-9.75,-78.7,-156.0
-9.75,-78.6,-149.0
-9.75,-78.5,-117.0
-9.75,-78.4,-99.0
-9.75,-78.3,-5.0
-9.75,-78.2,215.0
-9.75,-78.1,351.0
-9.75,-78.0,1040.0
-9.75,-77.9,1241.0
-9.75,-77.8,3014.0
-9.75,-77.7,4324.0
-9.75,-77.6,3731.0
-9.75,-77.5,4421.0
-9.75,-77.4,3749.0
-9.75,-77.3,4230.0
-9.75,-77.2,4252.0
-9.75,-77.1,4380.0
-9.75,-77.0,4233.0
-9.75,-76.9,4134.0
-9.75,-76.8,3492.0
-9.75,-76.7,4192.0
-9.75,-76.6,3971.0
-9.75,-76.5,4371.0
-9.75,-76.4,3914.0
-9.75,-76.3,3480.0
-9.75,-76.2,3241.0
-9.75,-76.1,2669.0
-9.75,-76.0,3176.0
-9.75,-75.9,3166.0
-9.75,-75.8,1418.0
-9.75,-75.7,1892.0
-9.75,-75.6,1193.0
-9.75,-75.5,797.0
-9.75,-75.4,336.0
-9.75,-75.3,309.0
-9.75,-75.2,270.0
-9.75,-75.1,260.0
-9.75,-75.0,253.0
-9.75,-74.9,271.0
-9.75,-74.8,369.0
-9.75,-74.7,645.0
-9.75,-74.6,708.0
-9.75,-74.5,1104.0
-9.75,-74.4,489.0
-9.75,-74.3,487.0
-9.75,-74.2,169.0
-9.75,-74.1,174.0
-9.75,-74.0,184.0
-9.75,-73.9,207.0
-9.75,-73.8,233.0
-9.75,-73.7,261.0
-9.75,-73.6,314.0
-9.75,-73.5,351.0
-9.75,-73.4,305.0
-9.75,-73.3,337.0
-9.75,-73.2,348.0
-9.75,-73.1,320.0
-9.75,-73.0,333.0
-9.75,-72.9,305.0
-9.75,-72.8,296.0
-9.75,-72.7,262.0
-9.75,-72.6,325.0
-9.75,-72.5,314.0
-9.75,-72.4,332.0
-9.75,-72.3,354.0
-9.75,-72.2,391.0
-9.75,-72.1,415.0
-9.75,-72.0,371.0
-9.75,-71.9,326.0
-9.75,-71.8,326.0
-9.75,-71.7,291.0
-9.75,-71.6,308.0
-9.75,-71.5,307.0
-9.75,-71.4,296.0
-9.75,-71.3,280.0
-9.75,-71.2,292.0
-9.75,-71.1,315.0
-9.75,-71.0,292.0
-9.75,-70.9,282.0
-9.75,-70.8,277.0
-9.75,-70.7,230.0
-9.75,-70.6,289.0
-9.75,-70.5,281.0
-9.75,-70.4,266.0
-9.75,-70.3,228.0
-9.75,-70.2,270.0
-9.75,-70.1,242.0
-9.75,-70.0,235.0
-9.75,-69.9,250.0
-9.75,-69.8,232.0
-9.75,-69.7,237.0
-9.75,-69.6,248.0
-9.75,-69.5,247.0
-9.75,-69.4,236.0
-9.75,-69.3,224.0
-9.75,-69.2,223.0
-9.75,-69.1,196.0
-9.75,-69.0,209.0
-9.75,-68.9,212.0
-9.75,-68.8,188.0
-9.75,-68.7,253.0
-9.75,-68.6,228.0
-9.75,-68.5,218.0
-9.75,-68.4,209.0
-9.75,-68.3,206.0
-9.75,-68.2,181.0
-9.75,-68.1,171.0
-9.75,-68.0,188.0
-9.5,-82.0,-4512.0
-9.5,-81.9,-4763.0
-9.5,-81.8,-4615.0
-9.5,-81.7,-4662.0
-9.5,-81.6,-4555.0
-9.5,-81.5,-4610.0
-9.5,-81.4,-4688.0
-9.5,-81.3,-4877.0
-9.5,-81.2,-4869.0
-9.5,-81.1,-5042.0
-9.5,-81.0,-5108.0
-9.5,-80.9,-5244.0
-9.5,-80.8,-5341.0
-9.5,-80.7,-5651.0
-9.5,-80.6,-6034.0
-9.5,-80.5,-6319.0
-9.5,-80.4,-5433.0
-9.5,-80.3,-4399.0
-9.5,-80.2,-3795.0
-9.5,-80.1,-3012.0
-9.5,-80.0,-2375.0
-9.5,-79.9,-1688.0
-9.5,-79.8,-1422.0
-9.5,-79.7,-1105.0
-9.5,-79.6,-334.0
-9.5,-79.5,-147.0
-9.5,-79.4,-120.0
-9.5,-79.3,-158.0
-9.5,-79.2,-146.0
-9.5,-79.1,-149.0
-9.5,-79.0,-132.0
-9.5,-78.9,-132.0
-9.5,-78.8,-131.0
-9.5,-78.7,-127.0
-9.5,-78.6,-102.0
-9.5,-78.5,-99.0
-9.5,-78.4,0.0
-9.5,-78.3,134.0
-9.5,-78.2,393.0
-9.5,-78.1,756.0
-9.5,-78.0,927.0
-9.5,-77.9,1697.0
-9.5,-77.8,3547.0
-9.5,-77.7,4415.0
-9.5,-77.6,4406.0
-9.5,-77.5,3363.0
-9.5,-77.4,4513.0
-9.5,-77.3,4782.0
-9.5,-77.2,4031.0
-9.5,-77.1,4408.0
-9.5,-77.0,3835.0
-9.5,-76.9,3974.0
-9.5,-76.8,3232.0
-9.5,-76.7,4275.0
-9.5,-76.6,4316.0
-9.5,-76.5,4298.0
-9.5,-76.4,3970.0
-9.5,-76.3,3172.0
-9.5,-76.2,1708.0
-9.5,-76.1,1581.0
-9.5,-76.0,1240.0
-9.5,-75.9,1370.0
-9.5,-75.8,1694.0
-9.5,-75.7,2370.0
-9.5,-75.6,1181.0
-9.5,-75.5,431.0
-9.5,-75.4,353.0
-9.5,-75.3,277.0
-9.5,-75.2,282.0
-9.5,-75.1,264.0
-9.5,-75.0,217.0
-9.5,-74.9,288.0
-9.5,-74.8,530.0
-9.5,-74.7,1143.0
-9.5,-74.6,1813.0
-9.5,-74.5,909.0
-9.5,-74.4,182.0
-9.5,-74.3,171.0
-9.5,-74.2,160.0
-9.5,-74.1,181.0
-9.5,-74.0,195.0
-9.5,-73.9,211.0
-9.5,-73.8,227.0
-9.5,-73.7,241.0
-9.5,-73.6,297.0
-9.5,-73.5,319.0
-9.5,-73.4,325.0
-9.5,-73.3,320.0
-9.5,-73.2,325.0
-9.5,-73.1,324.0
-9.5,-73.0,294.0
-9.5,-72.9,307.0
-9.5,-72.8,289.0
-9.5,-72.7,283.0
-9.5,-72.6,287.0
-9.5,-72.5,288.0
-9.5,-72.4,303.0
-9.5,-72.3,335.0
-9.5,-72.2,372.0
-9.5,-72.1,362.0
-9.5,-72.0,356.0
-9.5,-71.9,356.0
-9.5,-71.8,345.0
-9.5,-71.7,350.0
-9.5,-71.6,325.0
-9.5,-71.5,297.0
-9.5,-71.4,269.0
-9.5,-71.3,273.0
-9.5,-71.2,292.0
-9.5,-71.1,246.0
-9.5,-71.0,265.0
-9.5,-70.9,295.0
-9.5,-70.8,269.0
-9.5,-70.7,263.0
-9.5,-70.6,267.0
-9.5,-70.5,226.0
-9.5,-70.4,269.0
-9.5,-70.3,253.0
-9.5,-70.2,246.0
-9.5,-70.1,231.0
-9.5,-70.0,220.0
-9.5,-69.9,235.0
-9.5,-69.8,234.0
-9.5,-69.7,219.0
-9.5,-69.6,206.0
-9.5,-69.5,214.0
-9.5,-69.4,230.0
-9.5,-69.3,210.0
-9.5,-69.2,235.0
-9.5,-69.1,214.0
-9.5,-69.0,202.0
-9.5,-68.9,184.0
-9.5,-68.8,210.0
-9.5,-68.7,187.0
-9.5,-68.6,243.0
-9.5,-68.5,214.0
-9.5,-68.4,177.0
-9.5,-68.3,174.0
-9.5,-68.2,179.0
-9.5,-68.1,188.0
-9.5,-68.0,188.0
-9.25,-82.0,-4468.0
-9.25,-81.9,-4434.0
-9.25,-81.8,-4755.0
-9.25,-81.7,-4863.0
-9.25,-81.6,-4507.0
-9.25,-81.5,-4676.0
-9.25,-81.4,-4851.0
-9.25,-81.3,-4838.0
-9.25,-81.2,-4953.0
-9.25,-81.1,-5012.0
-9.25,-81.0,-5229.0
-9.25,-80.9,-5538.0
-9.25,-80.8,-6004.0
-9.25,-80.7,-5628.0
-9.25,-80.6,-6152.0
-9.25,-80.5,-4876.0
-9.25,-80.4,-4253.0
-9.25,-80.3,-3655.0
-9.25,-80.2,-2946.0
-9.25,-80.1,-1759.0
-9.25,-80.0,-1243.0
-9.25,-79.9,-1026.0
-9.25,-79.8,-898.0
-9.25,-79.7,-577.0
-9.25,-79.6,-405.0
-9.25,-79.5,-184.0
-9.25,-79.4,-155.0
-9.25,-79.3,-147.0
-9.25,-79.2,-155.0
-9.25,-79.1,-128.0
-9.25,-79.0,-113.0
-9.25,-78.9,-101.0
-9.25,-78.8,-98.0
-9.25,-78.7,-92.0
-9.25,-78.6,-63.0
-9.25,-78.5,1.0
-9.25,-78.4,86.0
-9.25,-78.3,296.0
-9.25,-78.2,886.0
-9.25,-78.1,1733.0
-9.25,-78.0,3510.0
-9.25,-77.9,4355.0
-9.25,-77.8,4436.0
-9.25,-77.7,3084.0
-9.25,-77.6,3263.0
-9.25,-77.5,5362.0
-9.25,-77.4,4632.0
-9.25,-77.3,4309.0
-9.25,-77.2,4238.0
-9.25,-77.1,3931.0
-9.25,-77.0,2846.0
-9.25,-76.9,3624.0
-9.25,-76.8,4036.0
-9.25,-76.7,3905.0
-9.25,-76.6,2359.0
-9.25,-76.5,1409.0
-9.25,-76.4,1951.0
-9.25,-76.3,1193.0
-9.25,-76.2,1186.0
-9.25,-76.1,925.0
-9.25,-76.0,634.0
-9.25,-75.9,745.0
-9.25,-75.8,1131.0
-9.25,-75.7,1276.0
-9.25,-75.6,859.0
-9.25,-75.5,388.0
-9.25,-75.4,329.0
-9.25,-75.3,283.0
-9.25,-75.2,251.0
-9.25,-75.1,241.0
-9.25,-75.0,223.0
-9.25,-74.9,215.0
-9.25,-74.8,423.0
-9.25,-74.7,818.0
-9.25,-74.6,1291.0
-9.25,-74.5,186.0
-9.25,-74.4,181.0
-9.25,-74.3,161.0
-9.25,-74.2,188.0
-9.25,-74.1,170.0
-9.25,-74.0,184.0
-9.25,-73.9,197.0
-9.25,-73.8,207.0
-9.25,-73.7,216.0
-9.25,-73.6,240.0
-9.25,-73.5,266.0
-9.25,-73.4,281.0
-9.25,-73.3,279.0
-9.25,-73.2,268.0
-9.25,-73.1,308.0
-9.25,-73.0,267.0
-9.25,-72.9,272.0
-9.25,-72.8,300.0
-9.25,-72.7,238.0
-9.25,-72.6,291.0
-9.25,-72.5,264.0
-9.25,-72.4,300.0
-9.25,-72.3,317.0
-9.25,-72.2,315.0
-9.25,-72.1,320.0
-9.25,-72.0,303.0
-9.25,-71.9,310.0
-9.25,-71.8,337.0
-9.25,-71.7,308.0
-9.25,-71.6,320.0
-9.25,-71.5,267.0
-9.25,-71.4,311.0
-9.25,-71.3,291.0
-9.25,-71.2,300.0
-9.25,-71.1,287.0
-9.25,-71.0,252.0
-9.25,-70.9,221.0
-9.25,-70.8,270.0
-9.25,-70.7,244.0
-9.25,-70.6,270.0
-9.25,-70.5,252.0
-9.25,-70.4,243.0
-9.25,-70.3,205.0
-9.25,-70.2,245.0
-9.25,-70.1,237.0
-9.25,-70.0,220.0
-9.25,-69.9,191.0
-9.25,-69.8,242.0
-9.25,-69.7,246.0
-9.25,-69.6,220.0
-9.25,-69.5,211.0
-9.25,-69.4,203.0
-9.25,-69.3,179.0
-9.25,-69.2,182.0
-9.25,-69.1,196.0
-9.25,-69.0,185.0
-9.25,-68.9,192.0
-9.25,-68.8,158.0
-9.25,-68.7,155.0
-9.25,-68.6,201.0
-9.25,-68.5,188.0
-9.25,-68.4,206.0
-9.25,-68.3,207.0
-9.25,-68.2,175.0
-9.25,-68.1,174.0
-9.25,-68.0,179.0
-9.0,-82.0,-4420.0
-9.0,-81.9,-4411.0
-9.0,-81.8,-5221.0
-9.0,-81.7,-4264.0
-9.0,-81.6,-4525.0
-9.0,-81.5,-4688.0
-9.0,-81.4,-4735.0
-9.0,-81.3,-4978.0
-9.0,-81.2,-5140.0
-9.0,-81.1,-5451.0
-9.0,-81.0,-5535.0
-9.0,-80.9,-5996.0
-9.0,-80.8,-6069.0
-9.0,-80.7,-5574.0
-9.0,-80.6,-4682.0
-9.0,-80.5,-4185.0
-9.0,-80.4,-3034.0
-9.0,-80.3,-2399.0
-9.0,-80.2,-1851.0
-9.0,-80.1,-1356.0
-9.0,-80.0,-680.0
-9.0,-79.9,-302.0
-9.0,-79.8,-163.0
-9.0,-79.7,-119.0
-9.0,-79.6,-115.0
-9.0,-79.5,-107.0
-9.0,-79.4,-109.0
-9.0,-79.3,-108.0
-9.0,-79.2,-102.0
-9.0,-79.1,-100.0
-9.0,-79.0,-94.0
-9.0,-78.9,-83.0
-9.0,-78.8,-64.0
-9.0,-78.7,-10.0
-9.0,-78.6,31.0
-9.0,-78.5,167.0
-9.0,-78.4,350.0
-9.0,-78.3,1006.0
-9.0,-78.2,1796.0
-9.0,-78.1,1613.0
-9.0,-78.0,3627.0
-9.0,-77.9,4102.0
-9.0,-77.8,2602.0
-9.0,-77.7,4678.0
-9.0,-77.6,5056.0
-9.0,-77.5,3511.0
-9.0,-77.4,2843.0
-9.0,-77.3,3577.0
-9.0,-77.2,3815.0
-9.0,-77.1,3037.0
-9.0,-77.0,3158.0
-9.0,-76.9,4275.0
-9.0,-76.8,3648.0
-9.0,-76.7,2576.0
-9.0,-76.6,2942.0
-9.0,-76.5,2141.0
-9.0,-76.4,1159.0
-9.0,-76.3,792.0
-9.0,-76.2,825.0
-9.0,-76.1,574.0
-9.0,-76.0,1022.0
-9.0,-75.9,2017.0
-9.0,-75.8,1334.0
-9.0,-75.7,1327.0
-9.0,-75.6,324.0
-9.0,-75.5,283.0
-9.0,-75.4,292.0
-9.0,-75.3,257.0
-9.0,-75.2,263.0
-9.0,-75.1,274.0
-9.0,-75.0,224.0
-9.0,-74.9,195.0
-9.0,-74.8,204.0
-9.0,-74.7,236.0
-9.0,-74.6,191.0
-9.0,-74.5,160.0
-9.0,-74.4,162.0
-9.0,-74.3,159.0
-9.0,-74.2,154.0
-9.0,-74.1,186.0
-9.0,-74.0,182.0
-9.0,-73.9,180.0
-9.0,-73.8,192.0
-9.0,-73.7,186.0
-9.0,-73.6,197.0
-9.0,-73.5,232.0
-9.0,-73.4,235.0
-9.0,-73.3,250.0
-9.0,-73.2,236.0
-9.0,-73.1,239.0
-9.0,-73.0,266.0
-9.0,-72.9,258.0
-9.0,-72.8,260.0
-9.0,-72.7,236.0
-9.0,-72.6,270.0
-9.0,-72.5,259.0
-9.0,-72.4,277.0
-9.0,-72.3,283.0
-9.0,-72.2,297.0
-9.0,-72.1,295.0
-9.0,-72.0,315.0
-9.0,-71.9,269.0
-9.0,-71.8,287.0
-9.0,-71.7,319.0
-9.0,-71.6,273.0
-9.0,-71.5,291.0
-9.0,-71.4,257.0
-9.0,-71.3,270.0
-9.0,-71.2,291.0
-9.0,-71.1,298.0
-9.0,-71.0,270.0
-9.0,-70.9,238.0
-9.0,-70.8,266.0
-9.0,-70.7,240.0
-9.0,-70.6,228.0
-9.0,-70.5,234.0
-9.0,-70.4,269.0
-9.0,-70.3,246.0
-9.0,-70.2,249.0
-9.0,-70.1,231.0
-9.0,-70.0,230.0
-9.0,-69.9,225.0
-9.0,-69.8,230.0
-9.0,-69.7,202.0
-9.0,-69.6,205.0
-9.0,-69.5,174.0
-9.0,-69.4,182.0
-9.0,-69.3,210.0
-9.0,-69.2,220.0
-9.0,-69.1,209.0
-9.0,-69.0,197.0
-9.0,-68.9,179.0
-9.0,-68.8,186.0
-9.0,-68.7,186.0
-9.0,-68.6,141.0
-9.0,-68.5,147.0
-9.0,-68.4,204.0
-9.0,-68.3,202.0
-9.0,-68.2,196.0
-9.0,-68.1,179.0
-9.0,-68.0,129.0
-8.75,-82.0,-4415.0
-8.75,-81.9,-4421.0
-8.75,-81.8,-4751.0
-8.75,-81.7,-4712.0
-8.75,-81.6,-4390.0
-8.75,-81.5,-4634.0
-8.75,-81.4,-4957.0
-8.75,-81.3,-5042.0
-8.75,-81.2,-4968.0
-8.75,-81.1,-5260.0
-8.75,-81.0,-5864.0
-8.75,-80.9,-6245.0
-8.75,-80.8,-5465.0
-8.75,-80.7,-4021.0
-8.75,-80.6,-3215.0
-8.75,-80.5,-2654.0
-8.75,-80.4,-2171.0
-8.75,-80.3,-1619.0
-8.75,-80.2,-1388.0
-8.75,-80.1,-971.0
-8.75,-80.0,-638.0
-8.75,-79.9,-226.0
-8.75,-79.8,-123.0
-8.75,-79.7,-108.0
-8.75,-79.6,-106.0
-8.75,-79.5,-100.0
-8.75,-79.4,-93.0
-8.75,-79.3,-89.0
-8.75,-79.2,-83.0
-8.75,-79.1,-80.0
-8.75,-79.0,-70.0
-8.75,-78.9,-62.0
-8.75,-78.8,-4.0
-8.75,-78.7,25.0
-8.75,-78.6,459.0
-8.75,-78.5,229.0
-8.75,-78.4,634.0
-8.75,-78.3,1187.0
-8.75,-78.2,3292.0
-8.75,-78.1,1738.0
-8.75,-78.0,3759.0
-8.75,-77.9,1335.0
-8.75,-77.8,3524.0
-8.75,-77.7,4014.0
-8.75,-77.6,4309.0
-8.75,-77.5,3489.0
-8.75,-77.4,4096.0
-8.75,-77.3,3882.0
-8.75,-77.2,2808.0
-8.75,-77.1,4074.0
-8.75,-77.0,3689.0
-8.75,-76.9,3445.0
-8.75,-76.8,3451.0
-8.75,-76.7,2988.0
-8.75,-76.6,3546.0
-8.75,-76.5,2561.0
-8.75,-76.4,925.0
-8.75,-76.3,794.0
-8.75,-76.2,556.0
-8.75,-76.1,654.0
-8.75,-76.0,1429.0
-8.75,-75.9,1462.0
-8.75,-75.8,1324.0
-8.75,-75.7,920.0
-8.75,-75.6,349.0
-8.75,-75.5,275.0
-8.75,-75.4,262.0
-8.75,-75.3,240.0
-8.75,-75.2,261.0
-8.75,-75.1,261.0
-8.75,-75.0,218.0
-8.75,-74.9,243.0
-8.75,-74.8,203.0
-8.75,-74.7,164.0
-8.75,-74.6,158.0
-8.75,-74.5,164.0
-8.75,-74.4,163.0
-8.75,-74.3,170.0
-8.75,-74.2,176.0
-8.75,-74.1,159.0
-8.75,-74.0,181.0
-8.75,-73.9,172.0
-8.75,-73.8,202.0
-8.75,-73.7,226.0
-8.75,-73.6,237.0
-8.75,-73.5,227.0
-8.75,-73.4,236.0
-8.75,-73.3,268.0
-8.75,-73.2,272.0
-8.75,-73.1,281.0
-8.75,-73.0,256.0
-8.75,-72.9,239.0
-8.75,-72.8,229.0
-8.75,-72.7,242.0
-8.75,-72.6,253.0
-8.75,-72.5,265.0
-8.75,-72.4,278.0
-8.75,-72.3,298.0
-8.75,-72.2,310.0
-8.75,-72.1,302.0
-8.75,-72.0,299.0
-8.75,-71.9,299.0
-8.75,-71.8,298.0
-8.75,-71.7,259.0
-8.75,-71.6,282.0
-8.75,-71.5,299.0
-8.75,-71.4,320.0
-8.75,-71.3,269.0
-8.75,-71.2,245.0
-8.75,-71.1,235.0
-8.75,-71.0,246.0
-8.75,-70.9,261.0
-8.75,-70.8,207.0
-8.75,-70.7,233.0
-8.75,-70.6,218.0
-8.75,-70.5,235.0
-8.75,-70.4,243.0
-8.75,-70.3,215.0
-8.75,-70.2,229.0
-8.75,-70.1,219.0
-8.75,-70.0,203.0
-8.75,-69.9,237.0
-8.75,-69.8,215.0
-8.75,-69.7,244.0
-8.75,-69.6,238.0
-8.75,-69.5,212.0
-8.75,-69.4,204.0
-8.75,-69.3,203.0
-8.75,-69.2,192.0
-8.75,-69.1,163.0
-8.75,-69.0,158.0
-8.75,-68.9,156.0
-8.75,-68.8,184.0
-8.75,-68.7,203.0
-8.75,-68.6,203.0
-8.75,-68.5,182.0
-8.75,-68.4,180.0
-8.75,-68.3,179.0
-8.75,-68.2,184.0
-8.75,-68.1,204.0
-8.75,-68.0,182.0
-8.5,-82.0,-4458.0
-8.5,-81.9,-4414.0
-8.5,-81.8,-4585.0
-8.5,-81.7,-5108.0
-8.5,-81.6,-4293.0
-8.5,-81.5,-4637.0
-8.5,-81.4,-4891.0
-8.5,-81.3,-5138.0
-8.5,-81.2,-5326.0
-8.5,-81.1,-5703.0
-8.5,-81.0,-6227.0
-8.5,-80.9,-5434.0
-8.5,-80.8,-4359.0
-8.5,-80.7,-3205.0
-8.5,-80.6,-2342.0
-8.5,-80.5,-1464.0
-8.5,-80.4,-1287.0
-8.5,-80.3,-1002.0
-8.5,-80.2,-974.0
-8.5,-80.1,-643.0
-8.5,-80.0,-274.0
-8.5,-79.9,-213.0
-8.5,-79.8,-155.0
-8.5,-79.7,-98.0
-8.5,-79.6,-96.0
-8.5,-79.5,-86.0
-8.5,-79.4,-82.0
-8.5,-79.3,-77.0
-8.5,-79.2,-72.0
-8.5,-79.1,-62.0
-8.5,-79.0,-34.0
-8.5,-78.9,-7.0
-8.5,-78.8,136.0
-8.5,-78.7,206.0
-8.5,-78.6,244.0
-8.5,-78.5,630.0
-8.5,-78.4,2147.0
-8.5,-78.3,3212.0
-8.5,-78.2,1492.0
-8.5,-78.1,1804.0
-8.5,-78.0,3868.0
-8.5,-77.9,3629.0
-8.5,-77.8,3559.0
-8.5,-77.7,4074.0
-8.5,-77.6,3754.0
-8.5,-77.5,4165.0
-8.5,-77.4,2715.0
-8.5,-77.3,2632.0
-8.5,-77.2,3167.0
-8.5,-77.1,3922.0
-8.5,-77.0,3161.0
-8.5,-76.9,3590.0
-8.5,-76.8,3371.0
-8.5,-76.7,2972.0
-8.5,-76.6,1587.0
-8.5,-76.5,925.0
-8.5,-76.4,543.0
-8.5,-76.3,641.0
-8.5,-76.2,874.0
-8.5,-76.1,1546.0
-8.5,-76.0,1534.0
-8.5,-75.9,1012.0
-8.5,-75.8,694.0
-8.5,-75.7,1116.0
-8.5,-75.6,288.0
-8.5,-75.5,273.0
-8.5,-75.4,296.0
-8.5,-75.3,297.0
-8.5,-75.2,218.0
-8.5,-75.1,207.0
-8.5,-75.0,176.0
-8.5,-74.9,192.0
-8.5,-74.8,199.0
-8.5,-74.7,169.0
-8.5,-74.6,159.0
-8.5,-74.5,152.0
-8.5,-74.4,151.0
-8.5,-74.3,147.0
-8.5,-74.2,151.0
-8.5,-74.1,164.0
-8.5,-74.0,194.0
-8.5,-73.9,213.0
-8.5,-73.8,248.0
-8.5,-73.7,260.0
-8.5,-73.6,262.0
-8.5,-73.5,231.0
-8.5,-73.4,252.0
-8.5,-73.3,292.0
-8.5,-73.2,268.0
-8.5,-73.1,248.0
-8.5,-73.0,240.0
-8.5,-72.9,227.0
-8.5,-72.8,213.0
-8.5,-72.7,234.0
-8.5,-72.6,248.0
-8.5,-72.5,235.0
-8.5,-72.4,244.0
-8.5,-72.3,257.0
-8.5,-72.2,266.0
-8.5,-72.1,271.0
-8.5,-72.0,278.0
-8.5,-71.9,287.0
-8.5,-71.8,295.0
-8.5,-71.7,305.0
-8.5,-71.6,294.0
-8.5,-71.5,263.0
-8.5,-71.4,233.0
-8.5,-71.3,256.0
-8.5,-71.2,270.0
-8.5,-71.1,271.0
-8.5,-71.0,240.0
-8.5,-70.9,222.0
-8.5,-70.8,229.0
-8.5,-70.7,238.0
-8.5,-70.6,192.0
-8.5,-70.5,203.0
-8.5,-70.4,226.0
-8.5,-70.3,223.0
-8.5,-70.2,227.0
-8.5,-70.1,225.0
-8.5,-70.0,208.0
-8.5,-69.9,200.0
-8.5,-69.8,203.0
-8.5,-69.7,215.0
-8.5,-69.6,219.0
-8.5,-69.5,193.0
-8.5,-69.4,213.0
-8.5,-69.3,222.0
-8.5,-69.2,219.0
-8.5,-69.1,228.0
-8.5,-69.0,207.0
-8.5,-68.9,211.0
-8.5,-68.8,189.0
-8.5,-68.7,187.0
-8.5,-68.6,216.0
-8.5,-68.5,223.0
-8.5,-68.4,194.0
-8.5,-68.3,208.0
-8.5,-68.2,170.0
-8.5,-68.1,154.0
-8.5,-68.0,193.0
-8.25,-82.0,-4463.0
-8.25,-81.9,-4352.0
-8.25,-81.8,-4499.0
-8.25,-81.7,-4841.0
-8.25,-81.6,-5036.0
-8.25,-81.5,-4625.0
-8.25,-81.4,-4822.0
-8.25,-81.3,-5332.0
-8.25,-81.2,-5788.0
-8.25,-81.1,-6252.0
-8.25,-81.0,-5579.0
-8.25,-80.9,-4330.0
-8.25,-80.8,-3046.0
-8.25,-80.7,-2032.0
-8.25,-80.6,-1247.0
-8.25,-80.5,-1006.0
-8.25,-80.4,-736.0
-8.25,-80.3,-526.0
-8.25,-80.2,-278.0
-8.25,-80.1,-197.0
-8.25,-80.0,-205.0
-8.25,-79.9,-181.0
-8.25,-79.8,-149.0
-8.25,-79.7,-126.0
-8.25,-79.6,-80.0
-8.25,-79.5,-79.0
-8.25,-79.4,-73.0
-8.25,-79.3,-64.0
-8.25,-79.2,-48.0
-8.25,-79.1,-36.0
-8.25,-79.0,-2.0
-8.25,-78.9,161.0
-8.25,-78.8,907.0
-8.25,-78.7,783.0
-8.25,-78.6,2394.0
-8.25,-78.5,3218.0
-8.25,-78.4,3004.0
-8.25,-78.3,4061.0
-8.25,-78.2,3816.0
-8.25,-78.1,2641.0
-8.25,-78.0,2959.0
-8.25,-77.9,3436.0
-8.25,-77.8,3993.0
-8.25,-77.7,4150.0
-8.25,-77.6,3028.0
-8.25,-77.5,2287.0
-8.25,-77.4,3325.0
-8.25,-77.3,2958.0
-8.25,-77.2,3711.0
-8.25,-77.1,3163.0
-8.25,-77.0,1971.0
-8.25,-76.9,3178.0
-8.25,-76.8,2647.0
-8.25,-76.7,1477.0
-8.25,-76.6,589.0
-8.25,-76.5,482.0
-8.25,-76.4,706.0
-8.25,-76.3,932.0
-8.25,-76.2,1354.0
-8.25,-76.1,1085.0
-8.25,-76.0,1683.0
-8.25,-75.9,1679.0
-8.25,-75.8,1181.0
-8.25,-75.7,378.0
-8.25,-75.6,272.0
-8.25,-75.5,268.0
-8.25,-75.4,365.0
-8.25,-75.3,278.0
-8.25,-75.2,257.0
-8.25,-75.1,237.0
-8.25,-75.0,189.0
-8.25,-74.9,163.0
-8.25,-74.8,163.0
-8.25,-74.7,151.0
-8.25,-74.6,151.0
-8.25,-74.5,146.0
-8.25,-74.4,155.0
-8.25,-74.3,159.0
-8.25,-74.2,173.0
-8.25,-74.1,205.0
-8.25,-74.0,234.0
-8.25,-73.9,255.0
-8.25,-73.8,238.0
-8.25,-73.7,222.0
-8.25,-73.6,243.0
-8.25,-73.5,261.0
-8.25,-73.4,232.0
-8.25,-73.3,218.0
-8.25,-73.2,226.0
-8.25,-73.1,211.0
-8.25,-73.0,216.0
-8.25,-72.9,222.0
-8.25,-72.8,236.0
-8.25,-72.7,208.0
-8.25,-72.6,234.0
-8.25,-72.5,211.0
-8.25,-72.4,221.0
-8.25,-72.3,240.0
-8.25,-72.2,261.0
-8.25,-72.1,237.0
-8.25,-72.0,230.0
-8.25,-71.9,257.0
-8.25,-71.8,263.0
-8.25,-71.7,248.0
-8.25,-71.6,269.0
-8.25,-71.5,277.0
-8.25,-71.4,276.0
-8.25,-71.3,292.0
-8.25,-71.2,271.0
-8.25,-71.1,232.0
-8.25,-71.0,194.0
-8.25,-70.9,218.0
-8.25,-70.8,225.0
-8.25,-70.7,224.0
-8.25,-70.6,250.0
-8.25,-70.5,195.0
-8.25,-70.4,185.0
-8.25,-70.3,198.0
-8.25,-70.2,217.0
-8.25,-70.1,209.0
-8.25,-70.0,195.0
-8.25,-69.9,203.0
-8.25,-69.8,188.0
-8.25,-69.7,206.0
-8.25,-69.6,189.0
-8.25,-69.5,194.0
-8.25,-69.4,174.0
-8.25,-69.3,186.0
-8.25,-69.2,186.0
-8.25,-69.1,177.0
-8.25,-69.0,188.0
-8.25,-68.9,184.0
-8.25,-68.8,210.0
-8.25,-68.7,193.0
-8.25,-68.6,203.0
-8.25,-68.5,158.0
-8.25,-68.4,179.0
-8.25,-68.3,190.0
-8.25,-68.2,194.0
-8.25,-68.1,180.0
-8.25,-68.0,169.0
-8.0,-82.0,-4407.0
-8.0,-81.9,-4470.0
-8.0,-81.8,-4597.0
-8.0,-81.7,-4534.0
-8.0,-81.6,-5035.0
-8.0,-81.5,-5075.0
-8.0,-81.4,-5087.0
-8.0,-81.3,-5655.0
-8.0,-81.2,-5969.0
-8.0,-81.1,-5219.0
-8.0,-81.0,-4072.0
-8.0,-80.9,-2717.0
-8.0,-80.8,-2436.0
-8.0,-80.7,-1253.0
-8.0,-80.6,-1214.0
-8.0,-80.5,-950.0
-8.0,-80.4,-562.0
-8.0,-80.3,-277.0
-8.0,-80.2,-181.0
-8.0,-80.1,-169.0
-8.0,-80.0,-146.0
-8.0,-79.9,-147.0
-8.0,-79.8,-149.0
-8.0,-79.7,-119.0
-8.0,-79.6,-86.0
-8.0,-79.5,-70.0
-8.0,-79.4,-46.0
-8.0,-79.3,-26.0
-8.0,-79.2,17.0
-8.0,-79.1,310.0
-8.0,-79.0,390.0
-8.0,-78.9,1245.0
-8.0,-78.8,729.0
-8.0,-78.7,1466.0
-8.0,-78.6,3412.0
-8.0,-78.5,2958.0
-8.0,-78.4,3501.0
-8.0,-78.3,4085.0
-8.0,-78.2,3914.0
-8.0,-78.1,3772.0
-8.0,-78.0,4019.0
-8.0,-77.9,3876.0
-8.0,-77.8,3709.0
-8.0,-77.7,2650.0
-8.0,-77.6,2231.0
-8.0,-77.5,3086.0
-8.0,-77.4,4054.0
-8.0,-77.3,3418.0
-8.0,-77.2,3752.0
-8.0,-77.1,3481.0
-8.0,-77.0,2364.0
-8.0,-76.9,2142.0
-8.0,-76.8,1554.0
-8.0,-76.7,654.0
-8.0,-76.6,1370.0
-8.0,-76.5,1167.0
-8.0,-76.4,1281.0
-8.0,-76.3,1401.0
-8.0,-76.2,775.0
-8.0,-76.1,1277.0
-8.0,-76.0,1003.0
-8.0,-75.9,1036.0
-8.0,-75.8,295.0
-8.0,-75.7,219.0
-8.0,-75.6,211.0
-8.0,-75.5,273.0
-8.0,-75.4,289.0
-8.0,-75.3,242.0
-8.0,-75.2,234.0
-8.0,-75.1,187.0
-8.0,-75.0,164.0
-8.0,-74.9,150.0
-8.0,-74.8,145.0
-8.0,-74.7,141.0
-8.0,-74.6,152.0
-8.0,-74.5,157.0
-8.0,-74.4,189.0
-8.0,-74.3,219.0
-8.0,-74.2,200.0
-8.0,-74.1,217.0
-8.0,-74.0,258.0
-8.0,-73.9,666.0
-8.0,-73.8,262.0
-8.0,-73.7,269.0
-8.0,-73.6,310.0
-8.0,-73.5,271.0
-8.0,-73.4,250.0
-8.0,-73.3,240.0
-8.0,-73.2,243.0
-8.0,-73.1,241.0
-8.0,-73.0,230.0
-8.0,-72.9,232.0
-8.0,-72.8,199.0
-8.0,-72.7,221.0
-8.0,-72.6,224.0
-8.0,-72.5,211.0
-8.0,-72.4,211.0
-8.0,-72.3,242.0
-8.0,-72.2,244.0
-8.0,-72.1,209.0
-8.0,-72.0,230.0
-8.0,-71.9,243.0
-8.0,-71.8,245.0
-8.0,-71.7,230.0
-8.0,-71.6,247.0
-8.0,-71.5,217.0
-8.0,-71.4,253.0
-8.0,-71.3,283.0
-8.0,-71.2,247.0
-8.0,-71.1,244.0
-8.0,-71.0,219.0
-8.0,-70.9,237.0
-8.0,-70.8,259.0
-8.0,-70.7,176.0
-8.0,-70.6,195.0
-8.0,-70.5,237.0
-8.0,-70.4,226.0
-8.0,-70.3,196.0
-8.0,-70.2,180.0
-8.0,-70.1,200.0
-8.0,-70.0,192.0
-8.0,-69.9,177.0
-8.0,-69.8,202.0
-8.0,-69.7,186.0
-8.0,-69.6,180.0
-8.0,-69.5,194.0
-8.0,-69.4,186.0
-8.0,-69.3,178.0
-8.0,-69.2,169.0
-8.0,-69.1,198.0
-8.0,-69.0,198.0
-8.0,-68.9,163.0
-8.0,-68.8,205.0
-8.0,-68.7,218.0
-8.0,-68.6,201.0
-8.0,-68.5,203.0
-8.0,-68.4,193.0
-8.0,-68.3,155.0
-8.0,-68.2,195.0
-8.0,-68.1,176.0
-8.0,-68.0,176.0
-7.75,-82.0,-4423.0
-7.75,-81.9,-4466.0
-7.75,-81.8,-4536.0
-7.75,-81.7,-4584.0
-7.75,-81.6,-4896.0
-7.75,-81.5,-5624.0
-7.75,-81.4,-5209.0
-7.75,-81.3,-6131.0
-7.75,-81.2,-5459.0
-7.75,-81.1,-4422.0
-7.75,-81.0,-2749.0
-7.75,-80.9,-2754.0
-7.75,-80.8,-2101.0
-7.75,-80.7,-1276.0
-7.75,-80.6,-848.0
-7.75,-80.5,-523.0
-7.75,-80.4,-390.0
-7.75,-80.3,-274.0
-7.75,-80.2,-191.0
-7.75,-80.1,-143.0
-7.75,-80.0,-142.0
-7.75,-79.9,-116.0
-7.75,-79.8,-101.0
-7.75,-79.7,-109.0
-7.75,-79.6,-45.0
-7.75,-79.5,-21.0
-7.75,-79.4,10.0
-7.75,-79.3,72.0
-7.75,-79.2,133.0
-7.75,-79.1,198.0
-7.75,-79.0,347.0
-7.75,-78.9,891.0
-7.75,-78.8,2040.0
-7.75,-78.7,3442.0
-7.75,-78.6,2315.0
-7.75,-78.5,1472.0
-7.75,-78.4,2167.0
-7.75,-78.3,3272.0
-7.75,-78.2,3445.0
-7.75,-78.1,2659.0
-7.75,-78.0,3230.0
-7.75,-77.9,3115.0
-7.75,-77.8,3953.0
-7.75,-77.7,2634.0
-7.75,-77.6,3043.0
-7.75,-77.5,4041.0
-7.75,-77.4,3669.0
-7.75,-77.3,3108.0
-7.75,-77.2,2455.0
-7.75,-77.1,2359.0
-7.75,-77.0,1857.0
-7.75,-76.9,1672.0
-7.75,-76.8,951.0
-7.75,-76.7,520.0
-7.75,-76.6,1088.0
-7.75,-76.5,500.0
-7.75,-76.4,1406.0
-7.75,-76.3,730.0
-7.75,-76.2,1026.0
-7.75,-76.1,1071.0
-7.75,-76.0,761.0
-7.75,-75.9,626.0
-7.75,-75.8,629.0
-7.75,-75.7,238.0
-7.75,-75.6,277.0
-7.75,-75.5,272.0
-7.75,-75.4,187.0
-7.75,-75.3,165.0
-7.75,-75.2,153.0
-7.75,-75.1,136.0
-7.75,-75.0,134.0
-7.75,-74.9,146.0
-7.75,-74.8,154.0
-7.75,-74.7,188.0
-7.75,-74.6,220.0
-7.75,-74.5,206.0
-7.75,-74.4,227.0
-7.75,-74.3,205.0
-7.75,-74.2,225.0
-7.75,-74.1,222.0
-7.75,-74.0,242.0
-7.75,-73.9,244.0
-7.75,-73.8,298.0
-7.75,-73.7,429.0
-7.75,-73.6,282.0
-7.75,-73.5,257.0
-7.75,-73.4,238.0
-7.75,-73.3,247.0
-7.75,-73.2,248.0
-7.75,-73.1,256.0
-7.75,-73.0,240.0
-7.75,-72.9,239.0
-7.75,-72.8,225.0
-7.75,-72.7,214.0
-7.75,-72.6,193.0
-7.75,-72.5,182.0
-7.75,-72.4,210.0
-7.75,-72.3,227.0
-7.75,-72.2,221.0
-7.75,-72.1,219.0
-7.75,-72.0,187.0
-7.75,-71.9,209.0
-7.75,-71.8,248.0
-7.75,-71.7,236.0
-7.75,-71.6,219.0
-7.75,-71.5,223.0
-7.75,-71.4,214.0
-7.75,-71.3,228.0
-7.75,-71.2,233.0
-7.75,-71.1,260.0
-7.75,-71.0,233.0
-7.75,-70.9,195.0
-7.75,-70.8,203.0
-7.75,-70.7,204.0
-7.75,-70.6,168.0
-7.75,-70.5,216.0
-7.75,-70.4,223.0
-7.75,-70.3,196.0
-7.75,-70.2,201.0
-7.75,-70.1,184.0
-7.75,-70.0,168.0
-7.75,-69.9,201.0
-7.75,-69.8,187.0
-7.75,-69.7,195.0
-7.75,-69.6,197.0
-7.75,-69.5,171.0
-7.75,-69.4,173.0
-7.75,-69.3,192.0
-7.75,-69.2,178.0
-7.75,-69.1,175.0
-7.75,-69.0,183.0
-7.75,-68.9,159.0
-7.75,-68.8,179.0
-7.75,-68.7,198.0
-7.75,-68.6,193.0
-7.75,-68.5,193.0
-7.75,-68.4,191.0
-7.75,-68.3,193.0
-7.75,-68.2,188.0
-7.75,-68.1,181.0
-7.75,-68.0,165.0
-7.5,-82.0,-4520.0
-7.5,-81.9,-4485.0
-7.5,-81.8,-4588.0
-7.5,-81.7,-4754.0
-7.5,-81.6,-5000.0
-7.5,-81.5,-5761.0
-7.5,-81.4,-5877.0
-7.5,-81.3,-5402.0
-7.5,-81.2,-4301.0
-7.5,-81.1,-3073.0
-7.5,-81.0,-2400.0
-7.5,-80.9,-1599.0
-7.5,-80.8,-942.0
-7.5,-80.7,-480.0
-7.5,-80.6,-289.0
-7.5,-80.5,-222.0
-7.5,-80.4,-190.0
-7.5,-80.3,-157.0
-7.5,-80.2,-118.0
-7.5,-80.1,-113.0
-7.5,-80.0,-99.0
-7.5,-79.9,-73.0
-7.5,-79.8,-76.0
-7.5,-79.7,-69.0
-7.5,-79.6,-13.0
-7.5,-79.5,40.0
-7.5,-79.4,134.0
-7.5,-79.3,261.0
-7.5,-79.2,586.0
-7.5,-79.1,1453.0
-7.5,-79.0,870.0
-7.5,-78.9,724.0
-7.5,-78.8,1302.0
-7.5,-78.7,1783.0
-7.5,-78.6,1624.0
-7.5,-78.5,2778.0
-7.5,-78.4,2445.0
-7.5,-78.3,3250.0
-7.5,-78.2,2937.0
-7.5,-78.1,2308.0
-7.5,-78.0,2815.0
-7.5,-77.9,2949.0
-7.5,-77.8,1360.0
-7.5,-77.7,1756.0
-7.5,-77.6,3235.0
-7.5,-77.5,3352.0
-7.5,-77.4,3092.0
-7.5,-77.3,1792.0
-7.5,-77.2,2376.0
-7.5,-77.1,1146.0
-7.5,-77.0,1854.0
-7.5,-76.9,1071.0
-7.5,-76.8,893.0
-7.5,-76.7,477.0
-7.5,-76.6,734.0
-7.5,-76.5,514.0
-7.5,-76.4,587.0
-7.5,-76.3,1221.0
-7.5,-76.2,903.0
-7.5,-76.1,1052.0
-7.5,-76.0,649.0
-7.5,-75.9,1421.0
-7.5,-75.8,365.0
-7.5,-75.7,295.0
-7.5,-75.6,256.0
-7.5,-75.5,194.0
-7.5,-75.4,169.0
-7.5,-75.3,142.0
-7.5,-75.2,132.0
-7.5,-75.1,148.0
-7.5,-75.0,138.0
-7.5,-74.9,167.0
-7.5,-74.8,200.0
-7.5,-74.7,217.0
-7.5,-74.6,254.0
-7.5,-74.5,244.0
-7.5,-74.4,247.0
-7.5,-74.3,227.0
-7.5,-74.2,238.0
-7.5,-74.1,244.0
-7.5,-74.0,292.0
-7.5,-73.9,280.0
-7.5,-73.8,280.0
-7.5,-73.7,268.0
-7.5,-73.6,247.0
-7.5,-73.5,242.0
-7.5,-73.4,234.0
-7.5,-73.3,223.0
-7.5,-73.2,238.0
-7.5,-73.1,220.0
-7.5,-73.0,195.0
-7.5,-72.9,199.0
-7.5,-72.8,222.0
-7.5,-72.7,218.0
-7.5,-72.6,194.0
-7.5,-72.5,186.0
-7.5,-72.4,184.0
-7.5,-72.3,192.0
-7.5,-72.2,200.0
-7.5,-72.1,206.0
-7.5,-72.0,224.0
-7.5,-71.9,178.0
-7.5,-71.8,203.0
-7.5,-71.7,201.0
-7.5,-71.6,218.0
-7.5,-71.5,201.0
-7.5,-71.4,244.0
-7.5,-71.3,233.0
-7.5,-71.2,207.0
-7.5,-71.1,198.0
-7.5,-71.0,223.0
-7.5,-70.9,262.0
-7.5,-70.8,212.0
-7.5,-70.7,218.0
-7.5,-70.6,224.0
-7.5,-70.5,213.0
-7.5,-70.4,200.0
-7.5,-70.3,166.0
-7.5,-70.2,155.0
-7.5,-70.1,149.0
-7.5,-70.0,173.0
-7.5,-69.9,189.0
-7.5,-69.8,175.0
-7.5,-69.7,175.0
-7.5,-69.6,175.0
-7.5,-69.5,183.0
-7.5,-69.4,181.0
-7.5,-69.3,175.0
-7.5,-69.2,168.0
-7.5,-69.1,173.0
-7.5,-69.0,155.0
-7.5,-68.9,186.0
-7.5,-68.8,169.0
-7.5,-68.7,157.0
-7.5,-68.6,135.0
-7.5,-68.5,145.0
-7.5,-68.4,140.0
-7.5,-68.3,156.0
-7.5,-68.2,168.0
-7.5,-68.1,163.0
-7.5,-68.0,167.0
-7.25,-82.0,-4482.0
-7.25,-81.9,-4645.0
-7.25,-81.8,-4771.0
-7.25,-81.7,-4928.0
-7.25,-81.6,-5424.0
-7.25,-81.5,-5839.0
-7.25,-81.4,-5742.0
-7.25,-81.3,-4317.0
-7.25,-81.2,-3320.0
-7.25,-81.1,-3275.0
-7.25,-81.0,-1881.0
-7.25,-80.9,-1134.0
-7.25,-80.8,-435.0
-7.25,-80.7,-140.0
-7.25,-80.6,-129.0
-7.25,-80.5,-139.0
-7.25,-80.4,-103.0
-7.25,-80.3,-83.0
-7.25,-80.2,-82.0
-7.25,-80.1,-74.0
-7.25,-80.0,-82.0
-7.25,-79.9,-74.0
-7.25,-79.8,-58.0
-7.25,-79.7,-22.0
-7.25,-79.6,20.0
-7.25,-79.5,87.0
-7.25,-79.4,145.0
-7.25,-79.3,452.0
-7.25,-79.2,670.0
-7.25,-79.1,621.0
-7.25,-79.0,2042.0
-7.25,-78.9,1214.0
-7.25,-78.8,1822.0
-7.25,-78.7,1547.0
-7.25,-78.6,2485.0
-7.25,-78.5,2909.0
-7.25,-78.4,2740.0
-7.25,-78.3,2724.0
-7.25,-78.2,3214.0
-7.25,-78.1,3451.0
-7.25,-78.0,3907.0
-7.25,-77.9,2088.0
-7.25,-77.8,2904.0
-7.25,-77.7,3942.0
-7.25,-77.6,3699.0
-7.25,-77.5,3150.0
-7.25,-77.4,1994.0
-7.25,-77.3,1439.0
-7.25,-77.2,1375.0
-7.25,-77.1,786.0
-7.25,-77.0,553.0
-7.25,-76.9,999.0
-7.25,-76.8,334.0
-7.25,-76.7,352.0
-7.25,-76.6,353.0
-7.25,-76.5,355.0
-7.25,-76.4,471.0
-7.25,-76.3,604.0
-7.25,-76.2,756.0
-7.25,-76.1,582.0
-7.25,-76.0,1360.0
-7.25,-75.9,493.0
-7.25,-75.8,339.0
-7.25,-75.7,247.0
-7.25,-75.6,247.0
-7.25,-75.5,192.0
-7.25,-75.4,184.0
-7.25,-75.3,143.0
-7.25,-75.2,134.0
-7.25,-75.1,131.0
-7.25,-75.0,196.0
-7.25,-74.9,241.0
-7.25,-74.8,264.0
-7.25,-74.7,250.0
-7.25,-74.6,343.0
-7.25,-74.5,522.0
-7.25,-74.4,327.0
-7.25,-74.3,243.0
-7.25,-74.2,248.0
-7.25,-74.1,226.0
-7.25,-74.0,255.0
-7.25,-73.9,285.0
-7.25,-73.8,382.0
-7.25,-73.7,373.0
-7.25,-73.6,261.0
-7.25,-73.5,249.0
-7.25,-73.4,245.0
-7.25,-73.3,241.0
-7.25,-73.2,225.0
-7.25,-73.1,215.0
-7.25,-73.0,212.0
-7.25,-72.9,197.0
-7.25,-72.8,199.0
-7.25,-72.7,182.0
-7.25,-72.6,206.0
-7.25,-72.5,190.0
-7.25,-72.4,195.0
-7.25,-72.3,174.0
-7.25,-72.2,169.0
-7.25,-72.1,171.0
-7.25,-72.0,171.0
-7.25,-71.9,170.0
-7.25,-71.8,195.0
-7.25,-71.7,193.0
-7.25,-71.6,174.0
-7.25,-71.5,174.0
-7.25,-71.4,218.0
-7.25,-71.3,197.0
-7.25,-71.2,208.0
-7.25,-71.1,211.0
-7.25,-71.0,195.0
-7.25,-70.9,163.0
-7.25,-70.8,205.0
-7.25,-70.7,204.0
-7.25,-70.6,223.0
-7.25,-70.5,221.0
-7.25,-70.4,213.0
-7.25,-70.3,173.0
-7.25,-70.2,178.0
-7.25,-70.1,193.0
-7.25,-70.0,173.0
-7.25,-69.9,142.0
-7.25,-69.8,158.0
-7.25,-69.7,172.0
-7.25,-69.6,151.0
-7.25,-69.5,179.0
-7.25,-69.4,181.0
-7.25,-69.3,156.0
-7.25,-69.2,165.0
-7.25,-69.1,177.0
-7.25,-69.0,136.0
-7.25,-68.9,176.0
-7.25,-68.8,158.0
-7.25,-68.7,155.0
-7.25,-68.6,139.0
-7.25,-68.5,184.0
-7.25,-68.4,171.0
-7.25,-68.3,169.0
-7.25,-68.2,175.0
-7.25,-68.1,163.0
-7.25,-68.0,146.0
-7.0,-82.0,-4424.0
-7.0,-81.9,-4794.0
-7.0,-81.8,-5043.0
-7.0,-81.7,-5402.0
-7.0,-81.6,-5826.0
-7.0,-81.5,-5438.0
-7.0,-81.4,-4548.0
-7.0,-81.3,-2804.0
-7.0,-81.2,-2114.0
-7.0,-81.1,-1374.0
-7.0,-81.0,-750.0
-7.0,-80.9,-273.0
-7.0,-80.8,-114.0
-7.0,-80.7,-42.0
-7.0,-80.6,-89.0
-7.0,-80.5,-71.0
-7.0,-80.4,-76.0
-7.0,-80.3,-62.0
-7.0,-80.2,-54.0
-7.0,-80.1,-47.0
-7.0,-80.0,-36.0
-7.0,-79.9,-23.0
-7.0,-79.8,1.0
-7.0,-79.7,31.0
-7.0,-79.6,35.0
-7.0,-79.5,201.0
-7.0,-79.4,447.0
-7.0,-79.3,1362.0
-7.0,-79.2,828.0
-7.0,-79.1,2922.0
-7.0,-79.0,3364.0
-7.0,-78.9,3019.0
-7.0,-78.8,2634.0
-7.0,-78.7,3068.0
-7.0,-78.6,3461.0
-7.0,-78.5,3998.0
-7.0,-78.4,3771.0
-7.0,-78.3,3785.0
-7.0,-78.2,3295.0
-7.0,-78.1,2336.0
-7.0,-78.0,1136.0
-7.0,-77.9,1947.0
-7.0,-77.8,3918.0
-7.0,-77.7,3298.0
-7.0,-77.6,2617.0
-7.0,-77.5,2828.0
-7.0,-77.4,2278.0
-7.0,-77.3,1886.0
-7.0,-77.2,987.0
-7.0,-77.1,707.0
-7.0,-77.0,1226.0
-7.0,-76.9,638.0
-7.0,-76.8,487.0
-7.0,-76.7,396.0
-7.0,-76.6,468.0
-7.0,-76.5,236.0
-7.0,-76.4,398.0
-7.0,-76.3,354.0
-7.0,-76.2,278.0
-7.0,-76.1,532.0
-7.0,-76.0,1028.0
-7.0,-75.9,382.0
-7.0,-75.8,585.0
-7.0,-75.7,612.0
-7.0,-75.6,686.0
-7.0,-75.5,292.0
-7.0,-75.4,262.0
-7.0,-75.3,190.0
-7.0,-75.2,152.0
-7.0,-75.1,152.0
-7.0,-75.0,178.0
-7.0,-74.9,188.0
-7.0,-74.8,208.0
-7.0,-74.7,249.0
-7.0,-74.6,283.0
-7.0,-74.5,210.0
-7.0,-74.4,187.0
-7.0,-74.3,199.0
-7.0,-74.2,214.0
-7.0,-74.1,212.0
-7.0,-74.0,214.0
-7.0,-73.9,382.0
-7.0,-73.8,250.0
-7.0,-73.7,248.0
-7.0,-73.6,250.0
-7.0,-73.5,234.0
-7.0,-73.4,237.0
-7.0,-73.3,245.0
-7.0,-73.2,241.0
-7.0,-73.1,253.0
-7.0,-73.0,238.0
-7.0,-72.9,226.0
-7.0,-72.8,226.0
-7.0,-72.7,229.0
-7.0,-72.6,228.0
-7.0,-72.5,223.0
-7.0,-72.4,227.0
-7.0,-72.3,195.0
-7.0,-72.2,238.0
-7.0,-72.1,184.0
-7.0,-72.0,201.0
-7.0,-71.9,212.0
-7.0,-71.8,187.0
-7.0,-71.7,175.0
-7.0,-71.6,183.0
-7.0,-71.5,158.0
-7.0,-71.4,156.0
-7.0,-71.3,154.0
-7.0,-71.2,155.0
-7.0,-71.1,168.0
-7.0,-71.0,184.0
-7.0,-70.9,171.0
-7.0,-70.8,180.0
-7.0,-70.7,151.0
-7.0,-70.6,187.0
-7.0,-70.5,178.0
-7.0,-70.4,175.0
-7.0,-70.3,190.0
-7.0,-70.2,185.0
-7.0,-70.1,166.0
-7.0,-70.0,168.0
-7.0,-69.9,163.0
-7.0,-69.8,159.0
-7.0,-69.7,141.0
-7.0,-69.6,178.0
-7.0,-69.5,178.0
-7.0,-69.4,180.0
-7.0,-69.3,198.0
-7.0,-69.2,176.0
-7.0,-69.1,167.0
-7.0,-69.0,152.0
-7.0,-68.9,178.0
-7.0,-68.8,173.0
-7.0,-68.7,169.0
-7.0,-68.6,159.0
-7.0,-68.5,167.0
-7.0,-68.4,154.0
-7.0,-68.3,135.0
-7.0,-68.2,141.0
-7.0,-68.1,142.0
-7.0,-68.0,152.0
-6.75,-82.0,-4741.0
-6.75,-81.9,-5018.0
-6.75,-81.8,-5364.0
-6.75,-81.7,-5760.0
-6.75,-81.6,-5780.0
-6.75,-81.5,-4014.0
-6.75,-81.4,-3063.0
-6.75,-81.3,-2825.0
-6.75,-81.2,-2503.0
-6.75,-81.1,-2877.0
-6.75,-81.0,-1524.0
-6.75,-80.9,-849.0
-6.75,-80.8,-131.0
-6.75,-80.7,-90.0
-6.75,-80.6,-49.0
-6.75,-80.5,-43.0
-6.75,-80.4,-40.0
-6.75,-80.3,-34.0
-6.75,-80.2,-26.0
-6.75,-80.1,-14.0
-6.75,-80.0,-2.0
-6.75,-79.9,19.0
-6.75,-79.8,36.0
-6.75,-79.7,60.0
-6.75,-79.6,92.0
-6.75,-79.5,123.0
-6.75,-79.4,515.0
-6.75,-79.3,511.0
-6.75,-79.2,1508.0
-6.75,-79.1,2464.0
-6.75,-79.0,2451.0
-6.75,-78.9,2534.0
-6.75,-78.8,2587.0
-6.75,-78.7,3897.0
-6.75,-78.6,3508.0
-6.75,-78.5,2644.0
-6.75,-78.4,3870.0
-6.75,-78.3,2759.0
-6.75,-78.2,1910.0
-6.75,-78.1,2436.0
-6.75,-78.0,1367.0
-6.75,-77.9,2999.0
-6.75,-77.8,2902.0
-6.75,-77.7,2309.0
-6.75,-77.6,2209.0
-6.75,-77.5,1684.0
-6.75,-77.4,1262.0
-6.75,-77.3,1231.0
-6.75,-77.2,989.0
-6.75,-77.1,1676.0
-6.75,-77.0,1524.0
-6.75,-76.9,1461.0
-6.75,-76.8,685.0
-6.75,-76.7,413.0
-6.75,-76.6,341.0
-6.75,-76.5,939.0
-6.75,-76.4,494.0
-6.75,-76.3,422.0
-6.75,-76.2,814.0
-6.75,-76.1,1141.0
-6.75,-76.0,928.0
-6.75,-75.9,654.0
-6.75,-75.8,563.0
-6.75,-75.7,1089.0
-6.75,-75.6,401.0
-6.75,-75.5,235.0
-6.75,-75.4,208.0
-6.75,-75.3,186.0
-6.75,-75.2,169.0
-6.75,-75.1,127.0
-6.75,-75.0,136.0
-6.75,-74.9,125.0
-6.75,-74.8,145.0
-6.75,-74.7,176.0
-6.75,-74.6,182.0
-6.75,-74.5,200.0
-6.75,-74.4,169.0
-6.75,-74.3,201.0
-6.75,-74.2,195.0
-6.75,-74.1,224.0
-6.75,-74.0,222.0
-6.75,-73.9,215.0
-6.75,-73.8,201.0
-6.75,-73.7,208.0
-6.75,-73.6,198.0
-6.75,-73.5,208.0
-6.75,-73.4,190.0
-6.75,-73.3,187.0
-6.75,-73.2,209.0
-6.75,-73.1,220.0
-6.75,-73.0,208.0
-6.75,-72.9,206.0
-6.75,-72.8,178.0
-6.75,-72.7,195.0
-6.75,-72.6,207.0
-6.75,-72.5,237.0
-6.75,-72.4,222.0
-6.75,-72.3,200.0
-6.75,-72.2,232.0
-6.75,-72.1,200.0
-6.75,-72.0,161.0
-6.75,-71.9,192.0
-6.75,-71.8,198.0
-6.75,-71.7,229.0
-6.75,-71.6,224.0
-6.75,-71.5,202.0
-6.75,-71.4,219.0
-6.75,-71.3,196.0
-6.75,-71.2,188.0
-6.75,-71.1,182.0
-6.75,-71.0,187.0
-6.75,-70.9,186.0
-6.75,-70.8,149.0
-6.75,-70.7,165.0
-6.75,-70.6,137.0
-6.75,-70.5,140.0
-6.75,-70.4,138.0
-6.75,-70.3,135.0
-6.75,-70.2,131.0
-6.75,-70.1,134.0
-6.75,-70.0,129.0
-6.75,-69.9,127.0
-6.75,-69.8,128.0
-6.75,-69.7,143.0
-6.75,-69.6,148.0
-6.75,-69.5,148.0
-6.75,-69.4,143.0
-6.75,-69.3,147.0
-6.75,-69.2,143.0
-6.75,-69.1,142.0
-6.75,-69.0,142.0
-6.75,-68.9,139.0
-6.75,-68.8,139.0
-6.75,-68.7,136.0
-6.75,-68.6,131.0
-6.75,-68.5,133.0
-6.75,-68.4,128.0
-6.75,-68.3,139.0
-6.75,-68.2,143.0
-6.75,-68.1,152.0
-6.75,-68.0,150.0
-6.5,-82.0,-4894.0
-6.5,-81.9,-5196.0
-6.5,-81.8,-5571.0
-6.5,-81.7,-5418.0
-6.5,-81.6,-4111.0
-6.5,-81.5,-3028.0
-6.5,-81.4,-2569.0
-6.5,-81.3,-2133.0
-6.5,-81.2,-1602.0
-6.5,-81.1,-1281.0
-6.5,-81.0,-491.0
-6.5,-80.9,-58.0
-6.5,-80.8,-35.0
-6.5,-80.7,-34.0
-6.5,-80.6,-26.0
-6.5,-80.5,-17.0
-6.5,-80.4,-4.0
-6.5,-80.3,-4.0
-6.5,-80.2,-2.0
-6.5,-80.1,8.0
-6.5,-80.0,24.0
-6.5,-79.9,39.0
-6.5,-79.8,77.0
-6.5,-79.7,92.0
-6.5,-79.6,128.0
-6.5,-79.5,470.0
-6.5,-79.4,719.0
-6.5,-79.3,1143.0
-6.5,-79.2,1077.0
-6.5,-79.1,2293.0
-6.5,-79.0,2103.0
-6.5,-78.9,2092.0
-6.5,-78.8,2140.0
-6.5,-78.7,2569.0
-6.5,-78.6,3040.0
-6.5,-78.5,2668.0
-6.5,-78.4,2776.0
-6.5,-78.3,2379.0
-6.5,-78.2,1304.0
-6.5,-78.1,2010.0
-6.5,-78.0,3570.0
-6.5,-77.9,2606.0
-6.5,-77.8,2951.0
-6.5,-77.7,3134.0
-6.5,-77.6,1774.0
-6.5,-77.5,1683.0
-6.5,-77.4,1815.0
-6.5,-77.3,2240.0
-6.5,-77.2,2256.0
-6.5,-77.1,2229.0
-6.5,-77.0,1126.0
-6.5,-76.9,1541.0
-6.5,-76.8,809.0
-6.5,-76.7,609.0
-6.5,-76.6,827.0
-6.5,-76.5,310.0
-6.5,-76.4,251.0
-6.5,-76.3,498.0
-6.5,-76.2,823.0
-6.5,-76.1,924.0
-6.5,-76.0,1260.0
-6.5,-75.9,262.0
-6.5,-75.8,212.0
-6.5,-75.7,184.0
-6.5,-75.6,182.0
-6.5,-75.5,250.0
-6.5,-75.4,171.0
-6.5,-75.3,152.0
-6.5,-75.2,137.0
-6.5,-75.1,140.0
-6.5,-75.0,135.0
-6.5,-74.9,135.0
-6.5,-74.8,127.0
-6.5,-74.7,157.0
-6.5,-74.6,160.0
-6.5,-74.5,172.0
-6.5,-74.4,169.0
-6.5,-74.3,155.0
-6.5,-74.2,179.0
-6.5,-74.1,168.0
-6.5,-74.0,183.0
-6.5,-73.9,177.0
-6.5,-73.8,161.0
-6.5,-73.7,176.0
-6.5,-73.6,176.0
-6.5,-73.5,196.0
-6.5,-73.4,191.0
-6.5,-73.3,203.0
-6.5,-73.2,183.0
-6.5,-73.1,179.0
-6.5,-73.0,204.0
-6.5,-72.9,191.0
-6.5,-72.8,175.0
-6.5,-72.7,161.0
-6.5,-72.6,173.0
-6.5,-72.5,189.0
-6.5,-72.4,196.0
-6.5,-72.3,169.0
-6.5,-72.2,207.0
-6.5,-72.1,180.0
-6.5,-72.0,177.0
-6.5,-71.9,178.0
-6.5,-71.8,146.0
-6.5,-71.7,177.0
-6.5,-71.6,196.0
-6.5,-71.5,195.0
-6.5,-71.4,196.0
-6.5,-71.3,175.0
-6.5,-71.2,183.0
-6.5,-71.1,199.0
-6.5,-71.0,179.0
-6.5,-70.9,163.0
-6.5,-70.8,180.0
-6.5,-70.7,207.0
-6.5,-70.6,207.0
-6.5,-70.5,219.0
-6.5,-70.4,207.0
-6.5,-70.3,213.0
-6.5,-70.2,186.0
-6.5,-70.1,167.0
-6.5,-70.0,198.0
-6.5,-69.9,192.0
-6.5,-69.8,179.0
-6.5,-69.7,153.0
-6.5,-69.6,150.0
-6.5,-69.5,142.0
-6.5,-69.4,131.0
-6.5,-69.3,134.0
-6.5,-69.2,130.0
-6.5,-69.1,114.0
-6.5,-69.0,116.0
-6.5,-68.9,116.0
-6.5,-68.8,114.0
-6.5,-68.7,111.0
-6.5,-68.6,111.0
-6.5,-68.5,111.0
-6.5,-68.4,109.0
-6.5,-68.3,108.0
-6.5,-68.2,103.0
-6.5,-68.1,123.0
-6.5,-68.0,106.0
-6.25,-82.0,-4980.0
-6.25,-81.9,-5367.0
-6.25,-81.8,-5741.0
-6.25,-81.7,-4921.0
-6.25,-81.6,-3354.0
-6.25,-81.5,-3209.0
-6.25,-81.4,-2773.0
-6.25,-81.3,-1986.0
-6.25,-81.2,-1034.0
-6.25,-81.1,-510.0
-6.25,-81.0,-47.0
-6.25,-80.9,-16.0
-6.25,-80.8,-4.0
-6.25,-80.7,6.0
-6.25,-80.6,10.0
-6.25,-80.5,2.0
-6.25,-80.4,1.0
-6.25,-80.3,9.0
-6.25,-80.2,18.0
-6.25,-80.1,33.0
-6.25,-80.0,51.0
-6.25,-79.9,71.0
-6.25,-79.8,343.0
-6.25,-79.7,109.0
-6.25,-79.6,239.0
-6.25,-79.5,1341.0
-6.25,-79.4,2202.0
-6.25,-79.3,3362.0
-6.25,-79.2,3369.0
-6.25,-79.1,2378.0
-6.25,-79.0,1367.0
-6.25,-78.9,2035.0
-6.25,-78.8,2783.0
-6.25,-78.7,2254.0
-6.25,-78.6,2634.0
-6.25,-78.5,1237.0
-6.25,-78.4,1534.0
-6.25,-78.3,1223.0
-6.25,-78.2,1648.0
-6.25,-78.1,2963.0
-6.25,-78.0,2608.0
-6.25,-77.9,2072.0
-6.25,-77.8,2559.0
-6.25,-77.7,2214.0
-6.25,-77.6,2714.0
-6.25,-77.5,2416.0
-6.25,-77.4,2284.0
-6.25,-77.3,2252.0
-6.25,-77.2,1257.0
-6.25,-77.1,1120.0
-6.25,-77.0,1500.0
-6.25,-76.9,1561.0
-6.25,-76.8,921.0
-6.25,-76.7,910.0
-6.25,-76.6,988.0
-6.25,-76.5,669.0
-6.25,-76.4,598.0
-6.25,-76.3,197.0
-6.25,-76.2,193.0
-6.25,-76.1,172.0
-6.25,-76.0,164.0
-6.25,-75.9,275.0
-6.25,-75.8,149.0
-6.25,-75.7,153.0
-6.25,-75.6,189.0
-6.25,-75.5,202.0
-6.25,-75.4,163.0
-6.25,-75.3,131.0
-6.25,-75.2,129.0
-6.25,-75.1,133.0
-6.25,-75.0,134.0
-6.25,-74.9,124.0
-6.25,-74.8,132.0
-6.25,-74.7,130.0
-6.25,-74.6,124.0
-6.25,-74.5,129.0
-6.25,-74.4,128.0
-6.25,-74.3,128.0
-6.25,-74.2,112.0
-6.25,-74.1,137.0
-6.25,-74.0,171.0
-6.25,-73.9,146.0
-6.25,-73.8,177.0
-6.25,-73.7,179.0
-6.25,-73.6,160.0
-6.25,-73.5,174.0
-6.25,-73.4,174.0
-6.25,-73.3,178.0
-6.25,-73.2,148.0
-6.25,-73.1,185.0
-6.25,-73.0,212.0
-6.25,-72.9,193.0
-6.25,-72.8,177.0
-6.25,-72.7,182.0
-6.25,-72.6,182.0
-6.25,-72.5,168.0
-6.25,-72.4,154.0
-6.25,-72.3,189.0
-6.25,-72.2,153.0
-6.25,-72.1,161.0
-6.25,-72.0,167.0
-6.25,-71.9,187.0
-6.25,-71.8,185.0
-6.25,-71.7,162.0
-6.25,-71.6,164.0
-6.25,-71.5,166.0
-6.25,-71.4,183.0
-6.25,-71.3,163.0
-6.25,-71.2,164.0
-6.25,-71.1,188.0
-6.25,-71.0,180.0
-6.25,-70.9,166.0
-6.25,-70.8,176.0
-6.25,-70.7,169.0
-6.25,-70.6,135.0
-6.25,-70.5,170.0
-6.25,-70.4,182.0
-6.25,-70.3,206.0
-6.25,-70.2,194.0
-6.25,-70.1,187.0
-6.25,-70.0,167.0
-6.25,-69.9,154.0
-6.25,-69.8,153.0
-6.25,-69.7,155.0
-6.25,-69.6,160.0
-6.25,-69.5,151.0
-6.25,-69.4,176.0
-6.25,-69.3,184.0
-6.25,-69.2,180.0
-6.25,-69.1,174.0
-6.25,-69.0,185.0
-6.25,-68.9,182.0
-6.25,-68.8,162.0
-6.25,-68.7,138.0
-6.25,-68.6,163.0
-6.25,-68.5,164.0
-6.25,-68.4,148.0
-6.25,-68.3,151.0
-6.25,-68.2,146.0
-6.25,-68.1,104.0
-6.25,-68.0,103.0
-6.0,-82.0,-5156.0
-6.0,-81.9,-5629.0
-6.0,-81.8,-5729.0
-6.0,-81.7,-4561.0
-6.0,-81.6,-3717.0
-6.0,-81.5,-2366.0
-6.0,-81.4,-1423.0
-6.0,-81.3,-438.0
-6.0,-81.2,-86.0
-6.0,-81.1,229.0
-6.0,-81.0,329.0
-6.0,-80.9,73.0
-6.0,-80.8,21.0
-6.0,-80.7,27.0
-6.0,-80.6,1.0
-6.0,-80.5,19.0
-6.0,-80.4,18.0
-6.0,-80.3,37.0
-6.0,-80.2,52.0
-6.0,-80.1,66.0
-6.0,-80.0,77.0
-6.0,-79.9,209.0
-6.0,-79.8,598.0
-6.0,-79.7,260.0
-6.0,-79.6,859.0
-6.0,-79.5,1763.0
-6.0,-79.4,2746.0
-6.0,-79.3,2365.0
-6.0,-79.2,1312.0
-6.0,-79.1,1816.0
-6.0,-79.0,1352.0
-6.0,-78.9,2028.0
-6.0,-78.8,1910.0
-6.0,-78.7,1388.0
-6.0,-78.6,836.0
-6.0,-78.5,1537.0
-6.0,-78.4,1987.0
-6.0,-78.3,2002.0
-6.0,-78.2,1643.0
-6.0,-78.1,2291.0
-6.0,-78.0,2175.0
-6.0,-77.9,2704.0
-6.0,-77.8,3323.0
-6.0,-77.7,2955.0
-6.0,-77.6,3435.0
-6.0,-77.5,3153.0
-6.0,-77.4,2008.0
-6.0,-77.3,1327.0
-6.0,-77.2,822.0
-6.0,-77.1,828.0
-6.0,-77.0,831.0
-6.0,-76.9,1170.0
-6.0,-76.8,1319.0
-6.0,-76.7,1354.0
-6.0,-76.6,1145.0
-6.0,-76.5,428.0
-6.0,-76.4,187.0
-6.0,-76.3,175.0
-6.0,-76.2,176.0
-6.0,-76.1,148.0
-6.0,-76.0,137.0
-6.0,-75.9,151.0
-6.0,-75.8,204.0
-6.0,-75.7,211.0
-6.0,-75.6,199.0
-6.0,-75.5,188.0
-6.0,-75.4,164.0
-6.0,-75.3,143.0
-6.0,-75.2,128.0
-6.0,-75.1,122.0
-6.0,-75.0,128.0
-6.0,-74.9,130.0
-6.0,-74.8,118.0
-6.0,-74.7,117.0
-6.0,-74.6,125.0
-6.0,-74.5,110.0
-6.0,-74.4,117.0
-6.0,-74.3,120.0
-6.0,-74.2,109.0
-6.0,-74.1,124.0
-6.0,-74.0,142.0
-6.0,-73.9,139.0
-6.0,-73.8,161.0
-6.0,-73.7,133.0
-6.0,-73.6,147.0
-6.0,-73.5,168.0
-6.0,-73.4,190.0
-6.0,-73.3,176.0
-6.0,-73.2,136.0
-6.0,-73.1,175.0
-6.0,-73.0,187.0
-6.0,-72.9,170.0
-6.0,-72.8,190.0
-6.0,-72.7,161.0
-6.0,-72.6,151.0
-6.0,-72.5,170.0
-6.0,-72.4,172.0
-6.0,-72.3,140.0
-6.0,-72.2,162.0
-6.0,-72.1,129.0
-6.0,-72.0,174.0
-6.0,-71.9,179.0
-6.0,-71.8,163.0
-6.0,-71.7,168.0
-6.0,-71.6,146.0
-6.0,-71.5,161.0
-6.0,-71.4,170.0
-6.0,-71.3,178.0
-6.0,-71.2,175.0
-6.0,-71.1,131.0
-6.0,-71.0,157.0
-6.0,-70.9,167.0
-6.0,-70.8,184.0
-6.0,-70.7,170.0
-6.0,-70.6,137.0
-6.0,-70.5,170.0
-6.0,-70.4,160.0
-6.0,-70.3,215.0
-6.0,-70.2,193.0
-6.0,-70.1,191.0
-6.0,-70.0,168.0
-6.0,-69.9,154.0
-6.0,-69.8,158.0
-6.0,-69.7,132.0
-6.0,-69.6,152.0
-6.0,-69.5,136.0
-6.0,-69.4,158.0
-6.0,-69.3,158.0
-6.0,-69.2,185.0
-6.0,-69.1,156.0
-6.0,-69.0,172.0
-6.0,-68.9,169.0
-6.0,-68.8,150.0
-6.0,-68.7,147.0
-6.0,-68.6,157.0
-6.0,-68.5,155.0
-6.0,-68.4,137.0
-6.0,-68.3,159.0
-6.0,-68.2,152.0
-6.0,-68.1,145.0
-6.0,-68.0,111.0
-5.75,-82.0,-5322.0
-5.75,-81.9,-5293.0
-5.75,-81.8,-4862.0
-5.75,-81.7,-4384.0
-5.75,-81.6,-2647.0
-5.75,-81.5,-2085.0
-5.75,-81.4,-1153.0
-5.75,-81.3,-329.0
-5.75,-81.2,-90.0
-5.75,-81.1,-67.0
-5.75,-81.0,-28.0
-5.75,-80.9,-5.0
-5.75,-80.8,10.0
-5.75,-80.7,2.0
-5.75,-80.6,0.0
-5.75,-80.5,22.0
-5.75,-80.4,50.0
-5.75,-80.3,75.0
-5.75,-80.2,122.0
-5.75,-80.1,122.0
-5.75,-80.0,122.0
-5.75,-79.9,122.0
-5.75,-79.8,150.0
-5.75,-79.7,662.0
-5.75,-79.6,2426.0
-5.75,-79.5,2332.0
-5.75,-79.4,1412.0
-5.75,-79.3,2297.0
-5.75,-79.2,2990.0
-5.75,-79.1,1949.0
-5.75,-79.0,1760.0
-5.75,-78.9,2326.0
-5.75,-78.8,982.0
-5.75,-78.7,562.0
-5.75,-78.6,714.0
-5.75,-78.5,526.0
-5.75,-78.4,527.0
-5.75,-78.3,808.0
-5.75,-78.2,2399.0
-5.75,-78.1,3017.0
-5.75,-78.0,2294.0
-5.75,-77.9,1871.0
-5.75,-77.8,3065.0
-5.75,-77.7,2000.0
-5.75,-77.6,1788.0
-5.75,-77.5,1046.0
-5.75,-77.4,879.0
-5.75,-77.3,844.0
-5.75,-77.2,900.0
-5.75,-77.1,901.0
-5.75,-77.0,858.0
-5.75,-76.9,1352.0
-5.75,-76.8,1449.0
-5.75,-76.7,654.0
-5.75,-76.6,208.0
-5.75,-76.5,178.0
-5.75,-76.4,164.0
-5.75,-76.3,176.0
-5.75,-76.2,147.0
-5.75,-76.1,155.0
-5.75,-76.0,133.0
-5.75,-75.9,194.0
-5.75,-75.8,174.0
-5.75,-75.7,176.0
-5.75,-75.6,188.0
-5.75,-75.5,197.0
-5.75,-75.4,194.0
-5.75,-75.3,144.0
-5.75,-75.2,129.0
-5.75,-75.1,126.0
-5.75,-75.0,124.0
-5.75,-74.9,128.0
-5.75,-74.8,110.0
-5.75,-74.7,115.0
-5.75,-74.6,119.0
-5.75,-74.5,117.0
-5.75,-74.4,113.0
-5.75,-74.3,112.0
-5.75,-74.2,115.0
-5.75,-74.1,116.0
-5.75,-74.0,119.0
-5.75,-73.9,112.0
-5.75,-73.8,125.0
-5.75,-73.7,143.0
-5.75,-73.6,145.0
-5.75,-73.5,161.0
-5.75,-73.4,172.0
-5.75,-73.3,172.0
-5.75,-73.2,164.0
-5.75,-73.1,148.0
-5.75,-73.0,136.0
-5.75,-72.9,165.0
-5.75,-72.8,153.0
-5.75,-72.7,152.0
-5.75,-72.6,163.0
-5.75,-72.5,152.0
-5.75,-72.4,152.0
-5.75,-72.3,152.0
-5.75,-72.2,155.0
-5.75,-72.1,128.0
-5.75,-72.0,150.0
-5.75,-71.9,144.0
-5.75,-71.8,201.0
-5.75,-71.7,180.0
-5.75,-71.6,178.0
-5.75,-71.5,148.0
-5.75,-71.4,118.0
-5.75,-71.3,153.0
-5.75,-71.2,167.0
-5.75,-71.1,135.0
-5.75,-71.0,174.0
-5.75,-70.9,167.0
-5.75,-70.8,139.0
-5.75,-70.7,139.0
-5.75,-70.6,180.0
-5.75,-70.5,127.0
-5.75,-70.4,137.0
-5.75,-70.3,158.0
-5.75,-70.2,190.0
-5.75,-70.1,166.0
-5.75,-70.0,179.0
-5.75,-69.9,204.0
-5.75,-69.8,200.0
-5.75,-69.7,175.0
-5.75,-69.6,150.0
-5.75,-69.5,151.0
-5.75,-69.4,117.0
-5.75,-69.3,132.0
-5.75,-69.2,144.0
-5.75,-69.1,142.0
-5.75,-69.0,177.0
-5.75,-68.9,168.0
-5.75,-68.8,161.0
-5.75,-68.7,156.0
-5.75,-68.6,141.0
-5.75,-68.5,144.0
-5.75,-68.4,122.0
-5.75,-68.3,149.0
-5.75,-68.2,147.0
-5.75,-68.1,153.0
-5.75,-68.0,145.0
-5.5,-82.0,-5303.0
-5.5,-81.9,-5072.0
-5.5,-81.8,-4440.0
-5.5,-81.7,-3982.0
-5.5,-81.6,-3331.0
-5.5,-81.5,-2026.0
-5.5,-81.4,-988.0
-5.5,-81.3,-387.0
-5.5,-81.2,-75.0
-5.5,-81.1,-73.0
-5.5,-81.0,-34.0
-5.5,-80.9,2.0
-5.5,-80.8,8.0
-5.5,-80.7,12.0
-5.5,-80.6,19.0
-5.5,-80.5,88.0
-5.5,-80.4,155.0
-5.5,-80.3,214.0
-5.5,-80.2,234.0
-5.5,-80.1,226.0
-5.5,-80.0,238.0
-5.5,-79.9,566.0
-5.5,-79.8,619.0
-5.5,-79.7,325.0
-5.5,-79.6,1130.0
-5.5,-79.5,2091.0
-5.5,-79.4,1627.0
-5.5,-79.3,2819.0
-5.5,-79.2,3092.0
-5.5,-79.1,1399.0
-5.5,-79.0,1020.0
-5.5,-78.9,1209.0
-5.5,-78.8,653.0
-5.5,-78.7,570.0
-5.5,-78.6,403.0
-5.5,-78.5,1142.0
-5.5,-78.4,1309.0
-5.5,-78.3,2582.0
-5.5,-78.2,1290.0
-5.5,-78.1,1771.0
-5.5,-78.0,1096.0
-5.5,-77.9,1918.0
-5.5,-77.8,1648.0
-5.5,-77.7,1463.0
-5.5,-77.6,1274.0
-5.5,-77.5,1971.0
-5.5,-77.4,1525.0
-5.5,-77.3,1137.0
-5.5,-77.2,879.0
-5.5,-77.1,1119.0
-5.5,-77.0,772.0
-5.5,-76.9,957.0
-5.5,-76.8,450.0
-5.5,-76.7,235.0
-5.5,-76.6,214.0
-5.5,-76.5,220.0
-5.5,-76.4,248.0
-5.5,-76.3,209.0
-5.5,-76.2,195.0
-5.5,-76.1,141.0
-5.5,-76.0,138.0
-5.5,-75.9,121.0
-5.5,-75.8,144.0
-5.5,-75.7,202.0
-5.5,-75.6,207.0
-5.5,-75.5,196.0
-5.5,-75.4,185.0
-5.5,-75.3,144.0
-5.5,-75.2,128.0
-5.5,-75.1,122.0
-5.5,-75.0,126.0
-5.5,-74.9,125.0
-5.5,-74.8,122.0
-5.5,-74.7,116.0
-5.5,-74.6,110.0
-5.5,-74.5,112.0
-5.5,-74.4,115.0
-5.5,-74.3,106.0
-5.5,-74.2,111.0
-5.5,-74.1,116.0
-5.5,-74.0,105.0
-5.5,-73.9,117.0
-5.5,-73.8,119.0
-5.5,-73.7,150.0
-5.5,-73.6,162.0
-5.5,-73.5,147.0
-5.5,-73.4,142.0
-5.5,-73.3,152.0
-5.5,-73.2,161.0
-5.5,-73.1,136.0
-5.5,-73.0,145.0
-5.5,-72.9,146.0
-5.5,-72.8,159.0
-5.5,-72.7,184.0
-5.5,-72.6,154.0
-5.5,-72.5,173.0
-5.5,-72.4,148.0
-5.5,-72.3,142.0
-5.5,-72.2,121.0
-5.5,-72.1,116.0
-5.5,-72.0,154.0
-5.5,-71.9,151.0
-5.5,-71.8,175.0
-5.5,-71.7,155.0
-5.5,-71.6,149.0
-5.5,-71.5,138.0
-5.5,-71.4,124.0
-5.5,-71.3,144.0
-5.5,-71.2,106.0
-5.5,-71.1,138.0
-5.5,-71.0,123.0
-5.5,-70.9,136.0
-5.5,-70.8,164.0
-5.5,-70.7,174.0
-5.5,-70.6,144.0
-5.5,-70.5,125.0
-5.5,-70.4,116.0
-5.5,-70.3,142.0
-5.5,-70.2,170.0
-5.5,-70.1,162.0
-5.5,-70.0,169.0
-5.5,-69.9,180.0
-5.5,-69.8,184.0
-5.5,-69.7,157.0
-5.5,-69.6,136.0
-5.5,-69.5,142.0
-5.5,-69.4,158.0
-5.5,-69.3,148.0
-5.5,-69.2,117.0
-5.5,-69.1,108.0
-5.5,-69.0,127.0
-5.5,-68.9,164.0
-5.5,-68.8,161.0
-5.5,-68.7,146.0
-5.5,-68.6,143.0
-5.5,-68.5,146.0
-5.5,-68.4,114.0
-5.5,-68.3,137.0
-5.5,-68.2,154.0
-5.5,-68.1,146.0
-5.5,-68.0,113.0
-5.25,-82.0,-5376.0
-5.25,-81.9,-5321.0
-5.25,-81.8,-4116.0
-5.25,-81.7,-2951.0
-5.25,-81.6,-2435.0
-5.25,-81.5,-1675.0
-5.25,-81.4,-273.0
-5.25,-81.3,-118.0
-5.25,-81.2,-40.0
-5.25,-81.1,156.0
-5.25,-81.0,230.0
-5.25,-80.9,84.0
-5.25,-80.8,52.0
-5.25,-80.7,25.0
-5.25,-80.6,42.0
-5.25,-80.5,144.0
-5.25,-80.4,248.0
-5.25,-80.3,206.0
-5.25,-80.2,153.0
-5.25,-80.1,118.0
-5.25,-80.0,398.0
-5.25,-79.9,516.0
-5.25,-79.8,429.0
-5.25,-79.7,787.0
-5.25,-79.6,1672.0
-5.25,-79.5,2528.0
-5.25,-79.4,2375.0
-5.25,-79.3,2811.0
-5.25,-79.2,1924.0
-5.25,-79.1,2240.0
-5.25,-79.0,2045.0
-5.25,-78.9,1159.0
-5.25,-78.8,717.0
-5.25,-78.7,1944.0
-5.25,-78.6,2065.0
-5.25,-78.5,1000.0
-5.25,-78.4,805.0
-5.25,-78.3,649.0
-5.25,-78.2,1122.0
-5.25,-78.1,643.0
-5.25,-78.0,1077.0
-5.25,-77.9,1082.0
-5.25,-77.8,736.0
-5.25,-77.7,1443.0
-5.25,-77.6,999.0
-5.25,-77.5,1032.0
-5.25,-77.4,871.0
-5.25,-77.3,738.0
-5.25,-77.2,564.0
-5.25,-77.1,177.0
-5.25,-77.0,182.0
-5.25,-76.9,208.0
-5.25,-76.8,170.0
-5.25,-76.7,222.0
-5.25,-76.6,241.0
-5.25,-76.5,220.0
-5.25,-76.4,183.0
-5.25,-76.3,157.0
-5.25,-76.2,139.0
-5.25,-76.1,121.0
-5.25,-76.0,133.0
-5.25,-75.9,132.0
-5.25,-75.8,129.0
-5.25,-75.7,123.0
-5.25,-75.6,133.0
-5.25,-75.5,126.0
-5.25,-75.4,126.0
-5.25,-75.3,124.0
-5.25,-75.2,120.0
-5.25,-75.1,125.0
-5.25,-75.0,111.0
-5.25,-74.9,125.0
-5.25,-74.8,126.0
-5.25,-74.7,123.0
-5.25,-74.6,120.0
-5.25,-74.5,110.0
-5.25,-74.4,105.0
-5.25,-74.3,111.0
-5.25,-74.2,106.0
-5.25,-74.1,108.0
-5.25,-74.0,108.0
-5.25,-73.9,106.0
-5.25,-73.8,133.0
-5.25,-73.7,167.0
-5.25,-73.6,149.0
-5.25,-73.5,134.0
-5.25,-73.4,134.0
-5.25,-73.3,136.0
-5.25,-73.2,125.0
-5.25,-73.1,118.0
-5.25,-73.0,143.0
-5.25,-72.9,141.0
-5.25,-72.8,137.0
-5.25,-72.7,142.0
-5.25,-72.6,146.0
-5.25,-72.5,158.0
-5.25,-72.4,182.0
-5.25,-72.3,183.0
-5.25,-72.2,142.0
-5.25,-72.1,136.0
-5.25,-72.0,110.0
-5.25,-71.9,139.0
-5.25,-71.8,119.0
-5.25,-71.7,138.0
-5.25,-71.6,144.0
-5.25,-71.5,164.0
-5.25,-71.4,144.0
-5.25,-71.3,126.0
-5.25,-71.2,125.0
-5.25,-71.1,127.0
-5.25,-71.0,132.0
-5.25,-70.9,121.0
-5.25,-70.8,97.0
-5.25,-70.7,115.0
-5.25,-70.6,124.0
-5.25,-70.5,115.0
-5.25,-70.4,138.0
-5.25,-70.3,98.0
-5.25,-70.2,135.0
-5.25,-70.1,169.0
-5.25,-70.0,124.0
-5.25,-69.9,168.0
-5.25,-69.8,179.0
-5.25,-69.7,172.0
-5.25,-69.6,157.0
-5.25,-69.5,167.0
-5.25,-69.4,126.0
-5.25,-69.3,126.0
-5.25,-69.2,128.0
-5.25,-69.1,135.0
-5.25,-69.0,133.0
-5.25,-68.9,102.0
-5.25,-68.8,153.0
-5.25,-68.7,152.0
-5.25,-68.6,150.0
-5.25,-68.5,145.0
-5.25,-68.4,138.0
-5.25,-68.3,100.0
-5.25,-68.2,145.0
-5.25,-68.1,136.0
-5.25,-68.0,139.0
-5.0,-82.0,-5268.0
-5.0,-81.9,-5110.0
-5.0,-81.8,-4417.0
-5.0,-81.7,-2951.0
-5.0,-81.6,-2095.0
-5.0,-81.5,-1672.0
-5.0,-81.4,-213.0
-5.0,-81.3,-93.0
-5.0,-81.2,-39.0
-5.0,-81.1,-10.0
-5.0,-81.0,90.0
-5.0,-80.9,86.0
-5.0,-80.8,67.0
-5.0,-80.7,76.0
-5.0,-80.6,42.0
-5.0,-80.5,148.0
-5.0,-80.4,137.0
-5.0,-80.3,94.0
-5.0,-80.2,91.0
-5.0,-80.1,302.0
-5.0,-80.0,1494.0
-5.0,-79.9,2406.0
-5.0,-79.8,3259.0
-5.0,-79.7,2002.0
-5.0,-79.6,2335.0
-5.0,-79.5,2810.0
-5.0,-79.4,2951.0
-5.0,-79.3,2103.0
-5.0,-79.2,2082.0
-5.0,-79.1,859.0
-5.0,-79.0,880.0
-5.0,-78.9,1857.0
-5.0,-78.8,1292.0
-5.0,-78.7,1835.0
-5.0,-78.6,1366.0
-5.0,-78.5,1066.0
-5.0,-78.4,534.0
-5.0,-78.3,454.0
-5.0,-78.2,1167.0
-5.0,-78.1,881.0
-5.0,-78.0,280.0
-5.0,-77.9,567.0
-5.0,-77.8,1272.0
-5.0,-77.7,922.0
-5.0,-77.6,615.0
-5.0,-77.5,528.0
-5.0,-77.4,184.0
-5.0,-77.3,169.0
-5.0,-77.2,163.0
-5.0,-77.1,152.0
-5.0,-77.0,145.0
-5.0,-76.9,143.0
-5.0,-76.8,141.0
-5.0,-76.7,140.0
-5.0,-76.6,134.0
-5.0,-76.5,127.0
-5.0,-76.4,132.0
-5.0,-76.3,137.0
-5.0,-76.2,135.0
-5.0,-76.1,127.0
-5.0,-76.0,132.0
-5.0,-75.9,119.0
-5.0,-75.8,128.0
-5.0,-75.7,125.0
-5.0,-75.6,126.0
-5.0,-75.5,127.0
-5.0,-75.4,128.0
-5.0,-75.3,121.0
-5.0,-75.2,123.0
-5.0,-75.1,110.0
-5.0,-75.0,120.0
-5.0,-74.9,122.0
-5.0,-74.8,115.0
-5.0,-74.7,114.0
-5.0,-74.6,110.0
-5.0,-74.5,120.0
-5.0,-74.4,117.0
-5.0,-74.3,111.0
-5.0,-74.2,109.0
-5.0,-74.1,108.0
-5.0,-74.0,105.0
-5.0,-73.9,100.0
-5.0,-73.8,105.0
-5.0,-73.7,132.0
-5.0,-73.6,155.0
-5.0,-73.5,146.0
-5.0,-73.4,154.0
-5.0,-73.3,159.0
-5.0,-73.2,173.0
-5.0,-73.1,174.0
-5.0,-73.0,153.0
-5.0,-72.9,149.0
-5.0,-72.8,161.0
-5.0,-72.7,133.0
-5.0,-72.6,106.0
-5.0,-72.5,116.0
-5.0,-72.4,135.0
-5.0,-72.3,155.0
-5.0,-72.2,143.0
-5.0,-72.1,134.0
-5.0,-72.0,156.0
-5.0,-71.9,141.0
-5.0,-71.8,107.0
-5.0,-71.7,125.0
-5.0,-71.6,118.0
-5.0,-71.5,132.0
-5.0,-71.4,140.0
-5.0,-71.3,133.0
-5.0,-71.2,119.0
-5.0,-71.1,134.0
-5.0,-71.0,126.0
-5.0,-70.9,120.0
-5.0,-70.8,138.0
-5.0,-70.7,133.0
-5.0,-70.6,116.0
-5.0,-70.5,91.0
-5.0,-70.4,110.0
-5.0,-70.3,137.0
-5.0,-70.2,112.0
-5.0,-70.1,112.0
-5.0,-70.0,150.0
-5.0,-69.9,126.0
-5.0,-69.8,146.0
-5.0,-69.7,143.0
-5.0,-69.6,139.0
-5.0,-69.5,155.0
-5.0,-69.4,181.0
-5.0,-69.3,161.0
-5.0,-69.2,159.0
-5.0,-69.1,165.0
-5.0,-69.0,162.0
-5.0,-68.9,140.0
-5.0,-68.8,100.0
-5.0,-68.7,135.0
-5.0,-68.6,129.0
-5.0,-68.5,145.0
-5.0,-68.4,137.0
-5.0,-68.3,142.0
-5.0,-68.2,88.0
-5.0,-68.1,119.0
-5.0,-68.0,128.0
-4.75,-82.0,-5031.0
-4.75,-81.9,-5259.0
-4.75,-81.8,-4594.0
-4.75,-81.7,-2587.0
-4.75,-81.6,-2005.0
-4.75,-81.5,-937.0
-4.75,-81.4,-81.0
-4.75,-81.3,-10.0
-4.75,-81.2,2.0
-4.75,-81.1,94.0
-4.75,-81.0,196.0
-4.75,-80.9,178.0
-4.75,-80.8,128.0
-4.75,-80.7,121.0
-4.75,-80.6,87.0
-4.75,-80.5,114.0
-4.75,-80.4,171.0
-4.75,-80.3,187.0
-4.75,-80.2,250.0
-4.75,-80.1,1112.0
-4.75,-80.0,1331.0
-4.75,-79.9,2064.0
-4.75,-79.8,1141.0
-4.75,-79.7,1480.0
-4.75,-79.6,2141.0
-4.75,-79.5,2783.0
-4.75,-79.4,3383.0
-4.75,-79.3,2985.0
-4.75,-79.2,1763.0
-4.75,-79.1,1003.0
-4.75,-79.0,2135.0
-4.75,-78.9,2386.0
-4.75,-78.8,1557.0
-4.75,-78.7,1684.0
-4.75,-78.6,1072.0
-4.75,-78.5,726.0
-4.75,-78.4,799.0
-4.75,-78.3,539.0
-4.75,-78.2,313.0
-4.75,-78.1,272.0
-4.75,-78.0,284.0
-4.75,-77.9,222.0
-4.75,-77.8,878.0
-4.75,-77.7,604.0
-4.75,-77.6,189.0
-4.75,-77.5,188.0
-4.75,-77.4,155.0
-4.75,-77.3,146.0
-4.75,-77.2,148.0
-4.75,-77.1,139.0
-4.75,-77.0,147.0
-4.75,-76.9,145.0
-4.75,-76.8,149.0
-4.75,-76.7,168.0
-4.75,-76.6,155.0
-4.75,-76.5,142.0
-4.75,-76.4,143.0
-4.75,-76.3,143.0
-4.75,-76.2,134.0
-4.75,-76.1,132.0
-4.75,-76.0,127.0
-4.75,-75.9,132.0
-4.75,-75.8,135.0
-4.75,-75.7,123.0
-4.75,-75.6,120.0
-4.75,-75.5,124.0
-4.75,-75.4,123.0
-4.75,-75.3,124.0
-4.75,-75.2,123.0
-4.75,-75.1,122.0
-4.75,-75.0,118.0
-4.75,-74.9,119.0
-4.75,-74.8,112.0
-4.75,-74.7,117.0
-4.75,-74.6,115.0
-4.75,-74.5,103.0
-4.75,-74.4,104.0
-4.75,-74.3,119.0
-4.75,-74.2,115.0
-4.75,-74.1,113.0
-4.75,-74.0,111.0
-4.75,-73.9,111.0
-4.75,-73.8,108.0
-4.75,-73.7,109.0
-4.75,-73.6,100.0
-4.75,-73.5,111.0
-4.75,-73.4,124.0
-4.75,-73.3,150.0
-4.75,-73.2,155.0
-4.75,-73.1,161.0
-4.75,-73.0,151.0
-4.75,-72.9,152.0
-4.75,-72.8,131.0
-4.75,-72.7,153.0
-4.75,-72.6,147.0
-4.75,-72.5,140.0
-4.75,-72.4,145.0
-4.75,-72.3,119.0
-4.75,-72.2,104.0
-4.75,-72.1,105.0
-4.75,-72.0,127.0
-4.75,-71.9,134.0
-4.75,-71.8,121.0
-4.75,-71.7,141.0
-4.75,-71.6,120.0
-4.75,-71.5,97.0
-4.75,-71.4,123.0
-4.75,-71.3,132.0
-4.75,-71.2,136.0
-4.75,-71.1,134.0
-4.75,-71.0,123.0
-4.75,-70.9,96.0
-4.75,-70.8,113.0
-4.75,-70.7,117.0
-4.75,-70.6,127.0
-4.75,-70.5,127.0
-4.75,-70.4,106.0
-4.75,-70.3,87.0
-4.75,-70.2,89.0
-4.75,-70.1,103.0
-4.75,-70.0,127.0
-4.75,-69.9,165.0
-4.75,-69.8,146.0
-4.75,-69.7,126.0
-4.75,-69.6,124.0
-4.75,-69.5,150.0
-4.75,-69.4,145.0
-4.75,-69.3,131.0
-4.75,-69.2,146.0
-4.75,-69.1,144.0
-4.75,-69.0,152.0
-4.75,-68.9,150.0
-4.75,-68.8,143.0
-4.75,-68.7,126.0
-4.75,-68.6,131.0
-4.75,-68.5,116.0
-4.75,-68.4,87.0
-4.75,-68.3,134.0
-4.75,-68.2,123.0
-4.75,-68.1,100.0
-4.75,-68.0,127.0
-4.5,-82.0,-4796.0
-4.5,-81.9,-5089.0
-4.5,-81.8,-3869.0
-4.5,-81.7,-3078.0
-4.5,-81.6,-2176.0
-4.5,-81.5,-1998.0
-4.5,-81.4,-844.0
-4.5,-81.3,0.0
-4.5,-81.2,67.0
-4.5,-81.1,120.0
-4.5,-81.0,247.0
-4.5,-80.9,376.0
-4.5,-80.8,642.0
-4.5,-80.7,381.0
-4.5,-80.6,259.0
-4.5,-80.5,210.0
-4.5,-80.4,120.0
-4.5,-80.3,195.0
-4.5,-80.2,288.0
-4.5,-80.1,346.0
-4.5,-80.0,446.0
-4.5,-79.9,699.0
-4.5,-79.8,657.0
-4.5,-79.7,1519.0
-4.5,-79.6,1121.0
-4.5,-79.5,1175.0
-4.5,-79.4,1817.0
-4.5,-79.3,3357.0
-4.5,-79.2,3345.0
-4.5,-79.1,2163.0
-4.5,-79.0,1716.0
-4.5,-78.9,2020.0
-4.5,-78.8,1472.0
-4.5,-78.7,1431.0
-4.5,-78.6,1282.0
-4.5,-78.5,877.0
-4.5,-78.4,623.0
-4.5,-78.3,715.0
-4.5,-78.2,500.0
-4.5,-78.1,756.0
-4.5,-78.0,274.0
-4.5,-77.9,260.0
-4.5,-77.8,188.0
-4.5,-77.7,193.0
-4.5,-77.6,691.0
-4.5,-77.5,183.0
-4.5,-77.4,158.0
-4.5,-77.3,170.0
-4.5,-77.2,159.0
-4.5,-77.1,153.0
-4.5,-77.0,153.0
-4.5,-76.9,151.0
-4.5,-76.8,149.0
-4.5,-76.7,149.0
-4.5,-76.6,152.0
-4.5,-76.5,143.0
-4.5,-76.4,152.0
-4.5,-76.3,142.0
-4.5,-76.2,148.0
-4.5,-76.1,146.0
-4.5,-76.0,146.0
-4.5,-75.9,139.0
-4.5,-75.8,141.0
-4.5,-75.7,137.0
-4.5,-75.6,129.0
-4.5,-75.5,135.0
-4.5,-75.4,126.0
-4.5,-75.3,135.0
-4.5,-75.2,119.0
-4.5,-75.1,123.0
-4.5,-75.0,116.0
-4.5,-74.9,104.0
-4.5,-74.8,109.0
-4.5,-74.7,108.0
-4.5,-74.6,117.0
-4.5,-74.5,116.0
-4.5,-74.4,108.0
-4.5,-74.3,98.0
-4.5,-74.2,104.0
-4.5,-74.1,97.0
-4.5,-74.0,93.0
-4.5,-73.9,117.0
-4.5,-73.8,138.0
-4.5,-73.7,149.0
-4.5,-73.6,124.0
-4.5,-73.5,102.0
-4.5,-73.4,99.0
-4.5,-73.3,105.0
-4.5,-73.2,137.0
-4.5,-73.1,138.0
-4.5,-73.0,146.0
-4.5,-72.9,165.0
-4.5,-72.8,142.0
-4.5,-72.7,131.0
-4.5,-72.6,136.0
-4.5,-72.5,135.0
-4.5,-72.4,112.0
-4.5,-72.3,117.0
-4.5,-72.2,123.0
-4.5,-72.1,134.0
-4.5,-72.0,135.0
-4.5,-71.9,112.0
-4.5,-71.8,92.0
-4.5,-71.7,93.0
-4.5,-71.6,96.0
-4.5,-71.5,99.0
-4.5,-71.4,91.0
-4.5,-71.3,108.0
-4.5,-71.2,118.0
-4.5,-71.1,122.0
-4.5,-71.0,104.0
-4.5,-70.9,128.0
-4.5,-70.8,124.0
-4.5,-70.7,119.0
-4.5,-70.6,103.0
-4.5,-70.5,85.0
-4.5,-70.4,105.0
-4.5,-70.3,108.0
-4.5,-70.2,97.0
-4.5,-70.1,118.0
-4.5,-70.0,107.0
-4.5,-69.9,108.0
-4.5,-69.8,98.0
-4.5,-69.7,97.0
-4.5,-69.6,142.0
-4.5,-69.5,120.0
-4.5,-69.4,112.0
-4.5,-69.3,129.0
-4.5,-69.2,123.0
-4.5,-69.1,145.0
-4.5,-69.0,147.0
-4.5,-68.9,158.0
-4.5,-68.8,138.0
-4.5,-68.7,141.0
-4.5,-68.6,101.0
-4.5,-68.5,126.0
-4.5,-68.4,132.0
-4.5,-68.3,129.0
-4.5,-68.2,134.0
-4.5,-68.1,107.0
-4.5,-68.0,75.0
-4.25,-82.0,-4055.0
-4.25,-81.9,-4971.0
-4.25,-81.8,-4068.0
-4.25,-81.7,-3083.0
-4.25,-81.6,-1899.0
-4.25,-81.5,-1871.0
-4.25,-81.4,-1621.0
-4.25,-81.3,-226.0
-4.25,-81.2,262.0
-4.25,-81.1,275.0
-4.25,-81.0,176.0
-4.25,-80.9,229.0
-4.25,-80.8,573.0
-4.25,-80.7,1155.0
-4.25,-80.6,643.0
-4.25,-80.5,354.0
-4.25,-80.4,402.0
-4.25,-80.3,445.0
-4.25,-80.2,293.0
-4.25,-80.1,474.0
-4.25,-80.0,950.0
-4.25,-79.9,1108.0
-4.25,-79.8,1095.0
-4.25,-79.7,1714.0
-4.25,-79.6,1355.0
-4.25,-79.5,1768.0
-4.25,-79.4,2788.0
-4.25,-79.3,1515.0
-4.25,-79.2,1893.0
-4.25,-79.1,3401.0
-4.25,-79.0,2695.0
-4.25,-78.9,2494.0
-4.25,-78.8,1379.0
-4.25,-78.7,1576.0
-4.25,-78.6,1523.0
-4.25,-78.5,958.0
-4.25,-78.4,882.0
-4.25,-78.3,1366.0
-4.25,-78.2,595.0
-4.25,-78.1,1049.0
-4.25,-78.0,636.0
-4.25,-77.9,247.0
-4.25,-77.8,225.0
-4.25,-77.7,211.0
-4.25,-77.6,779.0
-4.25,-77.5,225.0
-4.25,-77.4,248.0
-4.25,-77.3,172.0
-4.25,-77.2,162.0
-4.25,-77.1,168.0
-4.25,-77.0,166.0
-4.25,-76.9,161.0
-4.25,-76.8,161.0
-4.25,-76.7,154.0
-4.25,-76.6,154.0
-4.25,-76.5,157.0
-4.25,-76.4,155.0
-4.25,-76.3,154.0
-4.25,-76.2,156.0
-4.25,-76.1,156.0
-4.25,-76.0,158.0
-4.25,-75.9,149.0
-4.25,-75.8,147.0
-4.25,-75.7,149.0
-4.25,-75.6,150.0
-4.25,-75.5,143.0
-4.25,-75.4,140.0
-4.25,-75.3,134.0
-4.25,-75.2,131.0
-4.25,-75.1,125.0
-4.25,-75.0,125.0
-4.25,-74.9,121.0
-4.25,-74.8,123.0
-4.25,-74.7,115.0
-4.25,-74.6,122.0
-4.25,-74.5,119.0
-4.25,-74.4,108.0
-4.25,-74.3,119.0
-4.25,-74.2,117.0
-4.25,-74.1,135.0
-4.25,-74.0,153.0
-4.25,-73.9,152.0
-4.25,-73.8,132.0
-4.25,-73.7,131.0
-4.25,-73.6,128.0
-4.25,-73.5,112.0
-4.25,-73.4,135.0
-4.25,-73.3,92.0
-4.25,-73.2,96.0
-4.25,-73.1,131.0
-4.25,-73.0,130.0
-4.25,-72.9,131.0
-4.25,-72.8,124.0
-4.25,-72.7,140.0
-4.25,-72.6,146.0
-4.25,-72.5,145.0
-4.25,-72.4,144.0
-4.25,-72.3,133.0
-4.25,-72.2,129.0
-4.25,-72.1,115.0
-4.25,-72.0,102.0
-4.25,-71.9,129.0
-4.25,-71.8,119.0
-4.25,-71.7,121.0
-4.25,-71.6,143.0
-4.25,-71.5,130.0
-4.25,-71.4,133.0
-4.25,-71.3,123.0
-4.25,-71.2,113.0
-4.25,-71.1,101.0
-4.25,-71.0,101.0
-4.25,-70.9,111.0
-4.25,-70.8,84.0
-4.25,-70.7,102.0
-4.25,-70.6,111.0
-4.25,-70.5,108.0
-4.25,-70.4,102.0
-4.25,-70.3,80.0
-4.25,-70.2,77.0
-4.25,-70.1,74.0
-4.25,-70.0,77.0
-4.25,-69.9,92.0
-4.25,-69.8,91.0
-4.25,-69.7,70.0
-4.25,-69.6,80.0
-4.25,-69.5,60.0
-4.25,-69.4,100.0
-4.25,-69.3,112.0
-4.25,-69.2,87.0
-4.25,-69.1,119.0
-4.25,-69.0,135.0
-4.25,-68.9,153.0
-4.25,-68.8,140.0
-4.25,-68.7,135.0
-4.25,-68.6,138.0
-4.25,-68.5,111.0
-4.25,-68.4,118.0
-4.25,-68.3,127.0
-4.25,-68.2,127.0
-4.25,-68.1,127.0
-4.25,-68.0,109.0
-4.0,-82.0,-4106.0
-4.0,-81.9,-4646.0
-4.0,-81.8,-4248.0
-4.0,-81.7,-2986.0
-4.0,-81.6,-2699.0
-4.0,-81.5,-1604.0
-4.0,-81.4,-1120.0
-4.0,-81.3,-968.0
-4.0,-81.2,-500.0
-4.0,-81.1,-119.0
-4.0,-81.0,-7.0
-4.0,-80.9,118.0
-4.0,-80.8,331.0
-4.0,-80.7,289.0
-4.0,-80.6,234.0
-4.0,-80.5,626.0
-4.0,-80.4,247.0
-4.0,-80.3,587.0
-4.0,-80.2,729.0
-4.0,-80.1,985.0
-4.0,-80.0,1222.0
-4.0,-79.9,1621.0
-4.0,-79.8,1881.0
-4.0,-79.7,1072.0
-4.0,-79.6,1820.0
-4.0,-79.5,1985.0
-4.0,-79.4,1253.0
-4.0,-79.3,2094.0
-4.0,-79.2,2095.0
-4.0,-79.1,2275.0
-4.0,-79.0,2067.0
-4.0,-78.9,1292.0
-4.0,-78.8,1359.0
-4.0,-78.7,1024.0
-4.0,-78.6,1414.0
-4.0,-78.5,1568.0
-4.0,-78.4,727.0
-4.0,-78.3,1395.0
-4.0,-78.2,708.0
-4.0,-78.1,723.0
-4.0,-78.0,1005.0
-4.0,-77.9,705.0
-4.0,-77.8,202.0
-4.0,-77.7,214.0
-4.0,-77.6,256.0
-4.0,-77.5,434.0
-4.0,-77.4,213.0
-4.0,-77.3,200.0
-4.0,-77.2,162.0
-4.0,-77.1,170.0
-4.0,-77.0,177.0
-4.0,-76.9,177.0
-4.0,-76.8,174.0
-4.0,-76.7,174.0
-4.0,-76.6,166.0
-4.0,-76.5,158.0
-4.0,-76.4,166.0
-4.0,-76.3,165.0
-4.0,-76.2,169.0
-4.0,-76.1,165.0
-4.0,-76.0,163.0
-4.0,-75.9,163.0
-4.0,-75.8,160.0
-4.0,-75.7,156.0
-4.0,-75.6,153.0
-4.0,-75.5,152.0
-4.0,-75.4,145.0
-4.0,-75.3,143.0
-4.0,-75.2,140.0
-4.0,-75.1,135.0
-4.0,-75.0,132.0
-4.0,-74.9,132.0
-4.0,-74.8,132.0
-4.0,-74.7,124.0
-4.0,-74.6,115.0
-4.0,-74.5,120.0
-4.0,-74.4,120.0
-4.0,-74.3,115.0
-4.0,-74.2,136.0
-4.0,-74.1,147.0
-4.0,-74.0,137.0
-4.0,-73.9,152.0
-4.0,-73.8,137.0
-4.0,-73.7,123.0
-4.0,-73.6,124.0
-4.0,-73.5,133.0
-4.0,-73.4,110.0
-4.0,-73.3,100.0
-4.0,-73.2,97.0
-4.0,-73.1,125.0
-4.0,-73.0,140.0
-4.0,-72.9,132.0
-4.0,-72.8,132.0
-4.0,-72.7,145.0
-4.0,-72.6,140.0
-4.0,-72.5,125.0
-4.0,-72.4,127.0
-4.0,-72.3,140.0
-4.0,-72.2,134.0
-4.0,-72.1,139.0
-4.0,-72.0,137.0
-4.0,-71.9,117.0
-4.0,-71.8,111.0
-4.0,-71.7,115.0
-4.0,-71.6,116.0
-4.0,-71.5,109.0
-4.0,-71.4,103.0
-4.0,-71.3,98.0
-4.0,-71.2,108.0
-4.0,-71.1,80.0
-4.0,-71.0,85.0
-4.0,-70.9,104.0
-4.0,-70.8,115.0
-4.0,-70.7,113.0
-4.0,-70.6,111.0
-4.0,-70.5,114.0
-4.0,-70.4,94.0
-4.0,-70.3,83.0
-4.0,-70.2,82.0
-4.0,-70.1,114.0
-4.0,-70.0,122.0
-4.0,-69.9,124.0
-4.0,-69.8,109.0
-4.0,-69.7,108.0
-4.0,-69.6,97.0
-4.0,-69.5,96.0
-4.0,-69.4,68.0
-4.0,-69.3,74.0
-4.0,-69.2,126.0
-4.0,-69.1,111.0
-4.0,-69.0,102.0
-4.0,-68.9,103.0
-4.0,-68.8,133.0
-4.0,-68.7,139.0
-4.0,-68.6,139.0
-4.0,-68.5,124.0
-4.0,-68.4,126.0
-4.0,-68.3,104.0
-4.0,-68.2,96.0
-4.0,-68.1,94.0
-4.0,-68.0,72.0
-3.75,-82.0,-4108.0
-3.75,-81.9,-4454.0
-3.75,-81.8,-4656.0
-3.75,-81.7,-3571.0
-3.75,-81.6,-2804.0
-3.75,-81.5,-1344.0
-3.75,-81.4,-657.0
-3.75,-81.3,-477.0
-3.75,-81.2,-441.0
-3.75,-81.1,-306.0
-3.75,-81.0,-199.0
-3.75,-80.9,-66.0
-3.75,-80.8,-4.0
-3.75,-80.7,58.0
-3.75,-80.6,182.0
-3.75,-80.5,132.0
-3.75,-80.4,115.0
-3.75,-80.3,286.0
-3.75,-80.2,192.0
-3.75,-80.1,242.0
-3.75,-80.0,543.0
-3.75,-79.9,661.0
-3.75,-79.8,1045.0
-3.75,-79.7,1044.0
-3.75,-79.6,695.0
-3.75,-79.5,1724.0
-3.75,-79.4,3191.0
-3.75,-79.3,3141.0
-3.75,-79.2,3157.0
-3.75,-79.1,3061.0
-3.75,-79.0,2265.0
-3.75,-78.9,1231.0
-3.75,-78.8,1187.0
-3.75,-78.7,1125.0
-3.75,-78.6,935.0
-3.75,-78.5,1535.0
-3.75,-78.4,1656.0
-3.75,-78.3,675.0
-3.75,-78.2,1209.0
-3.75,-78.1,739.0
-3.75,-78.0,620.0
-3.75,-77.9,387.0
-3.75,-77.8,226.0
-3.75,-77.7,214.0
-3.75,-77.6,440.0
-3.75,-77.5,233.0
-3.75,-77.4,210.0
-3.75,-77.3,190.0
-3.75,-77.2,193.0
-3.75,-77.1,193.0
-3.75,-77.0,193.0
-3.75,-76.9,193.0
-3.75,-76.8,189.0
-3.75,-76.7,188.0
-3.75,-76.6,187.0
-3.75,-76.5,176.0
-3.75,-76.4,176.0
-3.75,-76.3,179.0
-3.75,-76.2,178.0
-3.75,-76.1,178.0
-3.75,-76.0,174.0
-3.75,-75.9,165.0
-3.75,-75.8,165.0
-3.75,-75.7,164.0
-3.75,-75.6,157.0
-3.75,-75.5,163.0
-3.75,-75.4,159.0
-3.75,-75.3,153.0
-3.75,-75.2,148.0
-3.75,-75.1,146.0
-3.75,-75.0,142.0
-3.75,-74.9,140.0
-3.75,-74.8,136.0
-3.75,-74.7,132.0
-3.75,-74.6,124.0
-3.75,-74.5,125.0
-3.75,-74.4,143.0
-3.75,-74.3,147.0
-3.75,-74.2,136.0
-3.75,-74.1,111.0
-3.75,-74.0,136.0
-3.75,-73.9,154.0
-3.75,-73.8,138.0
-3.75,-73.7,119.0
-3.75,-73.6,124.0
-3.75,-73.5,130.0
-3.75,-73.4,105.0
-3.75,-73.3,88.0
-3.75,-73.2,89.0
-3.75,-73.1,100.0
-3.75,-73.0,112.0
-3.75,-72.9,117.0
-3.75,-72.8,131.0
-3.75,-72.7,139.0
-3.75,-72.6,124.0
-3.75,-72.5,119.0
-3.75,-72.4,106.0
-3.75,-72.3,129.0
-3.75,-72.2,122.0
-3.75,-72.1,116.0
-3.75,-72.0,126.0
-3.75,-71.9,131.0
-3.75,-71.8,126.0
-3.75,-71.7,111.0
-3.75,-71.6,80.0
-3.75,-71.5,88.0
-3.75,-71.4,87.0
-3.75,-71.3,79.0
-3.75,-71.2,102.0
-3.75,-71.1,106.0
-3.75,-71.0,111.0
-3.75,-70.9,111.0
-3.75,-70.8,109.0
-3.75,-70.7,82.0
-3.75,-70.6,81.0
-3.75,-70.5,83.0
-3.75,-70.4,112.0
-3.75,-70.3,107.0
-3.75,-70.2,117.0
-3.75,-70.1,143.0
-3.75,-70.0,139.0
-3.75,-69.9,134.0
-3.75,-69.8,145.0
-3.75,-69.7,123.0
-3.75,-69.6,116.0
-3.75,-69.5,84.0
-3.75,-69.4,70.0
-3.75,-69.3,61.0
-3.75,-69.2,129.0
-3.75,-69.1,129.0
-3.75,-69.0,127.0
-3.75,-68.9,78.0
-3.75,-68.8,138.0
-3.75,-68.7,128.0
-3.75,-68.6,95.0
-3.75,-68.5,112.0
-3.75,-68.4,116.0
-3.75,-68.3,109.0
-3.75,-68.2,110.0
-3.75,-68.1,109.0
-3.75,-68.0,105.0
-3.5,-82.0,-4071.0
-3.5,-81.9,-4316.0
-3.5,-81.8,-4702.0
-3.5,-81.7,-4372.0
-3.5,-81.6,-3569.0
-3.5,-81.5,-1982.0
-3.5,-81.4,-1236.0
-3.5,-81.3,-542.0
-3.5,-81.2,-109.0
-3.5,-81.1,-200.0
-3.5,-81.0,-377.0
-3.5,-80.9,-106.0
-3.5,-80.8,-69.0
-3.5,-80.7,-52.0
-3.5,-80.6,-27.0
-3.5,-80.5,-1.0
-3.5,-80.4,0.0
-3.5,-80.3,10.0
-3.5,-80.2,18.0
-3.5,-80.1,15.0
-3.5,-80.0,17.0
-3.5,-79.9,34.0
-3.5,-79.8,877.0
-3.5,-79.7,1189.0
-3.5,-79.6,3228.0
-3.5,-79.5,3250.0
-3.5,-79.4,2484.0
-3.5,-79.3,1962.0
-3.5,-79.2,2588.0
-3.5,-79.1,2884.0
-3.5,-79.0,2716.0
-3.5,-78.9,2160.0
-3.5,-78.8,2596.0
-3.5,-78.7,1414.0
-3.5,-78.6,1289.0
-3.5,-78.5,777.0
-3.5,-78.4,1954.0
-3.5,-78.3,1165.0
-3.5,-78.2,1454.0
-3.5,-78.1,722.0
-3.5,-78.0,624.0
-3.5,-77.9,389.0
-3.5,-77.8,203.0
-3.5,-77.7,384.0
-3.5,-77.6,194.0
-3.5,-77.5,202.0
-3.5,-77.4,210.0
-3.5,-77.3,208.0
-3.5,-77.2,210.0
-3.5,-77.1,212.0
-3.5,-77.0,212.0
-3.5,-76.9,213.0
-3.5,-76.8,207.0
-3.5,-76.7,198.0
-3.5,-76.6,194.0
-3.5,-76.5,192.0
-3.5,-76.4,193.0
-3.5,-76.3,188.0
-3.5,-76.2,191.0
-3.5,-76.1,186.0
-3.5,-76.0,183.0
-3.5,-75.9,182.0
-3.5,-75.8,179.0
-3.5,-75.7,179.0
-3.5,-75.6,176.0
-3.5,-75.5,176.0
-3.5,-75.4,160.0
-3.5,-75.3,158.0
-3.5,-75.2,153.0
-3.5,-75.1,149.0
-3.5,-75.0,146.0
-3.5,-74.9,142.0
-3.5,-74.8,127.0
-3.5,-74.7,128.0
-3.5,-74.6,154.0
-3.5,-74.5,118.0
-3.5,-74.4,143.0
-3.5,-74.3,163.0
-3.5,-74.2,164.0
-3.5,-74.1,141.0
-3.5,-74.0,152.0
-3.5,-73.9,157.0
-3.5,-73.8,140.0
-3.5,-73.7,138.0
-3.5,-73.6,132.0
-3.5,-73.5,125.0
-3.5,-73.4,105.0
-3.5,-73.3,120.0
-3.5,-73.2,108.0
-3.5,-73.1,93.0
-3.5,-73.0,90.0
-3.5,-72.9,81.0
-3.5,-72.8,97.0
-3.5,-72.7,80.0
-3.5,-72.6,96.0
-3.5,-72.5,86.0
-3.5,-72.4,98.0
-3.5,-72.3,97.0
-3.5,-72.2,80.0
-3.5,-72.1,88.0
-3.5,-72.0,97.0
-3.5,-71.9,96.0
-3.5,-71.8,94.0
-3.5,-71.7,83.0
-3.5,-71.6,93.0
-3.5,-71.5,114.0
-3.5,-71.4,123.0
-3.5,-71.3,154.0
-3.5,-71.2,125.0
-3.5,-71.1,114.0
-3.5,-71.0,95.0
-3.5,-70.9,107.0
-3.5,-70.8,138.0
-3.5,-70.7,125.0
-3.5,-70.6,108.0
-3.5,-70.5,125.0
-3.5,-70.4,137.0
-3.5,-70.3,136.0
-3.5,-70.2,153.0
-3.5,-70.1,144.0
-3.5,-70.0,138.0
-3.5,-69.9,109.0
-3.5,-69.8,116.0
-3.5,-69.7,135.0
-3.5,-69.6,124.0
-3.5,-69.5,91.0
-3.5,-69.4,86.0
-3.5,-69.3,75.0
-3.5,-69.2,73.0
-3.5,-69.1,60.0
-3.5,-69.0,109.0
-3.5,-68.9,75.0
-3.5,-68.8,115.0
-3.5,-68.7,120.0
-3.5,-68.6,109.0
-3.5,-68.5,114.0
-3.5,-68.4,98.0
-3.5,-68.3,98.0
-3.5,-68.2,91.0
-3.5,-68.1,74.0
-3.5,-68.0,98.0
-3.25,-82.0,-3716.0
-3.25,-81.9,-3837.0
-3.25,-81.8,-4472.0
-3.25,-81.7,-4677.0
-3.25,-81.6,-4101.0
-3.25,-81.5,-3049.0
-3.25,-81.4,-2151.0
-3.25,-81.3,-1358.0
-3.25,-81.2,-1032.0
-3.25,-81.1,-925.0
-3.25,-81.0,-606.0
-3.25,-80.9,-107.0
-3.25,-80.8,-95.0
-3.25,-80.7,-85.0
-3.25,-80.6,-55.0
-3.25,-80.5,-44.0
-3.25,-80.4,-22.0
-3.25,-80.3,-18.0
-3.25,-80.2,-14.0
-3.25,-80.1,-6.0
-3.25,-80.0,0.0
-3.25,-79.9,12.0
-3.25,-79.8,26.0
-3.25,-79.7,730.0
-3.25,-79.6,1496.0
-3.25,-79.5,2390.0
-3.25,-79.4,2456.0
-3.25,-79.3,1612.0
-3.25,-79.2,1656.0
-3.25,-79.1,3161.0
-3.25,-79.0,3022.0
-3.25,-78.9,3288.0
-3.25,-78.8,2929.0
-3.25,-78.7,1776.0
-3.25,-78.6,1978.0
-3.25,-78.5,1481.0
-3.25,-78.4,1207.0
-3.25,-78.3,1960.0
-3.25,-78.2,1136.0
-3.25,-78.1,1847.0
-3.25,-78.0,696.0
-3.25,-77.9,274.0
-3.25,-77.8,248.0
-3.25,-77.7,243.0
-3.25,-77.6,210.0
-3.25,-77.5,208.0
-3.25,-77.4,217.0
-3.25,-77.3,224.0
-3.25,-77.2,225.0
-3.25,-77.1,227.0
-3.25,-77.0,228.0
-3.25,-76.9,231.0
-3.25,-76.8,224.0
-3.25,-76.7,216.0
-3.25,-76.6,218.0
-3.25,-76.5,226.0
-3.25,-76.4,204.0
-3.25,-76.3,218.0
-3.25,-76.2,202.0
-3.25,-76.1,200.0
-3.25,-76.0,198.0
-3.25,-75.9,215.0
-3.25,-75.8,215.0
-3.25,-75.7,205.0
-3.25,-75.6,206.0
-3.25,-75.5,193.0
-3.25,-75.4,200.0
-3.25,-75.3,177.0
-3.25,-75.2,149.0
-3.25,-75.1,149.0
-3.25,-75.0,132.0
-3.25,-74.9,164.0
-3.25,-74.8,199.0
-3.25,-74.7,162.0
-3.25,-74.6,162.0
-3.25,-74.5,193.0
-3.25,-74.4,156.0
-3.25,-74.3,172.0
-3.25,-74.2,157.0
-3.25,-74.1,173.0
-3.25,-74.0,127.0
-3.25,-73.9,143.0
-3.25,-73.8,151.0
-3.25,-73.7,136.0
-3.25,-73.6,135.0
-3.25,-73.5,119.0
-3.25,-73.4,118.0
-3.25,-73.3,122.0
-3.25,-73.2,105.0
-3.25,-73.1,134.0
-3.25,-73.0,119.0
-3.25,-72.9,123.0
-3.25,-72.8,124.0
-3.25,-72.7,147.0
-3.25,-72.6,142.0
-3.25,-72.5,125.0
-3.25,-72.4,121.0
-3.25,-72.3,113.0
-3.25,-72.2,119.0
-3.25,-72.1,127.0
-3.25,-72.0,107.0
-3.25,-71.9,129.0
-3.25,-71.8,115.0
-3.25,-71.7,125.0
-3.25,-71.6,118.0
-3.25,-71.5,139.0
-3.25,-71.4,151.0
-3.25,-71.3,138.0
-3.25,-71.2,139.0
-3.25,-71.1,134.0
-3.25,-71.0,145.0
-3.25,-70.9,122.0
-3.25,-70.8,130.0
-3.25,-70.7,114.0
-3.25,-70.6,128.0
-3.25,-70.5,120.0
-3.25,-70.4,107.0
-3.25,-70.3,100.0
-3.25,-70.2,98.0
-3.25,-70.1,112.0
-3.25,-70.0,120.0
-3.25,-69.9,135.0
-3.25,-69.8,138.0
-3.25,-69.7,126.0
-3.25,-69.6,115.0
-3.25,-69.5,103.0
-3.25,-69.4,82.0
-3.25,-69.3,78.0
-3.25,-69.2,78.0
-3.25,-69.1,90.0
-3.25,-69.0,67.0
-3.25,-68.9,63.0
-3.25,-68.8,61.0
-3.25,-68.7,65.0
-3.25,-68.6,64.0
-3.25,-68.5,73.0
-3.25,-68.4,57.0
-3.25,-68.3,67.0
-3.25,-68.2,60.0
-3.25,-68.1,74.0
-3.25,-68.0,62.0
-3.0,-82.0,-3041.0
-3.0,-81.9,-3299.0
-3.0,-81.8,-3574.0
-3.0,-81.7,-3987.0
-3.0,-81.6,-4401.0
-3.0,-81.5,-3211.0
-3.0,-81.4,-2212.0
-3.0,-81.3,-1519.0
-3.0,-81.2,-1199.0
-3.0,-81.1,-897.0
-3.0,-81.0,-387.0
-3.0,-80.9,-94.0
-3.0,-80.8,-107.0
-3.0,-80.7,-75.0
-3.0,-80.6,-53.0
-3.0,-80.5,-35.0
-3.0,-80.4,-23.0
-3.0,-80.3,-15.0
-3.0,-80.2,2.0
-3.0,-80.1,-3.0
-3.0,-80.0,-16.0
-3.0,-79.9,-11.0
-3.0,-79.8,6.0
-3.0,-79.7,103.0
-3.0,-79.6,499.0
-3.0,-79.5,2146.0
-3.0,-79.4,3472.0
-3.0,-79.3,3599.0
-3.0,-79.2,3768.0
-3.0,-79.1,2947.0
-3.0,-79.0,2816.0
-3.0,-78.9,2974.0
-3.0,-78.8,2525.0
-3.0,-78.7,3528.0
-3.0,-78.6,2867.0
-3.0,-78.5,1966.0
-3.0,-78.4,1317.0
-3.0,-78.3,1556.0
-3.0,-78.2,955.0
-3.0,-78.1,888.0
-3.0,-78.0,625.0
-3.0,-77.9,265.0
-3.0,-77.8,417.0
-3.0,-77.7,205.0
-3.0,-77.6,219.0
-3.0,-77.5,225.0
-3.0,-77.4,230.0
-3.0,-77.3,235.0
-3.0,-77.2,243.0
-3.0,-77.1,246.0
-3.0,-77.0,241.0
-3.0,-76.9,241.0
-3.0,-76.8,246.0
-3.0,-76.7,230.0
-3.0,-76.6,252.0
-3.0,-76.5,221.0
-3.0,-76.4,213.0
-3.0,-76.3,283.0
-3.0,-76.2,225.0
-3.0,-76.1,237.0
-3.0,-76.0,198.0
-3.0,-75.9,206.0
-3.0,-75.8,174.0
-3.0,-75.7,220.0
-3.0,-75.6,242.0
-3.0,-75.5,224.0
-3.0,-75.4,195.0
-3.0,-75.3,159.0
-3.0,-75.2,179.0
-3.0,-75.1,142.0
-3.0,-75.0,170.0
-3.0,-74.9,172.0
-3.0,-74.8,163.0
-3.0,-74.7,202.0
-3.0,-74.6,182.0
-3.0,-74.5,185.0
-3.0,-74.4,193.0
-3.0,-74.3,156.0
-3.0,-74.2,176.0
-3.0,-74.1,154.0
-3.0,-74.0,141.0
-3.0,-73.9,132.0
-3.0,-73.8,129.0
-3.0,-73.7,111.0
-3.0,-73.6,128.0
-3.0,-73.5,138.0
-3.0,-73.4,113.0
-3.0,-73.3,106.0
-3.0,-73.2,116.0
-3.0,-73.1,135.0
-3.0,-73.0,146.0
-3.0,-72.9,140.0
-3.0,-72.8,137.0
-3.0,-72.7,142.0
-3.0,-72.6,136.0
-3.0,-72.5,127.0
-3.0,-72.4,130.0
-3.0,-72.3,127.0
-3.0,-72.2,123.0
-3.0,-72.1,126.0
-3.0,-72.0,137.0
-3.0,-71.9,129.0
-3.0,-71.8,143.0
-3.0,-71.7,139.0
-3.0,-71.6,134.0
-3.0,-71.5,133.0
-3.0,-71.4,131.0
-3.0,-71.3,137.0
-3.0,-71.2,118.0
-3.0,-71.1,127.0
-3.0,-71.0,111.0
-3.0,-70.9,127.0
-3.0,-70.8,130.0
-3.0,-70.7,124.0
-3.0,-70.6,124.0
-3.0,-70.5,136.0
-3.0,-70.4,128.0
-3.0,-70.3,114.0
-3.0,-70.2,109.0
-3.0,-70.1,104.0
-3.0,-70.0,94.0
-3.0,-69.9,96.0
-3.0,-69.8,108.0
-3.0,-69.7,105.0
-3.0,-69.6,95.0
-3.0,-69.5,100.0
-3.0,-69.4,111.0
-3.0,-69.3,97.0
-3.0,-69.2,65.0
-3.0,-69.1,71.0
-3.0,-69.0,67.0
-3.0,-68.9,61.0
-3.0,-68.8,75.0
-3.0,-68.7,68.0
-3.0,-68.6,60.0
-3.0,-68.5,70.0
-3.0,-68.4,61.0
-3.0,-68.3,65.0
-3.0,-68.2,65.0
-3.0,-68.1,102.0
-3.0,-68.0,103.0
-2.75,-82.0,-3004.0
-2.75,-81.9,-3067.0
-2.75,-81.8,-3149.0
-2.75,-81.7,-3466.0
-2.75,-81.6,-4090.0
-2.75,-81.5,-3577.0
-2.75,-81.4,-2366.0
-2.75,-81.3,-1538.0
-2.75,-81.2,-987.0
-2.75,-81.1,-652.0
-2.75,-81.0,-390.0
-2.75,-80.9,-156.0
-2.75,-80.8,-80.0
-2.75,-80.7,-49.0
-2.75,-80.6,-32.0
-2.75,-80.5,-19.0
-2.75,-80.4,-11.0
-2.75,-80.3,-3.0
-2.75,-80.2,18.0
-2.75,-80.1,26.0
-2.75,-80.0,30.0
-2.75,-79.9,22.0
-2.75,-79.8,0.0
-2.75,-79.7,11.0
-2.75,-79.6,453.0
-2.75,-79.5,1462.0
-2.75,-79.4,2482.0
-2.75,-79.3,4237.0
-2.75,-79.2,4095.0
-2.75,-79.1,3948.0
-2.75,-79.0,3391.0
-2.75,-78.9,2872.0
-2.75,-78.8,2944.0
-2.75,-78.7,2553.0
-2.75,-78.6,3337.0
-2.75,-78.5,2099.0
-2.75,-78.4,962.0
-2.75,-78.3,532.0
-2.75,-78.2,907.0
-2.75,-78.1,1791.0
-2.75,-78.0,1180.0
-2.75,-77.9,801.0
-2.75,-77.8,276.0
-2.75,-77.7,275.0
-2.75,-77.6,275.0
-2.75,-77.5,227.0
-2.75,-77.4,245.0
-2.75,-77.3,253.0
-2.75,-77.2,260.0
-2.75,-77.1,263.0
-2.75,-77.0,252.0
-2.75,-76.9,269.0
-2.75,-76.8,257.0
-2.75,-76.7,264.0
-2.75,-76.6,256.0
-2.75,-76.5,243.0
-2.75,-76.4,245.0
-2.75,-76.3,251.0
-2.75,-76.2,256.0
-2.75,-76.1,244.0
-2.75,-76.0,226.0
-2.75,-75.9,227.0
-2.75,-75.8,217.0
-2.75,-75.7,208.0
-2.75,-75.6,192.0
-2.75,-75.5,157.0
-2.75,-75.4,177.0
-2.75,-75.3,212.0
-2.75,-75.2,198.0
-2.75,-75.1,163.0
-2.75,-75.0,193.0
-2.75,-74.9,205.0
-2.75,-74.8,195.0
-2.75,-74.7,220.0
-2.75,-74.6,185.0
-2.75,-74.5,180.0
-2.75,-74.4,155.0
-2.75,-74.3,141.0
-2.75,-74.2,130.0
-2.75,-74.1,140.0
-2.75,-74.0,139.0
-2.75,-73.9,149.0
-2.75,-73.8,139.0
-2.75,-73.7,136.0
-2.75,-73.6,126.0
-2.75,-73.5,114.0
-2.75,-73.4,128.0
-2.75,-73.3,151.0
-2.75,-73.2,150.0
-2.75,-73.1,179.0
-2.75,-73.0,176.0
-2.75,-72.9,166.0
-2.75,-72.8,154.0
-2.75,-72.7,137.0
-2.75,-72.6,125.0
-2.75,-72.5,125.0
-2.75,-72.4,127.0
-2.75,-72.3,133.0
-2.75,-72.2,137.0
-2.75,-72.1,130.0
-2.75,-72.0,147.0
-2.75,-71.9,143.0
-2.75,-71.8,140.0
-2.75,-71.7,142.0
-2.75,-71.6,139.0
-2.75,-71.5,126.0
-2.75,-71.4,133.0
-2.75,-71.3,124.0
-2.75,-71.2,119.0
-2.75,-71.1,109.0
-2.75,-71.0,118.0
-2.75,-70.9,107.0
-2.75,-70.8,92.0
-2.75,-70.7,102.0
-2.75,-70.6,101.0
-2.75,-70.5,103.0
-2.75,-70.4,85.0
-2.75,-70.3,94.0
-2.75,-70.2,83.0
-2.75,-70.1,84.0
-2.75,-70.0,80.0
-2.75,-69.9,74.0
-2.75,-69.8,70.0
-2.75,-69.7,91.0
-2.75,-69.6,114.0
-2.75,-69.5,112.0
-2.75,-69.4,112.0
-2.75,-69.3,123.0
-2.75,-69.2,126.0
-2.75,-69.1,126.0
-2.75,-69.0,124.0
-2.75,-68.9,127.0
-2.75,-68.8,123.0
-2.75,-68.7,126.0
-2.75,-68.6,114.0
-2.75,-68.5,104.0
-2.75,-68.4,108.0
-2.75,-68.3,84.0
-2.75,-68.2,101.0
-2.75,-68.1,93.0
-2.75,-68.0,89.0
-2.5,-82.0,-3000.0
-2.5,-81.9,-3132.0
-2.5,-81.8,-3118.0
-2.5,-81.7,-3356.0
-2.5,-81.6,-3742.0
-2.5,-81.5,-4088.0
-2.5,-81.4,-2728.0
-2.5,-81.3,-1982.0
-2.5,-81.2,-1172.0
-2.5,-81.1,-547.0
-2.5,-81.0,-110.0
-2.5,-80.9,-88.0
-2.5,-80.8,-41.0
-2.5,-80.7,-17.0
-2.5,-80.6,-1.0
-2.5,-80.5,66.0
-2.5,-80.4,59.0
-2.5,-80.3,52.0
-2.5,-80.2,3.0
-2.5,-80.1,3.0
-2.5,-80.0,7.0
-2.5,-79.9,6.0
-2.5,-79.8,11.0
-2.5,-79.7,12.0
-2.5,-79.6,12.0
-2.5,-79.5,27.0
-2.5,-79.4,73.0
-2.5,-79.3,485.0
-2.5,-79.2,947.0
-2.5,-79.1,1661.0
-2.5,-79.0,2539.0
-2.5,-78.9,3611.0
-2.5,-78.8,3492.0
-2.5,-78.7,3057.0
-2.5,-78.6,3177.0
-2.5,-78.5,3569.0
-2.5,-78.4,2490.0
-2.5,-78.3,1174.0
-2.5,-78.2,1102.0
-2.5,-78.1,1117.0
-2.5,-78.0,1644.0
-2.5,-77.9,572.0
-2.5,-77.8,752.0
-2.5,-77.7,314.0
-2.5,-77.6,338.0
-2.5,-77.5,290.0
-2.5,-77.4,289.0
-2.5,-77.3,288.0
-2.5,-77.2,287.0
-2.5,-77.1,288.0
-2.5,-77.0,264.0
-2.5,-76.9,277.0
-2.5,-76.8,267.0
-2.5,-76.7,287.0
-2.5,-76.6,284.0
-2.5,-76.5,304.0
-2.5,-76.4,324.0
-2.5,-76.3,253.0
-2.5,-76.2,265.0
-2.5,-76.1,235.0
-2.5,-76.0,228.0
-2.5,-75.9,207.0
-2.5,-75.8,190.0
-2.5,-75.7,168.0
-2.5,-75.6,187.0
-2.5,-75.5,199.0
-2.5,-75.4,201.0
-2.5,-75.3,206.0
-2.5,-75.2,173.0
-2.5,-75.1,207.0
-2.5,-75.0,176.0
-2.5,-74.9,214.0
-2.5,-74.8,177.0
-2.5,-74.7,155.0
-2.5,-74.6,163.0
-2.5,-74.5,161.0
-2.5,-74.4,162.0
-2.5,-74.3,149.0
-2.5,-74.2,162.0
-2.5,-74.1,155.0
-2.5,-74.0,147.0
-2.5,-73.9,163.0
-2.5,-73.8,151.0
-2.5,-73.7,161.0
-2.5,-73.6,123.0
-2.5,-73.5,124.0
-2.5,-73.4,152.0
-2.5,-73.3,170.0
-2.5,-73.2,133.0
-2.5,-73.1,149.0
-2.5,-73.0,142.0
-2.5,-72.9,138.0
-2.5,-72.8,149.0
-2.5,-72.7,145.0
-2.5,-72.6,120.0
-2.5,-72.5,116.0
-2.5,-72.4,115.0
-2.5,-72.3,113.0
-2.5,-72.2,112.0
-2.5,-72.1,116.0
-2.5,-72.0,121.0
-2.5,-71.9,160.0
-2.5,-71.8,155.0
-2.5,-71.7,125.0
-2.5,-71.6,127.0
-2.5,-71.5,145.0
-2.5,-71.4,145.0
-2.5,-71.3,136.0
-2.5,-71.2,121.0
-2.5,-71.1,134.0
-2.5,-71.0,155.0
-2.5,-70.9,132.0
-2.5,-70.8,119.0
-2.5,-70.7,104.0
-2.5,-70.6,89.0
-2.5,-70.5,87.0
-2.5,-70.4,98.0
-2.5,-70.3,90.0
-2.5,-70.2,110.0
-2.5,-70.1,121.0
-2.5,-70.0,120.0
-2.5,-69.9,109.0
-2.5,-69.8,129.0
-2.5,-69.7,135.0
-2.5,-69.6,125.0
-2.5,-69.5,116.0
-2.5,-69.4,155.0
-2.5,-69.3,145.0
-2.5,-69.2,132.0
-2.5,-69.1,131.0
-2.5,-69.0,125.0
-2.5,-68.9,122.0
-2.5,-68.8,120.0
-2.5,-68.7,112.0
-2.5,-68.6,117.0
-2.5,-68.5,108.0
-2.5,-68.4,114.0
-2.5,-68.3,121.0
-2.5,-68.2,110.0
-2.5,-68.1,108.0
-2.5,-68.0,115.0
-2.25,-82.0,-2600.0
-2.25,-81.9,-2685.0
-2.25,-81.8,-2956.0
-2.25,-81.7,-2514.0
-2.25,-81.6,-2720.0
-2.25,-81.5,-4063.0
-2.25,-81.4,-2985.0
-2.25,-81.3,-1642.0
-2.25,-81.2,-525.0
-2.25,-81.1,-101.0
-2.25,-81.0,-17.0
-2.25,-80.9,22.0
-2.25,-80.8,26.0
-2.25,-80.7,79.0
-2.25,-80.6,62.0
-2.25,-80.5,100.0
-2.25,-80.4,112.0
-2.25,-80.3,94.0
-2.25,-80.2,89.0
-2.25,-80.1,30.0
-2.25,-80.0,7.0
-2.25,-79.9,5.0
-2.25,-79.8,1.0
-2.25,-79.7,4.0
-2.25,-79.6,16.0
-2.25,-79.5,29.0
-2.25,-79.4,44.0
-2.25,-79.3,89.0
-2.25,-79.2,189.0
-2.25,-79.1,601.0
-2.25,-79.0,2315.0
-2.25,-78.9,1979.0
-2.25,-78.8,2823.0
-2.25,-78.7,3681.0
-2.25,-78.6,3764.0
-2.25,-78.5,4203.0
-2.25,-78.4,3214.0
-2.25,-78.3,2214.0
-2.25,-78.2,1608.0
-2.25,-78.1,1059.0
-2.25,-78.0,1126.0
-2.25,-77.9,1721.0
-2.25,-77.8,1346.0
-2.25,-77.7,594.0
-2.25,-77.6,637.0
-2.25,-77.5,488.0
-2.25,-77.4,379.0
-2.25,-77.3,362.0
-2.25,-77.2,337.0
-2.25,-77.1,325.0
-2.25,-77.0,326.0
-2.25,-76.9,304.0
-2.25,-76.8,284.0
-2.25,-76.7,331.0
-2.25,-76.6,313.0
-2.25,-76.5,285.0
-2.25,-76.4,265.0
-2.25,-76.3,228.0
-2.25,-76.2,220.0
-2.25,-76.1,207.0
-2.25,-76.0,183.0
-2.25,-75.9,184.0
-2.25,-75.8,201.0
-2.25,-75.7,202.0
-2.25,-75.6,207.0
-2.25,-75.5,190.0
-2.25,-75.4,201.0
-2.25,-75.3,168.0
-2.25,-75.2,200.0
-2.25,-75.1,200.0
-2.25,-75.0,172.0
-2.25,-74.9,176.0
-2.25,-74.8,181.0
-2.25,-74.7,159.0
-2.25,-74.6,151.0
-2.25,-74.5,140.0
-2.25,-74.4,144.0
-2.25,-74.3,147.0
-2.25,-74.2,137.0
-2.25,-74.1,142.0
-2.25,-74.0,147.0
-2.25,-73.9,142.0
-2.25,-73.8,143.0
-2.25,-73.7,170.0
-2.25,-73.6,151.0
-2.25,-73.5,151.0
-2.25,-73.4,178.0
-2.25,-73.3,156.0
-2.25,-73.2,155.0
-2.25,-73.1,133.0
-2.25,-73.0,146.0
-2.25,-72.9,161.0
-2.25,-72.8,139.0
-2.25,-72.7,155.0
-2.25,-72.6,139.0
-2.25,-72.5,162.0
-2.25,-72.4,161.0
-2.25,-72.3,144.0
-2.25,-72.2,160.0
-2.25,-72.1,131.0
-2.25,-72.0,122.0
-2.25,-71.9,106.0
-2.25,-71.8,128.0
-2.25,-71.7,105.0
-2.25,-71.6,97.0
-2.25,-71.5,109.0
-2.25,-71.4,123.0
-2.25,-71.3,118.0
-2.25,-71.2,125.0
-2.25,-71.1,101.0
-2.25,-71.0,91.0
-2.25,-70.9,96.0
-2.25,-70.8,90.0
-2.25,-70.7,118.0
-2.25,-70.6,116.0
-2.25,-70.5,125.0
-2.25,-70.4,132.0
-2.25,-70.3,129.0
-2.25,-70.2,132.0
-2.25,-70.1,125.0
-2.25,-70.0,137.0
-2.25,-69.9,136.0
-2.25,-69.8,125.0
-2.25,-69.7,127.0
-2.25,-69.6,126.0
-2.25,-69.5,124.0
-2.25,-69.4,112.0
-2.25,-69.3,104.0
-2.25,-69.2,138.0
-2.25,-69.1,139.0
-2.25,-69.0,128.0
-2.25,-68.9,113.0
-2.25,-68.8,124.0
-2.25,-68.7,124.0
-2.25,-68.6,111.0
-2.25,-68.5,119.0
-2.25,-68.4,106.0
-2.25,-68.3,112.0
-2.25,-68.2,110.0
-2.25,-68.1,113.0
-2.25,-68.0,107.0
-2.0,-82.0,-2461.0
-2.0,-81.9,-2514.0
-2.0,-81.8,-2585.0
-2.0,-81.7,-2485.0
-2.0,-81.6,-3012.0
-2.0,-81.5,-3661.0
-2.0,-81.4,-2807.0
-2.0,-81.3,-1285.0
-2.0,-81.2,-684.0
-2.0,-81.1,-212.0
-2.0,-81.0,-62.0
-2.0,-80.9,-30.0
-2.0,-80.8,-25.0
-2.0,-80.7,21.0
-2.0,-80.6,35.0
-2.0,-80.5,100.0
-2.0,-80.4,364.0
-2.0,-80.3,220.0
-2.0,-80.2,142.0
-2.0,-80.1,195.0
-2.0,-80.0,5.0
-2.0,-79.9,87.0
-2.0,-79.8,6.0
-2.0,-79.7,5.0
-2.0,-79.6,8.0
-2.0,-79.5,20.0
-2.0,-79.4,28.0
-2.0,-79.3,34.0
-2.0,-79.2,968.0
-2.0,-79.1,2296.0
-2.0,-79.0,2341.0
-2.0,-78.9,2899.0
-2.0,-78.8,3792.0
-2.0,-78.7,3525.0
-2.0,-78.6,3877.0
-2.0,-78.5,3881.0
-2.0,-78.4,3453.0
-2.0,-78.3,3115.0
-2.0,-78.2,1902.0
-2.0,-78.1,1431.0
-2.0,-78.0,1006.0
-2.0,-77.9,917.0
-2.0,-77.8,927.0
-2.0,-77.7,640.0
-2.0,-77.6,635.0
-2.0,-77.5,466.0
-2.0,-77.4,470.0
-2.0,-77.3,427.0
-2.0,-77.2,395.0
-2.0,-77.1,366.0
-2.0,-77.0,341.0
-2.0,-76.9,359.0
-2.0,-76.8,339.0
-2.0,-76.7,265.0
-2.0,-76.6,247.0
-2.0,-76.5,226.0
-2.0,-76.4,222.0
-2.0,-76.3,231.0
-2.0,-76.2,226.0
-2.0,-76.1,188.0
-2.0,-76.0,215.0
-2.0,-75.9,237.0
-2.0,-75.8,211.0
-2.0,-75.7,200.0
-2.0,-75.6,196.0
-2.0,-75.5,204.0
-2.0,-75.4,215.0
-2.0,-75.3,248.0
-2.0,-75.2,172.0
-2.0,-75.1,230.0
-2.0,-75.0,170.0
-2.0,-74.9,149.0
-2.0,-74.8,180.0
-2.0,-74.7,194.0
-2.0,-74.6,190.0
-2.0,-74.5,152.0
-2.0,-74.4,152.0
-2.0,-74.3,150.0
-2.0,-74.2,181.0
-2.0,-74.1,189.0
-2.0,-74.0,171.0
-2.0,-73.9,186.0
-2.0,-73.8,167.0
-2.0,-73.7,172.0
-2.0,-73.6,171.0
-2.0,-73.5,160.0
-2.0,-73.4,151.0
-2.0,-73.3,139.0
-2.0,-73.2,138.0
-2.0,-73.1,149.0
-2.0,-73.0,171.0
-2.0,-72.9,163.0
-2.0,-72.8,167.0
-2.0,-72.7,145.0
-2.0,-72.6,136.0
-2.0,-72.5,127.0
-2.0,-72.4,135.0
-2.0,-72.3,117.0
-2.0,-72.2,121.0
-2.0,-72.1,129.0
-2.0,-72.0,126.0
-2.0,-71.9,141.0
-2.0,-71.8,140.0
-2.0,-71.7,127.0
-2.0,-71.6,134.0
-2.0,-71.5,135.0
-2.0,-71.4,136.0
-2.0,-71.3,149.0
-2.0,-71.2,136.0
-2.0,-71.1,124.0
-2.0,-71.0,125.0
-2.0,-70.9,115.0
-2.0,-70.8,117.0
-2.0,-70.7,131.0
-2.0,-70.6,138.0
-2.0,-70.5,132.0
-2.0,-70.4,140.0
-2.0,-70.3,148.0
-2.0,-70.2,140.0
-2.0,-70.1,116.0
-2.0,-70.0,145.0
-2.0,-69.9,154.0
-2.0,-69.8,151.0
-2.0,-69.7,113.0
-2.0,-69.6,141.0
-2.0,-69.5,154.0
-2.0,-69.4,132.0
-2.0,-69.3,140.0
-2.0,-69.2,110.0
-2.0,-69.1,144.0
-2.0,-69.0,132.0
-2.0,-68.9,121.0
-2.0,-68.8,124.0
-2.0,-68.7,118.0
-2.0,-68.6,101.0
-2.0,-68.5,69.0
-2.0,-68.4,114.0
-2.0,-68.3,108.0
-2.0,-68.2,105.0
-2.0,-68.1,113.0
-2.0,-68.0,109.0
-1.75,-82.0,-2212.0
-1.75,-81.9,-1739.0
-1.75,-81.8,-2237.0
-1.75,-81.7,-2484.0
-1.75,-81.6,-2889.0
-1.75,-81.5,-3467.0
-1.75,-81.4,-2743.0
-1.75,-81.3,-1421.0
-1.75,-81.2,-869.0
-1.75,-81.1,-59.0
-1.75,-81.0,-53.0
-1.75,-80.9,-51.0
-1.75,-80.8,-17.0
-1.75,-80.7,233.0
-1.75,-80.6,504.0
-1.75,-80.5,533.0
-1.75,-80.4,253.0
-1.75,-80.3,91.0
-1.75,-80.2,59.0
-1.75,-80.1,21.0
-1.75,-80.0,8.0
-1.75,-79.9,8.0
-1.75,-79.8,6.0
-1.75,-79.7,6.0
-1.75,-79.6,7.0
-1.75,-79.5,8.0
-1.75,-79.4,12.0
-1.75,-79.3,80.0
-1.75,-79.2,1181.0
-1.75,-79.1,2631.0
-1.75,-79.0,2577.0
-1.75,-78.9,4149.0
-1.75,-78.8,3779.0
-1.75,-78.7,3461.0
-1.75,-78.6,2764.0
-1.75,-78.5,4043.0
-1.75,-78.4,3725.0
-1.75,-78.3,2220.0
-1.75,-78.2,2034.0
-1.75,-78.1,1177.0
-1.75,-78.0,951.0
-1.75,-77.9,869.0
-1.75,-77.8,719.0
-1.75,-77.7,522.0
-1.75,-77.6,478.0
-1.75,-77.5,465.0
-1.75,-77.4,404.0
-1.75,-77.3,417.0
-1.75,-77.2,414.0
-1.75,-77.1,312.0
-1.75,-77.0,379.0
-1.75,-76.9,355.0
-1.75,-76.8,276.0
-1.75,-76.7,283.0
-1.75,-76.6,247.0
-1.75,-76.5,223.0
-1.75,-76.4,246.0
-1.75,-76.3,248.0
-1.75,-76.2,253.0
-1.75,-76.1,233.0
-1.75,-76.0,253.0
-1.75,-75.9,237.0
-1.75,-75.8,234.0
-1.75,-75.7,237.0
-1.75,-75.6,261.0
-1.75,-75.5,262.0
-1.75,-75.4,217.0
-1.75,-75.3,273.0
-1.75,-75.2,251.0
-1.75,-75.1,162.0
-1.75,-75.0,189.0
-1.75,-74.9,176.0
-1.75,-74.8,180.0
-1.75,-74.7,144.0
-1.75,-74.6,162.0
-1.75,-74.5,164.0
-1.75,-74.4,198.0
-1.75,-74.3,188.0
-1.75,-74.2,188.0
-1.75,-74.1,157.0
-1.75,-74.0,143.0
-1.75,-73.9,160.0
-1.75,-73.8,178.0
-1.75,-73.7,175.0
-1.75,-73.6,182.0
-1.75,-73.5,173.0
-1.75,-73.4,146.0
-1.75,-73.3,137.0
-1.75,-73.2,143.0
-1.75,-73.1,164.0
-1.75,-73.0,144.0
-1.75,-72.9,165.0
-1.75,-72.8,159.0
-1.75,-72.7,157.0
-1.75,-72.6,138.0
-1.75,-72.5,122.0
-1.75,-72.4,139.0
-1.75,-72.3,144.0
-1.75,-72.2,156.0
-1.75,-72.1,143.0
-1.75,-72.0,126.0
-1.75,-71.9,139.0
-1.75,-71.8,132.0
-1.75,-71.7,110.0
-1.75,-71.6,137.0
-1.75,-71.5,126.0
-1.75,-71.4,122.0
-1.75,-71.3,126.0
-1.75,-71.2,144.0
-1.75,-71.1,152.0
-1.75,-71.0,153.0
-1.75,-70.9,143.0
-1.75,-70.8,133.0
-1.75,-70.7,116.0
-1.75,-70.6,115.0
-1.75,-70.5,135.0
-1.75,-70.4,132.0
-1.75,-70.3,138.0
-1.75,-70.2,158.0
-1.75,-70.1,140.0
-1.75,-70.0,153.0
-1.75,-69.9,129.0
-1.75,-69.8,133.0
-1.75,-69.7,144.0
-1.75,-69.6,157.0
-1.75,-69.5,143.0
-1.75,-69.4,142.0
-1.75,-69.3,94.0
-1.75,-69.2,75.0
-1.75,-69.1,85.0
-1.75,-69.0,87.0
-1.75,-68.9,81.0
-1.75,-68.8,83.0
-1.75,-68.7,73.0
-1.75,-68.6,63.0
-1.75,-68.5,64.0
-1.75,-68.4,72.0
-1.75,-68.3,79.0
-1.75,-68.2,93.0
-1.75,-68.1,96.0
-1.75,-68.0,93.0
-1.5,-82.0,-1864.0
-1.5,-81.9,-1927.0
-1.5,-81.8,-1702.0
-1.5,-81.7,-2270.0
-1.5,-81.6,-2326.0
-1.5,-81.5,-2962.0
-1.5,-81.4,-2304.0
-1.5,-81.3,-1865.0
-1.5,-81.2,-579.0
-1.5,-81.1,-131.0
-1.5,-81.0,-102.0
-1.5,-80.9,-51.0
-1.5,-80.8,40.0
-1.5,-80.7,453.0
-1.5,-80.6,338.0
-1.5,-80.5,434.0
-1.5,-80.4,262.0
-1.5,-80.3,182.0
-1.5,-80.2,150.0
-1.5,-80.1,46.0
-1.5,-80.0,24.0
-1.5,-79.9,24.0
-1.5,-79.8,22.0
-1.5,-79.7,23.0
-1.5,-79.6,19.0
-1.5,-79.5,17.0
-1.5,-79.4,65.0
-1.5,-79.3,317.0
-1.5,-79.2,1191.0
-1.5,-79.1,2272.0
-1.5,-79.0,3405.0
-1.5,-78.9,4008.0
-1.5,-78.8,4563.0
-1.5,-78.7,3611.0
-1.5,-78.6,3751.0
-1.5,-78.5,2631.0
-1.5,-78.4,3531.0
-1.5,-78.3,2988.0
-1.5,-78.2,1798.0
-1.5,-78.1,1238.0
-1.5,-78.0,921.0
-1.5,-77.9,766.0
-1.5,-77.8,709.0
-1.5,-77.7,636.0
-1.5,-77.6,539.0
-1.5,-77.5,431.0
-1.5,-77.4,354.0
-1.5,-77.3,419.0
-1.5,-77.2,373.0
-1.5,-77.1,402.0
-1.5,-77.0,302.0
-1.5,-76.9,306.0
-1.5,-76.8,289.0
-1.5,-76.7,284.0
-1.5,-76.6,232.0
-1.5,-76.5,245.0
-1.5,-76.4,258.0
-1.5,-76.3,237.0
-1.5,-76.2,264.0
-1.5,-76.1,244.0
-1.5,-76.0,218.0
-1.5,-75.9,210.0
-1.5,-75.8,211.0
-1.5,-75.7,214.0
-1.5,-75.6,185.0
-1.5,-75.5,210.0
-1.5,-75.4,193.0
-1.5,-75.3,211.0
-1.5,-75.2,180.0
-1.5,-75.1,209.0
-1.5,-75.0,184.0
-1.5,-74.9,189.0
-1.5,-74.8,169.0
-1.5,-74.7,165.0
-1.5,-74.6,196.0
-1.5,-74.5,204.0
-1.5,-74.4,181.0
-1.5,-74.3,176.0
-1.5,-74.2,164.0
-1.5,-74.1,192.0
-1.5,-74.0,174.0
-1.5,-73.9,170.0
-1.5,-73.8,158.0
-1.5,-73.7,163.0
-1.5,-73.6,165.0
-1.5,-73.5,148.0
-1.5,-73.4,160.0
-1.5,-73.3,155.0
-1.5,-73.2,178.0
-1.5,-73.1,184.0
-1.5,-73.0,180.0
-1.5,-72.9,162.0
-1.5,-72.8,172.0
-1.5,-72.7,146.0
-1.5,-72.6,140.0
-1.5,-72.5,159.0
-1.5,-72.4,167.0
-1.5,-72.3,159.0
-1.5,-72.2,151.0
-1.5,-72.1,141.0
-1.5,-72.0,128.0
-1.5,-71.9,139.0
-1.5,-71.8,140.0
-1.5,-71.7,140.0
-1.5,-71.6,137.0
-1.5,-71.5,129.0
-1.5,-71.4,107.0
-1.5,-71.3,124.0
-1.5,-71.2,120.0
-1.5,-71.1,107.0
-1.5,-71.0,131.0
-1.5,-70.9,133.0
-1.5,-70.8,150.0
-1.5,-70.7,140.0
-1.5,-70.6,123.0
-1.5,-70.5,101.0
-1.5,-70.4,100.0
-1.5,-70.3,92.0
-1.5,-70.2,102.0
-1.5,-70.1,91.0
-1.5,-70.0,82.0
-1.5,-69.9,126.0
-1.5,-69.8,137.0
-1.5,-69.7,163.0
-1.5,-69.6,141.0
-1.5,-69.5,101.0
-1.5,-69.4,84.0
-1.5,-69.3,120.0
-1.5,-69.2,131.0
-1.5,-69.1,132.0
-1.5,-69.0,129.0
-1.5,-68.9,126.0
-1.5,-68.8,114.0
-1.5,-68.7,121.0
-1.5,-68.6,118.0
-1.5,-68.5,110.0
-1.5,-68.4,103.0
-1.5,-68.3,110.0
-1.5,-68.2,106.0
-1.5,-68.1,97.0
-1.5,-68.0,96.0
-1.25,-82.0,-1340.0
-1.25,-81.9,-1427.0
-1.25,-81.8,-1738.0
-1.25,-81.7,-1819.0
-1.25,-81.6,-2092.0
-1.25,-81.5,-2523.0
-1.25,-81.4,-3172.0
-1.25,-81.3,-2404.0
-1.25,-81.2,-884.0
-1.25,-81.1,-72.0
-1.25,-81.0,-49.0
-1.25,-80.9,-19.0
-1.25,-80.8,22.0
-1.25,-80.7,207.0
-1.25,-80.6,267.0
-1.25,-80.5,302.0
-1.25,-80.4,273.0
-1.25,-80.3,204.0
-1.25,-80.2,231.0
-1.25,-80.1,117.0
-1.25,-80.0,73.0
-1.25,-79.9,34.0
-1.25,-79.8,49.0
-1.25,-79.7,38.0
-1.25,-79.6,40.0
-1.25,-79.5,42.0
-1.25,-79.4,59.0
-1.25,-79.3,147.0
-1.25,-79.2,473.0
-1.25,-79.1,2083.0
-1.25,-79.0,2603.0
-1.25,-78.9,4120.0
-1.25,-78.8,3939.0
-1.25,-78.7,3149.0
-1.25,-78.6,2481.0
-1.25,-78.5,2680.0
-1.25,-78.4,3485.0
-1.25,-78.3,3670.0
-1.25,-78.2,2425.0
-1.25,-78.1,2336.0
-1.25,-78.0,1117.0
-1.25,-77.9,584.0
-1.25,-77.8,872.0
-1.25,-77.7,620.0
-1.25,-77.6,644.0
-1.25,-77.5,391.0
-1.25,-77.4,438.0
-1.25,-77.3,349.0
-1.25,-77.2,354.0
-1.25,-77.1,287.0
-1.25,-77.0,348.0
-1.25,-76.9,339.0
-1.25,-76.8,277.0
-1.25,-76.7,265.0
-1.25,-76.6,227.0
-1.25,-76.5,235.0
-1.25,-76.4,228.0
-1.25,-76.3,241.0
-1.25,-76.2,231.0
-1.25,-76.1,232.0
-1.25,-76.0,232.0
-1.25,-75.9,239.0
-1.25,-75.8,207.0
-1.25,-75.7,222.0
-1.25,-75.6,215.0
-1.25,-75.5,217.0
-1.25,-75.4,256.0
-1.25,-75.3,192.0
-1.25,-75.2,208.0
-1.25,-75.1,193.0
-1.25,-75.0,192.0
-1.25,-74.9,173.0
-1.25,-74.8,181.0
-1.25,-74.7,206.0
-1.25,-74.6,207.0
-1.25,-74.5,205.0
-1.25,-74.4,180.0
-1.25,-74.3,165.0
-1.25,-74.2,192.0
-1.25,-74.1,185.0
-1.25,-74.0,190.0
-1.25,-73.9,179.0
-1.25,-73.8,155.0
-1.25,-73.7,148.0
-1.25,-73.6,170.0
-1.25,-73.5,166.0
-1.25,-73.4,181.0
-1.25,-73.3,191.0
-1.25,-73.2,177.0
-1.25,-73.1,170.0
-1.25,-73.0,166.0
-1.25,-72.9,149.0
-1.25,-72.8,165.0
-1.25,-72.7,179.0
-1.25,-72.6,167.0
-1.25,-72.5,164.0
-1.25,-72.4,162.0
-1.25,-72.3,162.0
-1.25,-72.2,136.0
-1.25,-72.1,133.0
-1.25,-72.0,159.0
-1.25,-71.9,177.0
-1.25,-71.8,155.0
-1.25,-71.7,156.0
-1.25,-71.6,156.0
-1.25,-71.5,146.0
-1.25,-71.4,147.0
-1.25,-71.3,154.0
-1.25,-71.2,148.0
-1.25,-71.1,150.0
-1.25,-71.0,86.0
-1.25,-70.9,86.0
-1.25,-70.8,133.0
-1.25,-70.7,118.0
-1.25,-70.6,121.0
-1.25,-70.5,134.0
-1.25,-70.4,135.0
-1.25,-70.3,121.0
-1.25,-70.2,128.0
-1.25,-70.1,115.0
-1.25,-70.0,91.0
-1.25,-69.9,83.0
-1.25,-69.8,84.0
-1.25,-69.7,107.0
-1.25,-69.6,116.0
-1.25,-69.5,73.0
-1.25,-69.4,91.0
-1.25,-69.3,149.0
-1.25,-69.2,146.0
-1.25,-69.1,136.0
-1.25,-69.0,140.0
-1.25,-68.9,128.0
-1.25,-68.8,129.0
-1.25,-68.7,104.0
-1.25,-68.6,96.0
-1.25,-68.5,110.0
-1.25,-68.4,107.0
-1.25,-68.3,108.0
-1.25,-68.2,104.0
-1.25,-68.1,78.0
-1.25,-68.0,96.0
-1.0,-82.0,-1242.0
-1.0,-81.9,-1537.0
-1.0,-81.8,-1534.0
-1.0,-81.7,-1642.0
-1.0,-81.6,-1925.0
-1.0,-81.5,-2275.0
-1.0,-81.4,-2869.0
-1.0,-81.3,-2516.0
-1.0,-81.2,-1916.0
-1.0,-81.1,-752.0
-1.0,-81.0,-233.0
-1.0,-80.9,-43.0
-1.0,-80.8,144.0
-1.0,-80.7,85.0
-1.0,-80.6,73.0
-1.0,-80.5,176.0
-1.0,-80.4,46.0
-1.0,-80.3,300.0
-1.0,-80.2,390.0
-1.0,-80.1,422.0
-1.0,-80.0,171.0
-1.0,-79.9,141.0
-1.0,-79.8,68.0
-1.0,-79.7,62.0
-1.0,-79.6,66.0
-1.0,-79.5,83.0
-1.0,-79.4,94.0
-1.0,-79.3,147.0
-1.0,-79.2,537.0
-1.0,-79.1,1149.0
-1.0,-79.0,2918.0
-1.0,-78.9,4183.0
-1.0,-78.8,4114.0
-1.0,-78.7,2956.0
-1.0,-78.6,2699.0
-1.0,-78.5,3621.0
-1.0,-78.4,3973.0
-1.0,-78.3,3364.0
-1.0,-78.2,2687.0
-1.0,-78.1,1944.0
-1.0,-78.0,1163.0
-1.0,-77.9,697.0
-1.0,-77.8,608.0
-1.0,-77.7,826.0
-1.0,-77.6,501.0
-1.0,-77.5,412.0
-1.0,-77.4,432.0
-1.0,-77.3,403.0
-1.0,-77.2,364.0
-1.0,-77.1,327.0
-1.0,-77.0,332.0
-1.0,-76.9,305.0
-1.0,-76.8,342.0
-1.0,-76.7,267.0
-1.0,-76.6,280.0
-1.0,-76.5,267.0
-1.0,-76.4,337.0
-1.0,-76.3,271.0
-1.0,-76.2,245.0
-1.0,-76.1,253.0
-1.0,-76.0,244.0
-1.0,-75.9,223.0
-1.0,-75.8,204.0
-1.0,-75.7,213.0
-1.0,-75.6,241.0
-1.0,-75.5,202.0
-1.0,-75.4,209.0
-1.0,-75.3,193.0
-1.0,-75.2,191.0
-1.0,-75.1,183.0
-1.0,-75.0,221.0
-1.0,-74.9,198.0
-1.0,-74.8,215.0
-1.0,-74.7,200.0
-1.0,-74.6,207.0
-1.0,-74.5,196.0
-1.0,-74.4,178.0
-1.0,-74.3,164.0
-1.0,-74.2,167.0
-1.0,-74.1,177.0
-1.0,-74.0,169.0
-1.0,-73.9,181.0
-1.0,-73.8,176.0
-1.0,-73.7,179.0
-1.0,-73.6,151.0
-1.0,-73.5,200.0
-1.0,-73.4,200.0
-1.0,-73.3,192.0
-1.0,-73.2,171.0
-1.0,-73.1,165.0
-1.0,-73.0,163.0
-1.0,-72.9,181.0
-1.0,-72.8,185.0
-1.0,-72.7,194.0
-1.0,-72.6,180.0
-1.0,-72.5,176.0
-1.0,-72.4,173.0
-1.0,-72.3,184.0
-1.0,-72.2,170.0
-1.0,-72.1,165.0
-1.0,-72.0,154.0
-1.0,-71.9,151.0
-1.0,-71.8,175.0
-1.0,-71.7,161.0
-1.0,-71.6,137.0
-1.0,-71.5,161.0
-1.0,-71.4,159.0
-1.0,-71.3,151.0
-1.0,-71.2,135.0
-1.0,-71.1,142.0
-1.0,-71.0,205.0
-1.0,-70.9,152.0
-1.0,-70.8,148.0
-1.0,-70.7,123.0
-1.0,-70.6,107.0
-1.0,-70.5,98.0
-1.0,-70.4,99.0
-1.0,-70.3,120.0
-1.0,-70.2,98.0
-1.0,-70.1,109.0
-1.0,-70.0,122.0
-1.0,-69.9,85.0
-1.0,-69.8,114.0
-1.0,-69.7,118.0
-1.0,-69.6,127.0
-1.0,-69.5,112.0
-1.0,-69.4,89.0
-1.0,-69.3,125.0
-1.0,-69.2,148.0
-1.0,-69.1,144.0
-1.0,-69.0,135.0
-1.0,-68.9,130.0
-1.0,-68.8,122.0
-1.0,-68.7,123.0
-1.0,-68.6,124.0
-1.0,-68.5,125.0
-1.0,-68.4,114.0
-1.0,-68.3,96.0
-1.0,-68.2,111.0
-1.0,-68.1,98.0
-1.0,-68.0,94.0
-0.75,-82.0,-1416.0
-0.75,-81.9,-1363.0
-0.75,-81.8,-1445.0
-0.75,-81.7,-1548.0
-0.75,-81.6,-1718.0
-0.75,-81.5,-1986.0
-0.75,-81.4,-2387.0
-0.75,-81.3,-3134.0
-0.75,-81.2,-2385.0
-0.75,-81.1,-1164.0
-0.75,-81.0,-239.0
-0.75,-80.9,-142.0
-0.75,-80.8,-97.0
-0.75,-80.7,-65.0
-0.75,-80.6,-41.0
-0.75,-80.5,75.0
-0.75,-80.4,290.0
-0.75,-80.3,103.0
-0.75,-80.2,33.0
-0.75,-80.1,97.0
-0.75,-80.0,139.0
-0.75,-79.9,215.0
-0.75,-79.8,168.0
-0.75,-79.7,115.0
-0.75,-79.6,87.0
-0.75,-79.5,118.0
-0.75,-79.4,132.0
-0.75,-79.3,248.0
-0.75,-79.2,392.0
-0.75,-79.1,890.0
-0.75,-79.0,2320.0
-0.75,-78.9,2876.0
-0.75,-78.8,3616.0
-0.75,-78.7,3260.0
-0.75,-78.6,3022.0
-0.75,-78.5,3484.0
-0.75,-78.4,4160.0
-0.75,-78.3,3892.0
-0.75,-78.2,3676.0
-0.75,-78.1,2393.0
-0.75,-78.0,2582.0
-0.75,-77.9,2066.0
-0.75,-77.8,1101.0
-0.75,-77.7,1100.0
-0.75,-77.6,1057.0
-0.75,-77.5,721.0
-0.75,-77.4,453.0
-0.75,-77.3,369.0
-0.75,-77.2,317.0
-0.75,-77.1,315.0
-0.75,-77.0,313.0
-0.75,-76.9,299.0
-0.75,-76.8,290.0
-0.75,-76.7,311.0
-0.75,-76.6,289.0
-0.75,-76.5,312.0
-0.75,-76.4,234.0
-0.75,-76.3,310.0
-0.75,-76.2,271.0
-0.75,-76.1,236.0
-0.75,-76.0,232.0
-0.75,-75.9,225.0
-0.75,-75.8,217.0
-0.75,-75.7,212.0
-0.75,-75.6,207.0
-0.75,-75.5,206.0
-0.75,-75.4,223.0
-0.75,-75.3,192.0
-0.75,-75.2,238.0
-0.75,-75.1,235.0
-0.75,-75.0,221.0
-0.75,-74.9,199.0
-0.75,-74.8,189.0
-0.75,-74.7,182.0
-0.75,-74.6,172.0
-0.75,-74.5,176.0
-0.75,-74.4,193.0
-0.75,-74.3,171.0
-0.75,-74.2,186.0
-0.75,-74.1,185.0
-0.75,-74.0,180.0
-0.75,-73.9,198.0
-0.75,-73.8,194.0
-0.75,-73.7,179.0
-0.75,-73.6,184.0
-0.75,-73.5,221.0
-0.75,-73.4,221.0
-0.75,-73.3,217.0
-0.75,-73.2,195.0
-0.75,-73.1,209.0
-0.75,-73.0,207.0
-0.75,-72.9,202.0
-0.75,-72.8,193.0
-0.75,-72.7,223.0
-0.75,-72.6,264.0
-0.75,-72.5,196.0
-0.75,-72.4,209.0
-0.75,-72.3,174.0
-0.75,-72.2,163.0
-0.75,-72.1,152.0
-0.75,-72.0,118.0
-0.75,-71.9,143.0
-0.75,-71.8,163.0
-0.75,-71.7,167.0
-0.75,-71.6,166.0
-0.75,-71.5,194.0
-0.75,-71.4,165.0
-0.75,-71.3,177.0
-0.75,-71.2,165.0
-0.75,-71.1,153.0
-0.75,-71.0,160.0
-0.75,-70.9,163.0
-0.75,-70.8,147.0
-0.75,-70.7,140.0
-0.75,-70.6,145.0
-0.75,-70.5,144.0
-0.75,-70.4,136.0
-0.75,-70.3,112.0
-0.75,-70.2,113.0
-0.75,-70.1,130.0
-0.75,-70.0,136.0
-0.75,-69.9,117.0
-0.75,-69.8,114.0
-0.75,-69.7,129.0
-0.75,-69.6,115.0
-0.75,-69.5,148.0
-0.75,-69.4,158.0
-0.75,-69.3,154.0
-0.75,-69.2,153.0
-0.75,-69.1,128.0
-0.75,-69.0,143.0
-0.75,-68.9,139.0
-0.75,-68.8,113.0
-0.75,-68.7,121.0
-0.75,-68.6,116.0
-0.75,-68.5,90.0
-0.75,-68.4,92.0
-0.75,-68.3,114.0
-0.75,-68.2,115.0
-0.75,-68.1,112.0
-0.75,-68.0,108.0
-0.5,-82.0,-1353.0
-0.5,-81.9,-1328.0
-0.5,-81.8,-898.0
-0.5,-81.7,-1367.0
-0.5,-81.6,-1527.0
-0.5,-81.5,-1755.0
-0.5,-81.4,-2065.0
-0.5,-81.3,-2406.0
-0.5,-81.2,-3107.0
-0.5,-81.1,-2344.0
-0.5,-81.0,-579.0
-0.5,-80.9,-515.0
-0.5,-80.8,-125.0
-0.5,-80.7,-83.0
-0.5,-80.6,-48.0
-0.5,-80.5,-7.0
-0.5,-80.4,24.0
-0.5,-80.3,184.0
-0.5,-80.2,240.0
-0.5,-80.1,417.0
-0.5,-80.0,291.0
-0.5,-79.9,341.0
-0.5,-79.8,259.0
-0.5,-79.7,188.0
-0.5,-79.6,142.0
-0.5,-79.5,168.0
-0.5,-79.4,180.0
-0.5,-79.3,235.0
-0.5,-79.2,774.0
-0.5,-79.1,1440.0
-0.5,-79.0,2247.0
-0.5,-78.9,2230.0
-0.5,-78.8,2705.0
-0.5,-78.7,2969.0
-0.5,-78.6,3076.0
-0.5,-78.5,3365.0
-0.5,-78.4,3673.0
-0.5,-78.3,3826.0
-0.5,-78.2,4169.0
-0.5,-78.1,4184.0
-0.5,-78.0,3343.0
-0.5,-77.9,2329.0
-0.5,-77.8,2830.0
-0.5,-77.7,2453.0
-0.5,-77.6,2000.0
-0.5,-77.5,1489.0
-0.5,-77.4,512.0
-0.5,-77.3,317.0
-0.5,-77.2,294.0
-0.5,-77.1,299.0
-0.5,-77.0,266.0
-0.5,-76.9,292.0
-0.5,-76.8,271.0
-0.5,-76.7,265.0
-0.5,-76.6,262.0
-0.5,-76.5,253.0
-0.5,-76.4,231.0
-0.5,-76.3,244.0
-0.5,-76.2,237.0
-0.5,-76.1,232.0
-0.5,-76.0,228.0
-0.5,-75.9,224.0
-0.5,-75.8,220.0
-0.5,-75.7,214.0
-0.5,-75.6,205.0
-0.5,-75.5,205.0
-0.5,-75.4,205.0
-0.5,-75.3,187.0
-0.5,-75.2,214.0
-0.5,-75.1,213.0
-0.5,-75.0,219.0
-0.5,-74.9,205.0
-0.5,-74.8,187.0
-0.5,-74.7,207.0
-0.5,-74.6,206.0
-0.5,-74.5,193.0
-0.5,-74.4,182.0
-0.5,-74.3,195.0
-0.5,-74.2,196.0
-0.5,-74.1,196.0
-0.5,-74.0,211.0
-0.5,-73.9,210.0
-0.5,-73.8,195.0
-0.5,-73.7,199.0
-0.5,-73.6,178.0
-0.5,-73.5,165.0
-0.5,-73.4,156.0
-0.5,-73.3,165.0
-0.5,-73.2,191.0
-0.5,-73.1,173.0
-0.5,-73.0,174.0
-0.5,-72.9,208.0
-0.5,-72.8,212.0
-0.5,-72.7,224.0
-0.5,-72.6,255.0
-0.5,-72.5,314.0
-0.5,-72.4,171.0
-0.5,-72.3,153.0
-0.5,-72.2,172.0
-0.5,-72.1,154.0
-0.5,-72.0,169.0
-0.5,-71.9,154.0
-0.5,-71.8,191.0
-0.5,-71.7,171.0
-0.5,-71.6,159.0
-0.5,-71.5,192.0
-0.5,-71.4,189.0
-0.5,-71.3,181.0
-0.5,-71.2,159.0
-0.5,-71.1,173.0
-0.5,-71.0,163.0
-0.5,-70.9,167.0
-0.5,-70.8,159.0
-0.5,-70.7,143.0
-0.5,-70.6,136.0
-0.5,-70.5,108.0
-0.5,-70.4,135.0
-0.5,-70.3,126.0
-0.5,-70.2,144.0
-0.5,-70.1,143.0
-0.5,-70.0,134.0
-0.5,-69.9,157.0
-0.5,-69.8,177.0
-0.5,-69.7,140.0
-0.5,-69.6,128.0
-0.5,-69.5,150.0
-0.5,-69.4,161.0
-0.5,-69.3,155.0
-0.5,-69.2,156.0
-0.5,-69.1,146.0
-0.5,-69.0,139.0
-0.5,-68.9,122.0
-0.5,-68.8,132.0
-0.5,-68.7,126.0
-0.5,-68.6,121.0
-0.5,-68.5,117.0
-0.5,-68.4,112.0
-0.5,-68.3,110.0
-0.5,-68.2,112.0
-0.5,-68.1,113.0
-0.5,-68.0,108.0
-0.25,-82.0,-1063.0
-0.25,-81.9,-789.0
-0.25,-81.8,-750.0
-0.25,-81.7,-985.0
-0.25,-81.6,-1262.0
-0.25,-81.5,-1362.0
-0.25,-81.4,-1630.0
-0.25,-81.3,-1983.0
-0.25,-81.2,-2363.0
-0.25,-81.1,-3035.0
-0.25,-81.0,-1266.0
-0.25,-80.9,-482.0
-0.25,-80.8,-101.0
-0.25,-80.7,-100.0
-0.25,-80.6,-99.0
-0.25,-80.5,-65.0
-0.25,-80.4,-3.0
-0.25,-80.3,128.0
-0.25,-80.2,437.0
-0.25,-80.1,274.0
-0.25,-80.0,231.0
-0.25,-79.9,260.0
-0.25,-79.8,217.0
-0.25,-79.7,244.0
-0.25,-79.6,209.0
-0.25,-79.5,227.0
-0.25,-79.4,273.0
-0.25,-79.3,362.0
-0.25,-79.2,510.0
-0.25,-79.1,730.0
-0.25,-79.0,1003.0
-0.25,-78.9,1250.0
-0.25,-78.8,1999.0
-0.25,-78.7,2547.0
-0.25,-78.6,3006.0
-0.25,-78.5,2980.0
-0.25,-78.4,2781.0
-0.25,-78.3,2984.0
-0.25,-78.2,4144.0
-0.25,-78.1,3897.0
-0.25,-78.0,3225.0
-0.25,-77.9,2324.0
-0.25,-77.8,2135.0
-0.25,-77.7,1409.0
-0.25,-77.6,1858.0
-0.25,-77.5,1265.0
-0.25,-77.4,933.0
-0.25,-77.3,416.0
-0.25,-77.2,309.0
-0.25,-77.1,310.0
-0.25,-77.0,314.0
-0.25,-76.9,292.0
-0.25,-76.8,279.0
-0.25,-76.7,275.0
-0.25,-76.6,260.0
-0.25,-76.5,249.0
-0.25,-76.4,253.0
-0.25,-76.3,246.0
-0.25,-76.2,252.0
-0.25,-76.1,246.0
-0.25,-76.0,234.0
-0.25,-75.9,224.0
-0.25,-75.8,249.0
-0.25,-75.7,262.0
-0.25,-75.6,226.0
-0.25,-75.5,216.0
-0.25,-75.4,218.0
-0.25,-75.3,233.0
-0.25,-75.2,221.0
-0.25,-75.1,216.0
-0.25,-75.0,198.0
-0.25,-74.9,194.0
-0.25,-74.8,197.0
-0.25,-74.7,187.0
-0.25,-74.6,200.0
-0.25,-74.5,207.0
-0.25,-74.4,222.0
-0.25,-74.3,195.0
-0.25,-74.2,174.0
-0.25,-74.1,165.0
-0.25,-74.0,168.0
-0.25,-73.9,183.0
-0.25,-73.8,192.0
-0.25,-73.7,191.0
-0.25,-73.6,195.0
-0.25,-73.5,195.0
-0.25,-73.4,185.0
-0.25,-73.3,168.0
-0.25,-73.2,188.0
-0.25,-73.1,252.0
-0.25,-73.0,222.0
-0.25,-72.9,195.0
-0.25,-72.8,196.0
-0.25,-72.7,248.0
-0.25,-72.6,351.0
-0.25,-72.5,198.0
-0.25,-72.4,145.0
-0.25,-72.3,142.0
-0.25,-72.2,164.0
-0.25,-72.1,172.0
-0.25,-72.0,183.0
-0.25,-71.9,193.0
-0.25,-71.8,200.0
-0.25,-71.7,198.0
-0.25,-71.6,193.0
-0.25,-71.5,190.0
-0.25,-71.4,201.0
-0.25,-71.3,188.0
-0.25,-71.2,162.0
-0.25,-71.1,169.0
-0.25,-71.0,163.0
-0.25,-70.9,145.0
-0.25,-70.8,190.0
-0.25,-70.7,177.0
-0.25,-70.6,172.0
-0.25,-70.5,158.0
-0.25,-70.4,163.0
-0.25,-70.3,154.0
-0.25,-70.2,146.0
-0.25,-70.1,143.0
-0.25,-70.0,155.0
-0.25,-69.9,162.0
-0.25,-69.8,183.0
-0.25,-69.7,165.0
-0.25,-69.6,303.0
-0.25,-69.5,143.0
-0.25,-69.4,127.0
-0.25,-69.3,122.0
-0.25,-69.2,130.0
-0.25,-69.1,124.0
-0.25,-69.0,130.0
-0.25,-68.9,126.0
-0.25,-68.8,100.0
-0.25,-68.7,124.0
-0.25,-68.6,125.0
-0.25,-68.5,118.0
-0.25,-68.4,115.0
-0.25,-68.3,106.0
-0.25,-68.2,100.0
-0.25,-68.1,107.0
-0.25,-68.0,92.0
0.0,-82.0,-1296.0
0.0,-81.9,-1175.0
0.0,-81.8,-1147.0
0.0,-81.7,-1115.0
0.0,-81.6,-1173.0
0.0,-81.5,-1394.0
0.0,-81.4,-1455.0
0.0,-81.3,-1649.0
0.0,-81.2,-2232.0
0.0,-81.1,-2564.0
0.0,-81.0,-2982.0
0.0,-80.9,-2233.0
0.0,-80.8,-1448.0
0.0,-80.7,-1017.0
0.0,-80.6,-183.0
0.0,-80.5,-74.0
0.0,-80.4,-101.0
0.0,-80.3,-48.0
0.0,-80.2,-20.0
0.0,-80.1,64.0
0.0,-80.0,439.0
0.0,-79.9,136.0
0.0,-79.8,310.0
0.0,-79.7,242.0
0.0,-79.6,148.0
0.0,-79.5,185.0
0.0,-79.4,217.0
0.0,-79.3,306.0
0.0,-79.2,394.0
0.0,-79.1,568.0
0.0,-79.0,773.0
0.0,-78.9,1014.0
0.0,-78.8,1459.0
0.0,-78.7,2094.0
0.0,-78.6,2685.0
0.0,-78.5,2877.0
0.0,-78.4,2003.0
0.0,-78.3,2391.0
0.0,-78.2,2777.0
0.0,-78.1,3236.0
0.0,-78.0,4588.0
0.0,-77.9,3366.0
0.0,-77.8,2173.0
0.0,-77.7,2365.0
0.0,-77.6,1274.0
0.0,-77.5,1264.0
0.0,-77.4,642.0
0.0,-77.3,678.0
0.0,-77.2,380.0
0.0,-77.1,363.0
0.0,-77.0,334.0
0.0,-76.9,323.0
0.0,-76.8,302.0
0.0,-76.7,287.0
0.0,-76.6,277.0
0.0,-76.5,308.0
0.0,-76.4,288.0
0.0,-76.3,240.0
0.0,-76.2,220.0
0.0,-76.1,256.0
0.0,-76.0,264.0
0.0,-75.9,238.0
0.0,-75.8,267.0
0.0,-75.7,229.0
0.0,-75.6,221.0
0.0,-75.5,229.0
0.0,-75.4,220.0
0.0,-75.3,225.0
0.0,-75.2,215.0
0.0,-75.1,215.0
0.0,-75.0,195.0
0.0,-74.9,206.0
0.0,-74.8,196.0
0.0,-74.7,188.0
0.0,-74.6,203.0
0.0,-74.5,207.0
0.0,-74.4,186.0
0.0,-74.3,188.0
0.0,-74.2,183.0
0.0,-74.1,200.0
0.0,-74.0,197.0
0.0,-73.9,212.0
0.0,-73.8,208.0
0.0,-73.7,200.0
0.0,-73.6,213.0
0.0,-73.5,218.0
0.0,-73.4,219.0
0.0,-73.3,211.0
0.0,-73.2,215.0
0.0,-73.1,192.0
0.0,-73.0,197.0
0.0,-72.9,234.0
0.0,-72.8,236.0
0.0,-72.7,192.0
0.0,-72.6,170.0
0.0,-72.5,214.0
0.0,-72.4,162.0
0.0,-72.3,158.0
0.0,-72.2,124.0
0.0,-72.1,161.0
0.0,-72.0,179.0
0.0,-71.9,181.0
0.0,-71.8,196.0
0.0,-71.7,203.0
0.0,-71.6,201.0
0.0,-71.5,204.0
0.0,-71.4,198.0
0.0,-71.3,183.0
0.0,-71.2,187.0
0.0,-71.1,161.0
0.0,-71.0,169.0
0.0,-70.9,201.0
0.0,-70.8,228.0
0.0,-70.7,181.0
0.0,-70.6,157.0
0.0,-70.5,138.0
0.0,-70.4,165.0
0.0,-70.3,176.0
0.0,-70.2,166.0
0.0,-70.1,161.0
0.0,-70.0,163.0
0.0,-69.9,164.0
0.0,-69.8,146.0
0.0,-69.7,141.0
0.0,-69.6,181.0
0.0,-69.5,148.0
0.0,-69.4,158.0
0.0,-69.3,162.0
0.0,-69.2,147.0
0.0,-69.1,134.0
0.0,-69.0,120.0
0.0,-68.9,110.0
0.0,-68.8,104.0
0.0,-68.7,99.0
0.0,-68.6,85.0
0.0,-68.5,94.0
0.0,-68.4,101.0
0.0,-68.3,94.0
0.0,-68.2,85.0
0.0,-68.1,113.0
0.0,-68.0,105.0
0.25,-82.0,-2587.0
0.25,-81.9,-2169.0
0.25,-81.8,-1615.0
0.25,-81.7,-1605.0
0.25,-81.6,-1733.0
0.25,-81.5,-1871.0
0.25,-81.4,-1941.0
0.25,-81.3,-1986.0
0.25,-81.2,-2203.0
0.25,-81.1,-2469.0
0.25,-81.0,-2869.0
0.25,-80.9,-3560.0
0.25,-80.8,-2961.0
0.25,-80.7,-1657.0
0.25,-80.6,-763.0
0.25,-80.5,-143.0
0.25,-80.4,-85.0
0.25,-80.3,-60.0
0.25,-80.2,-35.0
0.25,-80.1,-22.0
0.25,-80.0,0.0
0.25,-79.9,23.0
0.25,-79.8,278.0
0.25,-79.7,247.0
0.25,-79.6,149.0
0.25,-79.5,106.0
0.25,-79.4,101.0
0.25,-79.3,141.0
0.25,-79.2,204.0
0.25,-79.1,396.0
0.25,-79.0,454.0
0.25,-78.9,773.0
0.25,-78.8,881.0
0.25,-78.7,1288.0
0.25,-78.6,1326.0
0.25,-78.5,2315.0
0.25,-78.4,3130.0
0.25,-78.3,2612.0
0.25,-78.2,3588.0
0.25,-78.1,2814.0
0.25,-78.0,3564.0
0.25,-77.9,3389.0
0.25,-77.8,2840.0
0.25,-77.7,2056.0
0.25,-77.6,1213.0
0.25,-77.5,780.0
0.25,-77.4,570.0
0.25,-77.3,545.0
0.25,-77.2,381.0
0.25,-77.1,361.0
0.25,-77.0,317.0
0.25,-76.9,281.0
0.25,-76.8,280.0
0.25,-76.7,297.0
0.25,-76.6,280.0
0.25,-76.5,267.0
0.25,-76.4,254.0
0.25,-76.3,270.0
0.25,-76.2,271.0
0.25,-76.1,267.0
0.25,-76.0,225.0
0.25,-75.9,265.0
0.25,-75.8,257.0
0.25,-75.7,252.0
0.25,-75.6,240.0
0.25,-75.5,236.0
0.25,-75.4,227.0
0.25,-75.3,236.0
0.25,-75.2,238.0
0.25,-75.1,230.0
0.25,-75.0,216.0
0.25,-74.9,177.0
0.25,-74.8,193.0
0.25,-74.7,183.0
0.25,-74.6,209.0
0.25,-74.5,202.0
0.25,-74.4,213.0
0.25,-74.3,190.0
0.25,-74.2,200.0
0.25,-74.1,180.0
0.25,-74.0,211.0
0.25,-73.9,216.0
0.25,-73.8,235.0
0.25,-73.7,224.0
0.25,-73.6,216.0
0.25,-73.5,223.0
0.25,-73.4,197.0
0.25,-73.3,198.0
0.25,-73.2,226.0
0.25,-73.1,264.0
0.25,-73.0,243.0
0.25,-72.9,244.0
0.25,-72.8,249.0
0.25,-72.7,291.0
0.25,-72.6,265.0
0.25,-72.5,137.0
0.25,-72.4,157.0
0.25,-72.3,176.0
0.25,-72.2,178.0
0.25,-72.1,184.0
0.25,-72.0,185.0
0.25,-71.9,205.0
0.25,-71.8,213.0
0.25,-71.7,174.0
0.25,-71.6,186.0
0.25,-71.5,202.0
0.25,-71.4,215.0
0.25,-71.3,185.0
0.25,-71.2,194.0
0.25,-71.1,188.0
0.25,-71.0,176.0
0.25,-70.9,189.0
0.25,-70.8,302.0
0.25,-70.7,223.0
0.25,-70.6,237.0
0.25,-70.5,190.0
0.25,-70.4,180.0
0.25,-70.3,179.0
0.25,-70.2,178.0
0.25,-70.1,165.0
0.25,-70.0,157.0
0.25,-69.9,155.0
0.25,-69.8,120.0
0.25,-69.7,131.0
0.25,-69.6,128.0
0.25,-69.5,132.0
0.25,-69.4,117.0
0.25,-69.3,120.0
0.25,-69.2,141.0
0.25,-69.1,141.0
0.25,-69.0,131.0
0.25,-68.9,136.0
0.25,-68.8,119.0
0.25,-68.7,115.0
0.25,-68.6,131.0
0.25,-68.5,107.0
0.25,-68.4,116.0
0.25,-68.3,106.0
0.25,-68.2,107.0
0.25,-68.1,107.0
0.25,-68.0,97.0
0.5,-82.0,-3241.0
0.5,-81.9,-3231.0
0.5,-81.8,-2972.0
0.5,-81.7,-2543.0
0.5,-81.6,-2344.0
0.5,-81.5,-2320.0
0.5,-81.4,-2525.0
0.5,-81.3,-2690.0
0.5,-81.2,-2719.0
0.5,-81.1,-2889.0
0.5,-81.0,-3061.0
0.5,-80.9,-3379.0
0.5,-80.8,-3487.0
0.5,-80.7,-2986.0
0.5,-80.6,-2158.0
0.5,-80.5,-1617.0
0.5,-80.4,-837.0
0.5,-80.3,-126.0
0.5,-80.2,-92.0
0.5,-80.1,-18.0
0.5,-80.0,40.0
0.5,-79.9,59.0
0.5,-79.8,286.0
0.5,-79.7,323.0
0.5,-79.6,321.0
0.5,-79.5,287.0
0.5,-79.4,251.0
0.5,-79.3,207.0
0.5,-79.2,524.0
0.5,-79.1,570.0
0.5,-79.0,569.0
0.5,-78.9,1123.0
0.5,-78.8,1572.0
0.5,-78.7,1183.0
0.5,-78.6,2146.0
0.5,-78.5,2548.0
0.5,-78.4,3347.0
0.5,-78.3,3517.0
0.5,-78.2,2341.0
0.5,-78.1,1657.0
0.5,-78.0,2015.0
0.5,-77.9,2596.0
0.5,-77.8,3104.0
0.5,-77.7,3079.0
0.5,-77.6,2957.0
0.5,-77.5,2334.0
0.5,-77.4,2623.0
0.5,-77.3,1333.0
0.5,-77.2,586.0
0.5,-77.1,465.0
0.5,-77.0,443.0
0.5,-76.9,347.0
0.5,-76.8,310.0
0.5,-76.7,292.0
0.5,-76.6,274.0
0.5,-76.5,254.0
0.5,-76.4,260.0
0.5,-76.3,258.0
0.5,-76.2,268.0
0.5,-76.1,260.0
0.5,-76.0,251.0
0.5,-75.9,246.0
0.5,-75.8,244.0
0.5,-75.7,246.0
0.5,-75.6,227.0
0.5,-75.5,222.0
0.5,-75.4,207.0
0.5,-75.3,222.0
0.5,-75.2,189.0
0.5,-75.1,188.0
0.5,-75.0,222.0
0.5,-74.9,228.0
0.5,-74.8,226.0
0.5,-74.7,219.0
0.5,-74.6,234.0
0.5,-74.5,214.0
0.5,-74.4,207.0
0.5,-74.3,197.0
0.5,-74.2,180.0
0.5,-74.1,209.0
0.5,-74.0,239.0
0.5,-73.9,235.0
0.5,-73.8,232.0
0.5,-73.7,235.0
0.5,-73.6,203.0
0.5,-73.5,217.0
0.5,-73.4,230.0
0.5,-73.3,243.0
0.5,-73.2,385.0
0.5,-73.1,383.0
0.5,-73.0,266.0
0.5,-72.9,251.0
0.5,-72.8,354.0
0.5,-72.7,199.0
0.5,-72.6,273.0
0.5,-72.5,180.0
0.5,-72.4,209.0
0.5,-72.3,184.0
0.5,-72.2,191.0
0.5,-72.1,213.0
0.5,-72.0,210.0
0.5,-71.9,183.0
0.5,-71.8,189.0
0.5,-71.7,191.0
0.5,-71.6,189.0
0.5,-71.5,194.0
0.5,-71.4,202.0
0.5,-71.3,199.0
0.5,-71.2,228.0
0.5,-71.1,216.0
0.5,-71.0,207.0
0.5,-70.9,212.0
0.5,-70.8,237.0
0.5,-70.7,227.0
0.5,-70.6,191.0
0.5,-70.5,220.0
0.5,-70.4,194.0
0.5,-70.3,196.0
0.5,-70.2,193.0
0.5,-70.1,177.0
0.5,-70.0,181.0
0.5,-69.9,183.0
0.5,-69.8,168.0
0.5,-69.7,163.0
0.5,-69.6,153.0
0.5,-69.5,153.0
0.5,-69.4,169.0
0.5,-69.3,144.0
0.5,-69.2,146.0
0.5,-69.1,123.0
0.5,-69.0,127.0
0.5,-68.9,111.0
0.5,-68.8,119.0
0.5,-68.7,118.0
0.5,-68.6,135.0
0.5,-68.5,126.0
0.5,-68.4,104.0
0.5,-68.3,110.0
0.5,-68.2,115.0
0.5,-68.1,111.0
0.5,-68.0,107.0
0.75,-82.0,-3211.0
0.75,-81.9,-3362.0
0.75,-81.8,-2991.0
0.75,-81.7,-2964.0
0.75,-81.6,-3131.0
0.75,-81.5,-3081.0
0.75,-81.4,-3030.0
0.75,-81.3,-3074.0
0.75,-81.2,-3026.0
0.75,-81.1,-3125.0
0.75,-81.0,-3110.0
0.75,-80.9,-3245.0
0.75,-80.8,-2908.0
0.75,-80.7,-3622.0
0.75,-80.6,-3377.0
0.75,-80.5,-2403.0
0.75,-80.4,-1601.0
0.75,-80.3,-948.0
0.75,-80.2,-114.0
0.75,-80.1,75.0
0.75,-80.0,154.0
0.75,-79.9,108.0
0.75,-79.8,262.0
0.75,-79.7,166.0
0.75,-79.6,233.0
0.75,-79.5,308.0
0.75,-79.4,130.0
0.75,-79.3,213.0
0.75,-79.2,120.0
0.75,-79.1,124.0
0.75,-79.0,130.0
0.75,-78.9,61.0
0.75,-78.8,159.0
0.75,-78.7,948.0
0.75,-78.6,1366.0
0.75,-78.5,1566.0
0.75,-78.4,1266.0
0.75,-78.3,1792.0
0.75,-78.2,1545.0
0.75,-78.1,2998.0
0.75,-78.0,3915.0
0.75,-77.9,3789.0
0.75,-77.8,3396.0
0.75,-77.7,3263.0
0.75,-77.6,3115.0
0.75,-77.5,3149.0
0.75,-77.4,2753.0
0.75,-77.3,2257.0
0.75,-77.2,2062.0
0.75,-77.1,1204.0
0.75,-77.0,883.0
0.75,-76.9,472.0
0.75,-76.8,387.0
0.75,-76.7,311.0
0.75,-76.6,292.0
0.75,-76.5,290.0
0.75,-76.4,290.0
0.75,-76.3,296.0
0.75,-76.2,292.0
0.75,-76.1,284.0
0.75,-76.0,262.0
0.75,-75.9,246.0
0.75,-75.8,239.0
0.75,-75.7,233.0
0.75,-75.6,215.0
0.75,-75.5,212.0
0.75,-75.4,199.0
0.75,-75.3,200.0
0.75,-75.2,212.0
0.75,-75.1,234.0
0.75,-75.0,268.0
0.75,-74.9,260.0
0.75,-74.8,235.0
0.75,-74.7,245.0
0.75,-74.6,201.0
0.75,-74.5,218.0
0.75,-74.4,240.0
0.75,-74.3,229.0
0.75,-74.2,232.0
0.75,-74.1,217.0
0.75,-74.0,225.0
0.75,-73.9,239.0
0.75,-73.8,221.0
0.75,-73.7,226.0
0.75,-73.6,221.0
0.75,-73.5,228.0
0.75,-73.4,244.0
0.75,-73.3,228.0
0.75,-73.2,246.0
0.75,-73.1,261.0
0.75,-73.0,238.0
0.75,-72.9,425.0
0.75,-72.8,378.0
0.75,-72.7,231.0
0.75,-72.6,213.0
0.75,-72.5,212.0
0.75,-72.4,212.0
0.75,-72.3,208.0
0.75,-72.2,187.0
0.75,-72.1,192.0
0.75,-72.0,194.0
0.75,-71.9,202.0
0.75,-71.8,211.0
0.75,-71.7,206.0
0.75,-71.6,231.0
0.75,-71.5,226.0
0.75,-71.4,230.0
0.75,-71.3,227.0
0.75,-71.2,231.0
0.75,-71.1,214.0
0.75,-71.0,214.0
0.75,-70.9,216.0
0.75,-70.8,257.0
0.75,-70.7,400.0
0.75,-70.6,207.0
0.75,-70.5,207.0
0.75,-70.4,218.0
0.75,-70.3,203.0
0.75,-70.2,198.0
0.75,-70.1,207.0
0.75,-70.0,194.0
0.75,-69.9,192.0
0.75,-69.8,169.0
0.75,-69.7,172.0
0.75,-69.6,161.0
0.75,-69.5,138.0
0.75,-69.4,143.0
0.75,-69.3,161.0
0.75,-69.2,129.0
0.75,-69.1,135.0
0.75,-69.0,148.0
0.75,-68.9,144.0
0.75,-68.8,126.0
0.75,-68.7,131.0
0.75,-68.6,133.0
0.75,-68.5,128.0
0.75,-68.4,112.0
0.75,-68.3,116.0
0.75,-68.2,97.0
0.75,-68.1,114.0
0.75,-68.0,110.0
1.0,-82.0,-3483.0
1.0,-81.9,-3513.0
1.0,-81.8,-3398.0
1.0,-81.7,-2736.0
1.0,-81.6,-3076.0
1.0,-81.5,-2859.0
1.0,-81.4,-3115.0
1.0,-81.3,-3117.0
1.0,-81.2,-3023.0
1.0,-81.1,-3088.0
1.0,-81.0,-3129.0
1.0,-80.9,-3124.0
1.0,-80.8,-2853.0
1.0,-80.7,-3764.0
1.0,-80.6,-3645.0
1.0,-80.5,-3954.0
1.0,-80.4,-3341.0
1.0,-80.3,-1563.0
1.0,-80.2,-1056.0
1.0,-80.1,-83.0
1.0,-80.0,-28.0
1.0,-79.9,-13.0
1.0,-79.8,-20.0
1.0,-79.7,-48.0
1.0,-79.6,-1.0
1.0,-79.5,84.0
1.0,-79.4,112.0
1.0,-79.3,113.0
1.0,-79.2,45.0
1.0,-79.1,58.0
1.0,-79.0,44.0
1.0,-78.9,39.0
1.0,-78.8,53.0
1.0,-78.7,122.0
1.0,-78.6,469.0
1.0,-78.5,536.0
1.0,-78.4,1104.0
1.0,-78.3,933.0
1.0,-78.2,1089.0
1.0,-78.1,1603.0
1.0,-78.0,2129.0
1.0,-77.9,3010.0
1.0,-77.8,3675.0
1.0,-77.7,3013.0
1.0,-77.6,3396.0
1.0,-77.5,2543.0
1.0,-77.4,2973.0
1.0,-77.3,3510.0
1.0,-77.2,2848.0
1.0,-77.1,2809.0
1.0,-77.0,3346.0
1.0,-76.9,2205.0
1.0,-76.8,1818.0
1.0,-76.7,612.0
1.0,-76.6,392.0
1.0,-76.5,400.0
1.0,-76.4,285.0
1.0,-76.3,264.0
1.0,-76.2,245.0
1.0,-76.1,242.0
1.0,-76.0,236.0
1.0,-75.9,233.0
1.0,-75.8,233.0
1.0,-75.7,224.0
1.0,-75.6,260.0
1.0,-75.5,238.0
1.0,-75.4,234.0
1.0,-75.3,208.0
1.0,-75.2,210.0
1.0,-75.1,234.0
1.0,-75.0,292.0
1.0,-74.9,239.0
1.0,-74.8,255.0
1.0,-74.7,205.0
1.0,-74.6,244.0
1.0,-74.5,251.0
1.0,-74.4,253.0
1.0,-74.3,216.0
1.0,-74.2,228.0
1.0,-74.1,240.0
1.0,-74.0,231.0
1.0,-73.9,244.0
1.0,-73.8,227.0
1.0,-73.7,231.0
1.0,-73.6,246.0
1.0,-73.5,233.0
1.0,-73.4,249.0
1.0,-73.3,234.0
1.0,-73.2,218.0
1.0,-73.1,228.0
1.0,-73.0,226.0
1.0,-72.9,230.0
1.0,-72.8,267.0
1.0,-72.7,351.0
1.0,-72.6,229.0
1.0,-72.5,253.0
1.0,-72.4,189.0
1.0,-72.3,232.0
1.0,-72.2,238.0
1.0,-72.1,214.0
1.0,-72.0,195.0
1.0,-71.9,202.0
1.0,-71.8,237.0
1.0,-71.7,230.0
1.0,-71.6,222.0
1.0,-71.5,228.0
1.0,-71.4,206.0
1.0,-71.3,210.0
1.0,-71.2,220.0
1.0,-71.1,224.0
1.0,-71.0,241.0
1.0,-70.9,234.0
1.0,-70.8,212.0
1.0,-70.7,193.0
1.0,-70.6,208.0
1.0,-70.5,225.0
1.0,-70.4,225.0
1.0,-70.3,209.0
1.0,-70.2,222.0
1.0,-70.1,197.0
1.0,-70.0,183.0
1.0,-69.9,176.0
1.0,-69.8,172.0
1.0,-69.7,180.0
1.0,-69.6,181.0
1.0,-69.5,177.0
1.0,-69.4,176.0
1.0,-69.3,156.0
1.0,-69.2,126.0
1.0,-69.1,153.0
1.0,-69.0,156.0
1.0,-68.9,151.0
1.0,-68.8,145.0
1.0,-68.7,133.0
1.0,-68.6,134.0
1.0,-68.5,127.0
1.0,-68.4,123.0
1.0,-68.3,120.0
1.0,-68.2,116.0
1.0,-68.1,105.0
1.0,-68.0,106.0
